ts,GC=F,GLD,IEF,TLT,TIP,SHY,BIL,UUP,EURUSD=X,JPY=X,CNY=X,CL=F,HG=F,DBC,ES=F,NQ=F,RTY=F,BTC-USD,HYG,JNK,LQD,^VIX,^VVIX,^MOVE,FXI,KWEB,EWJ,SPY,QQQ,IWM
2026-06-26T04:30:36,4046.89990234375,369.4599914550781,94.79000091552734,87.3499984741211,109.5,82.08999633789062,91.5999984741211,28.479999542236328,1.1401208639144895,161.6300048828125,6.798900127410889,69.95999908447266,6.098999977111816,26.93000030517578,7401.75,29463.75,3027.10009765625,60214.44921875,79.87999725341797,96.27999877929688,109.5,19.780000686645508,91.19000244140624,67.103,31.68000030517578,23.6299991607666,93.38999938964844,734.2999877929688,716.3800048828125,298.9100036621094
2026-06-26T04:45:06,4049.60009765625,369.4599914550781,94.79000091552734,87.3499984741211,109.5,82.08999633789062,91.5999984741211,28.479999542236328,1.1406410932540894,161.60899353027344,6.798999786376953,69.41000366210938,6.106500148773193,26.93000030517578,7399.25,29457.75,3025.199951171875,60119.94140625,79.87999725341797,96.27999877929688,109.5,19.700000762939453,91.19000244140624,67.103,31.68000030517578,23.6299991607666,93.38999938964844,734.2999877929688,716.3800048828125,298.9100036621094
2026-06-26T05:00:34,4049.10009765625,369.4599914550781,94.79000091552734,87.3499984741211,109.5,82.08999633789062,91.5999984741211,28.479999542236328,1.140380859375,161.58999633789062,6.798299789428711,69.47000122070312,6.114500045776367,26.93000030517578,7392.25,29416.5,3021.800048828125,60117.94921875,79.87999725341797,96.27999877929688,109.5,19.8799991607666,91.19000244140624,67.103,31.68000030517578,23.6299991607666,93.38999938964844,734.2999877929688,716.3800048828125,298.9100036621094
2026-06-26T05:15:17,4050.800048828125,369.4599914550781,94.79000091552734,87.3499984741211,109.5,82.08999633789062,91.5999984741211,28.479999542236328,1.1401208639144895,161.56300354003906,6.798900127410889,69.48999786376953,6.117499828338623,26.93000030517578,7385.75,29390.25,3015.89990234375,60074.23046875,79.87999725341797,96.27999877929688,109.5,20.09000015258789,91.19000244140624,67.103,31.68000030517578,23.6299991607666,93.38999938964844,734.2999877929688,716.3800048828125,298.9100036621094
2026-06-26T05:30:43,4059.699951171875,369.4599914550781,94.79000091552734,87.3499984741211,109.5,82.08999633789062,91.5999984741211,28.479999542236328,1.1406410932540894,161.58999633789062,6.797599792480469,69.4000015258789,6.125,26.93000030517578,7382.5,29359.5,3012.0,60033.51953125,79.87999725341797,96.27999877929688,109.5,20.1299991607666,91.19000244140624,67.103,31.68000030517578,23.6299991607666,93.38999938964844,734.2999877929688,716.3800048828125,298.9100036621094
2026-06-26T05:45:08,4063.800048828125,369.4599914550781,94.79000091552734,87.3499984741211,109.5,82.08999633789062,91.5999984741211,28.479999542236328,1.1409013271331787,161.5709991455078,6.786600112915039,69.41999816894531,6.128499984741211,26.93000030517578,7387.0,29393.75,3012.199951171875,59899.890625,79.87999725341797,96.27999877929688,109.5,20.26000022888184,91.19000244140624,67.103,31.68000030517578,23.6299991607666,93.38999938964844,734.2999877929688,716.3800048828125,298.9100036621094
2026-06-26T06:00:35,4062.60009765625,369.4599914550781,94.79000091552734,87.3499984741211,109.5,82.08999633789062,91.5999984741211,28.479999542236328,1.1411616802215576,161.5970001220703,6.786699771881104,69.22000122070312,6.132500171661377,26.93000030517578,7392.25,29425.25,3015.300048828125,59590.44921875,79.87999725341797,96.27999877929688,109.5,20.09000015258789,91.19000244140624,67.103,31.68000030517578,23.6299991607666,93.38999938964844,734.2999877929688,716.3800048828125,298.9100036621094
2026-06-26T06:16:02,4062.800048828125,369.4599914550781,94.79000091552734,87.3499984741211,109.5,82.08999633789062,91.5999984741211,28.479999542236328,1.1409013271331787,161.5989990234375,6.787600040435791,69.12999725341797,6.125500202178955,26.93000030517578,7382.0,29352.0,3009.699951171875,59714.69921875,79.87999725341797,96.27999877929688,109.5,20.270000457763672,91.19000244140624,67.103,31.68000030517578,23.6299991607666,93.38999938964844,734.2999877929688,716.3800048828125,298.9100036621094
2026-06-26T06:30:28,4061.5,369.4599914550781,94.79000091552734,87.3499984741211,109.5,82.08999633789062,91.5999984741211,28.479999542236328,1.1406410932540894,161.59800720214844,6.789000034332275,69.30999755859375,6.147500038146973,26.93000030517578,7384.25,29359.0,3011.0,59630.2109375,79.87999725341797,96.27999877929688,109.5,20.15999984741211,91.19000244140624,67.103,31.68000030517578,23.6299991607666,93.38999938964844,734.2999877929688,716.3800048828125,298.9100036621094
2026-06-26T06:45:53,4067.39990234375,369.4599914550781,94.79000091552734,87.3499984741211,109.5,82.08999633789062,91.5999984741211,28.479999542236328,1.1406410932540894,161.6179962158203,6.788599967956543,69.31999969482422,6.159999847412109,26.93000030517578,7388.0,29372.25,3012.300048828125,59471.08984375,79.87999725341797,96.27999877929688,109.5,20.21999931335449,91.19000244140624,67.103,31.68000030517578,23.6299991607666,93.38999938964844,734.2999877929688,716.3800048828125,298.9100036621094
2026-06-26T07:00:19,4064.60009765625,369.4599914550781,94.79000091552734,87.3499984741211,109.5,82.08999633789062,91.5999984741211,28.479999542236328,1.1407711505889893,161.6020050048828,6.788599967956543,69.4800033569336,6.1570000648498535,26.93000030517578,7387.0,29365.5,3011.39990234375,59185.37890625,79.87999725341797,96.27999877929688,109.5,20.190000534057617,91.19000244140624,67.103,31.68000030517578,23.6299991607666,93.38999938964844,734.2999877929688,716.3800048828125,298.9100036621094
2026-06-26T07:15:46,4067.39990234375,369.4599914550781,94.79000091552734,87.3499984741211,109.5,82.08999633789062,91.5999984741211,28.479999542236328,1.1405109167099,161.62600708007812,6.788599967956543,69.58999633789062,6.170499801635742,26.93000030517578,7390.25,29397.0,3014.199951171875,59337.19140625,79.87999725341797,96.27999877929688,109.5,20.190000534057617,91.19000244140624,67.103,31.68000030517578,23.6299991607666,93.38999938964844,734.2999877929688,716.3800048828125,298.9100036621094
2026-06-26T07:30:10,4067.699951171875,369.4599914550781,94.79000091552734,87.3499984741211,109.5,82.08999633789062,91.5999984741211,28.479999542236328,1.1407711505889893,161.61399841308594,6.788899898529053,69.73999786376953,6.176499843597412,26.93000030517578,7386.25,29370.0,3013.199951171875,59330.33984375,79.87999725341797,96.27999877929688,109.5,20.0,91.19000244140624,67.103,31.68000030517578,23.6299991607666,93.38999938964844,734.2999877929688,716.3800048828125,298.9100036621094
2026-06-26T07:45:37,4068.39990234375,369.4599914550781,94.79000091552734,87.3499984741211,109.5,82.08999633789062,91.5999984741211,28.479999542236328,1.1402509212493896,161.656005859375,6.7891998291015625,69.9000015258789,6.17549991607666,26.93000030517578,7386.75,29367.25,3013.60009765625,59316.37890625,79.87999725341797,96.27999877929688,109.5,20.059999465942383,91.19000244140624,67.103,31.68000030517578,23.6299991607666,93.38999938964844,734.2999877929688,716.3800048828125,298.9100036621094
2026-06-26T08:01:01,4058.39990234375,369.4599914550781,94.79000091552734,87.3499984741211,109.5,82.08999633789062,91.5999984741211,28.479999542236328,1.1401208639144895,161.6510009765625,6.791100025177002,70.2300033569336,6.169000148773193,26.93000030517578,7387.25,29362.0,3015.300048828125,59367.3203125,79.87999725341797,96.27999877929688,109.5,20.09000015258789,91.19000244140624,67.103,31.68000030517578,23.6299991607666,93.38999938964844,734.2999877929688,716.3800048828125,298.9100036621094
2026-06-26T08:15:26,4061.60009765625,369.4599914550781,94.79000091552734,87.3499984741211,109.5,82.08999633789062,91.5999984741211,28.479999542236328,1.1405109167099,161.64599609375,6.790299892425537,69.97000122070312,6.190999984741211,26.93000030517578,7395.0,29410.75,3018.800048828125,59385.0,79.87999725341797,96.27999877929688,109.5,20.170000076293945,91.19000244140624,67.103,31.68000030517578,23.6299991607666,93.38999938964844,734.2999877929688,716.3800048828125,298.9100036621094
2026-06-26T08:30:52,4058.89990234375,369.4599914550781,94.79000091552734,87.3499984741211,109.5,82.08999633789062,91.5999984741211,28.479999542236328,1.1407711505889893,161.66200256347656,6.790500164031982,69.88999938964844,6.171999931335449,26.93000030517578,7397.0,29408.5,3016.300048828125,59582.48046875,79.87999725341797,96.27999877929688,109.5,19.81999969482422,91.19000244140624,67.103,31.68000030517578,23.6299991607666,93.38999938964844,734.2999877929688,716.3800048828125,298.9100036621094
2026-06-26T08:45:19,4059.10009765625,369.4599914550781,94.79000091552734,87.3499984741211,109.5,82.08999633789062,91.5999984741211,28.479999542236328,1.1411616802215576,161.69200134277344,6.797500133514404,69.61000061035156,6.175000190734863,26.93000030517578,7390.5,29362.0,3012.89990234375,59060.9296875,79.87999725341797,96.27999877929688,109.5,19.89999961853028,91.19000244140624,67.103,31.68000030517578,23.6299991607666,93.38999938964844,734.2999877929688,716.3800048828125,298.9100036621094
2026-06-26T09:01:32,4060.60009765625,369.4599914550781,94.79000091552734,87.3499984741211,109.5,82.08999633789062,91.5999984741211,28.479999542236328,1.1427265405654907,161.67799377441406,6.78980016708374,69.43000030517578,6.167500019073486,26.93000030517578,7382.75,29318.5,3008.800048828125,59121.2890625,79.87999725341797,96.27999877929688,109.5,20.11000061035156,91.19000244140624,67.103,31.68000030517578,23.6299991607666,93.38999938964844,734.2999877929688,716.3800048828125,298.9100036621094
2026-06-26T09:16:46,4064.60009765625,369.4599914550781,94.79000091552734,87.3499984741211,109.5,82.08999633789062,91.5999984741211,28.479999542236328,1.1422044038772583,161.6649932861328,6.789599895477295,69.68000030517578,6.166999816894531,26.93000030517578,7380.0,29288.25,3009.39990234375,58997.5703125,79.87999725341797,96.27999877929688,109.5,20.209999084472656,91.19000244140624,67.103,31.68000030517578,23.6299991607666,93.38999938964844,734.2999877929688,716.3800048828125,298.9100036621094
2026-06-26T09:31:03,4068.5,371.86041259765625,94.8311996459961,87.0250015258789,109.55999755859376,82.1688003540039,91.62000274658205,28.38190078735352,1.1425960063934326,161.66000366210938,6.78879976272583,69.98999786376953,6.170499801635742,26.607999801635746,7380.0,29291.5,3008.89990234375,58832.640625,79.84500122070312,96.23500061035156,109.30999755859376,20.290000915527344,91.19,67.103,31.239999771118164,23.309999465942383,92.52980041503906,728.6099853515625,706.27001953125,296.9100036621094
2026-06-26T10:01:03,4082.60009765625,373.4700012207031,94.93000030517578,87.17500305175781,109.54499816894533,82.17980194091797,91.62999725341795,28.38500022888184,1.1428571939468384,161.62600708007812,6.788400173187256,69.6500015258789,6.16349983215332,26.57999992370605,7383.0,29299.5,3015.89990234375,60009.359375,79.875,96.26499938964844,109.41000366210938,20.36000061035156,96.77999877929688,67.103,31.424999237060547,23.645000457763672,92.80999755859376,731.7899780273438,710.719970703125,298.7900085449219
2026-06-26T10:16:17,4089.300048828125,375.010009765625,94.94499969482422,87.18000030517578,109.61499786376952,82.18000030517578,91.62650299072266,28.38500022888184,1.1424654722213743,161.6020050048828,6.797500133514404,69.25,6.198500156402588,26.584999084472656,7420.5,29557.0,3032.699951171875,59880.140625,79.91500091552734,96.31500244140624,109.41999816894533,19.530000686645508,94.6500015258789,67.103,31.48500061035156,23.71999931335449,93.0,733.1599731445312,712.260009765625,299.04998779296875
2026-06-26T10:31:43,4105.5,374.7200012207031,94.95999908447266,87.19000244140625,109.62799835205078,82.18000030517578,91.625,28.395000457763672,1.1422044038772583,161.61000061035156,6.7881999015808105,69.25,6.214000225067139,26.56999969482422,7433.75,29627.25,3036.39990234375,59853.44921875,79.93000030517578,96.3249969482422,109.43499755859376,19.06999969482422,92.56999969482422,67.103,31.475000381469727,23.690000534057617,93.0999984741211,733.489990234375,712.22998046875,299.260009765625
2026-06-26T10:45:56,4095.60009765625,374.8500061035156,94.99359893798828,87.2300033569336,109.6449966430664,82.19499969482422,91.62349700927734,28.40760040283203,1.1419435739517212,161.61000061035156,6.788599967956543,69.13999938964844,6.202000141143799,26.53499984741211,7423.5,29554.0,3030.699951171875,59499.6796875,79.91000366210938,96.31510162353516,109.4749984741211,19.170000076293945,92.08999633789062,67.103,31.475000381469727,23.739999771118164,92.97000122070312,732.5700073242188,710.489990234375,298.4200134277344
2026-06-26T11:01:27,4101.7998046875,374.5383911132813,95.01499938964844,87.30500030517578,109.6501007080078,82.19390106201172,91.62010192871094,28.440000534057617,1.1396011114120483,161.73699951171875,6.788700103759766,69.0199966430664,6.227000236511231,26.549999237060547,7424.5,29573.5,3031.699951171875,59533.7109375,79.91999816894531,96.3249969482422,109.55500030517578,19.309999465942383,92.9000015258789,67.103,31.549999237060547,23.799999237060547,92.88500213623048,733.0999755859375,711.0390014648438,298.54998779296875
2026-06-26T11:16:41,4091.5,374.4400024414063,95.02339935302734,87.31999969482422,109.6501007080078,82.19730377197266,91.62989807128906,28.43989944458008,1.1406410932540894,161.6540069580078,6.788599967956543,69.0,6.197500228881836,26.489999771118164,7417.25,29478.75,3024.10009765625,59785.76171875,79.90370178222656,96.3000030517578,109.56500244140624,19.25,92.87000274658205,67.103,31.51499938964844,23.799999237060547,92.76000213623048,732.1199951171875,709.0599975585938,297.989990234375
2026-06-26T11:30:53,4096.60009765625,375.0199890136719,95.0500030517578,87.34500122070312,109.6500015258789,82.19499969482422,91.62010192871094,28.424999237060547,1.1409013271331787,161.6510009765625,6.788000106811523,68.7300033569336,6.193999767303467,26.53499984741211,7423.0,29489.75,3025.5,60134.0,79.93000030517578,96.33999633789062,109.63500213623048,19.39999961853028,92.97000122070312,67.103,31.625,23.924999237060547,93.23999786376952,735.3499755859375,713.8099975585938,299.5599975585937
2026-06-26T11:45:20,4099.10009765625,375.6000061035156,95.03209686279295,87.32499694824219,109.68499755859376,82.19000244140625,91.625,28.41990089416504,1.1409013271331787,161.65499877929688,6.787799835205078,68.75,6.199999809265137,26.59000015258789,7441.0,29594.0,3034.60009765625,60291.44921875,79.93499755859375,96.3550033569336,109.6050033569336,18.850000381469727,91.93000030517578,67.103,31.645000457763672,23.94499969482422,93.22000122070312,736.1602172851562,714.6799926757812,299.7200012207031
2026-06-26T12:00:47,4108.89990234375,375.4927978515625,95.0,87.29000091552734,109.65499877929688,82.18000030517578,91.62799835205078,28.425500869750977,1.1406410932540894,161.67799377441406,6.787799835205078,68.83999633789062,6.215000152587891,26.61000061035156,7452.5,29652.5,3039.699951171875,60358.5,79.93000030517578,96.3249969482422,109.55999755859376,18.700000762939453,91.72000122070312,67.103,31.61870002746582,23.93000030517578,93.11509704589844,735.1900024414062,712.7100830078125,299.29998779296875
2026-06-26T12:15:14,4106.2001953125,375.4193115234375,94.99500274658205,87.28630065917969,109.6449966430664,82.18009948730469,91.625,28.425199508666992,1.140380859375,161.69500732421875,6.786900043487549,69.08000183105469,6.213500022888184,26.584999084472656,7446.5,29607.0,3034.800048828125,60083.08984375,79.88500213623047,96.27999877929688,109.54000091552734,18.799999237060547,91.80999755859376,67.103,31.575000762939453,23.905000686645508,92.98500061035156,733.9349975585938,711.6224975585938,298.3900146484375
2026-06-26T12:30:44,4105.0,375.4700012207031,94.98979949951172,87.25499725341797,109.65499877929688,82.17990112304688,91.62999725341795,28.44669914245605,1.1396011114120483,161.72300720214844,6.787600040435791,69.08000183105469,6.2129998207092285,26.575000762939453,7432.75,29556.75,3025.39990234375,60058.80078125,79.88500213623047,96.27210235595705,109.50969696044922,19.100000381469727,92.0999984741211,67.103,31.57999992370605,23.920000076293945,92.98999786376952,733.9597778320312,712.7949829101562,298.4599914550781
2026-06-26T12:45:11,4103.2998046875,374.8900146484375,95.01499938964844,87.3010025024414,109.68990325927734,82.18000030517578,91.625,28.44989967346192,1.1393414735794067,161.73199462890625,6.787600040435791,68.93000030517578,6.209499835968018,26.59000015258789,7439.5,29625.75,3030.5,59972.98828125,79.875,96.2699966430664,109.5250015258789,19.170000076293945,92.25,67.103,31.56999969482422,23.920000076293945,92.94000244140624,733.969970703125,712.6699829101562,298.4700012207031
2026-06-26T13:00:39,4098.60009765625,374.8345947265625,95.0250015258789,87.30500030517578,109.69000244140624,82.18000030517578,91.62999725341795,28.450000762939453,1.139211654663086,161.75599670410156,6.786699771881104,69.19999694824219,6.206999778747559,26.59000015258789,7439.5,29628.5,3029.300048828125,59914.0,79.875,96.26000213623048,109.53500366210938,18.96999931335449,91.81999969482422,67.103,31.572200775146484,23.924999237060547,92.91000366210938,734.4949951171875,713.1699829101562,298.44000244140625
2026-06-26T13:15:12,4099.89990234375,374.7325134277344,95.01499938964844,87.28990173339844,109.6750030517578,82.18000030517578,91.622802734375,28.450000762939453,1.1396011114120483,161.7469940185547,6.786799907684326,69.16999816894531,6.212500095367432,26.575000762939453,7444.75,29656.5,3030.300048828125,60105.0,79.87000274658203,96.26000213623048,109.51499938964844,18.8700008392334,91.62999725341795,67.103,31.590999603271484,23.934999465942383,93.0,734.97998046875,713.719970703125,298.6000061035156
2026-06-26T13:30:41,4095.699951171875,374.7000122070313,95.00499725341795,87.28009796142578,109.6750030517578,82.16999816894531,91.62740325927734,28.450000762939453,1.1393414735794067,161.73599243164062,6.786799907684326,69.05000305175781,6.209499835968018,26.59000015258789,7436.75,29601.5,3024.699951171875,60080.73828125,79.86499786376953,96.23999786376952,109.51000213623048,18.739999771118164,91.41000366210938,67.103,31.575000762939453,23.90999984741211,93.0,735.239990234375,714.5,298.4100036621094
2026-06-26T13:45:07,4093.39990234375,374.0899963378906,95.01000213623048,87.30509948730469,109.68499755859376,82.17500305175781,91.62999725341795,28.459999084472656,1.139211654663086,161.73899841308594,6.786699771881104,69.4000015258789,6.202000141143799,26.584999084472656,7438.25,29608.25,3022.89990234375,59984.96875,79.86499786376953,96.23999786376952,109.51719665527344,18.739999771118164,91.2300033569336,67.103,31.55500030517578,23.89999961853028,92.89510345458984,734.3200073242188,712.7301025390625,297.9200134277344
2026-06-26T14:00:35,4091.199951171875,373.8900146484375,94.99500274658205,87.29000091552734,109.68000030517578,82.16999816894531,91.625,28.46999931335449,1.138952136039734,161.7760009765625,6.787099838256836,69.30999755859375,6.198999881744385,26.559999465942383,7432.0,29570.5,3020.300048828125,59930.5390625,79.8550033569336,96.2300033569336,109.46499633789062,18.809999465942383,91.16000366210938,67.103,31.559999465942383,23.905000686645508,92.81500244140624,733.6799926757812,711.4199829101562,297.760009765625
2026-06-26T14:16:01,4090.5,374.002685546875,95.00499725341795,87.31500244140625,109.68000030517578,82.16999816894531,91.62789916992188,28.45499992370605,1.1393414735794067,161.75100708007812,6.787600040435791,69.26000213623047,6.197999954223633,26.565000534057617,7438.75,29578.0,3023.800048828125,59972.94140625,79.8550033569336,96.2300033569336,109.49500274658205,18.82999992370605,91.06999969482422,67.103,31.604999542236328,23.934999465942383,92.83999633789062,733.780029296875,711.0700073242188,297.7799987792969
2026-06-26T14:30:59,4087.300048828125,373.9498901367188,95.01750183105467,87.29499816894531,109.70500183105467,82.17990112304688,91.62989807128906,28.459999084472656,1.1393414735794067,161.7239990234375,6.788099765777588,69.29000091552734,6.189499855041504,26.540000915527344,7427.0,29502.5,3018.800048828125,59682.23828125,79.8550033569336,96.22000122070312,109.50499725341795,18.739999771118164,90.94000244140624,67.103,31.57929992675781,23.915000915527344,92.8000030517578,732.8499755859375,709.3350219726562,297.1300048828125
2026-06-26T14:45:57,4088.89990234375,373.5932922363281,95.0250015258789,87.31500244140625,109.71499633789062,82.18000030517578,91.622802734375,28.459999084472656,1.139211654663086,161.73399353027344,6.787700176239014,69.12999725341797,6.190999984741211,26.53499984741211,7424.0,29473.0,3014.300048828125,59631.98828125,79.8550033569336,96.23500061035156,109.51499938964844,18.850000381469727,90.98999786376952,67.103,31.56010055541992,23.895000457763672,92.79750061035156,732.4099731445312,709.3599853515625,297.05499267578125
2026-06-26T15:00:55,4083.800048828125,373.3200073242188,95.01000213623048,87.30999755859375,109.7240982055664,82.18000030517578,91.62000274658205,28.459999084472656,1.138952136039734,161.718994140625,6.789700031280518,69.19000244140625,6.18149995803833,26.540000915527344,7409.75,29423.5,3009.10009765625,59521.08984375,79.8550033569336,96.23500061035156,109.51000213623048,18.790000915527344,90.8499984741211,67.103,31.530000686645508,23.864999771118164,92.72000122070312,731.8098754882812,708.77001953125,296.5899963378906
2026-06-26T15:15:53,4080.5,373.4100036621094,95.01499938964844,87.31500244140625,109.73999786376952,82.18000030517578,91.62799835205078,28.45929908752441,1.1388224363327026,161.7270050048828,6.797500133514404,69.08999633789062,6.178500175476074,26.530000686645508,7407.75,29404.0,3008.10009765625,59869.6796875,79.875,96.26000213623048,109.53500366210938,19.09000015258789,90.9499969482422,67.103,31.545000076293945,23.875,92.91000366210938,732.6300048828125,710.0549926757812,296.9800109863281
2026-06-26T15:30:54,4081.199951171875,373.1499938964844,95.01750183105467,87.30500030517578,109.7249984741211,82.18000030517578,91.622802734375,28.469900131225582,1.1385631561279297,161.73800659179688,6.797500133514404,69.19999694824219,6.184999942779541,26.545000076293945,7420.25,29492.0,3013.0,59844.37890625,79.8499984741211,96.2300033569336,109.50499725341795,18.739999771118164,90.51000213623048,67.103,31.540000915527344,23.86000061035156,92.76499938964844,732.1099853515625,709.3099975585938,296.7900085449219
2026-06-26T15:45:51,4084.0,373.25,94.9999008178711,87.29499816894531,109.70500183105467,82.18000030517578,91.625,28.464099884033203,1.1385631561279297,161.7550048828125,6.797500133514404,69.2699966430664,6.183000087738037,26.56999969482422,7418.5,29486.0,3013.39990234375,59795.2890625,79.88500213623047,96.26000213623048,109.51499938964844,18.86000061035156,90.8499984741211,67.10299682617188,31.59000015258789,23.915000915527344,92.84500122070312,733.3099975585938,711.4949951171875,297.1300048828125
2026-06-26T16:00:51,4085.699951171875,373.9200134277344,95.02999877929688,87.33000183105469,109.71499633789062,82.17500305175781,91.625,28.45499992370605,1.1390818357467651,161.75599670410156,6.797500133514404,69.44999694824219,6.185999870300293,26.584999084472656,7421.75,29437.75,3020.10009765625,59774.0,79.91000366210938,96.27999877929688,109.52749633789062,18.530000686645508,90.29000091552734,67.10299682617188,31.625,24.0,92.8949966430664,733.2899780273438,706.0800170898438,298.20001220703125
2026-06-26T16:15:51,4085.0,373.6300048828125,95.02999877929688,87.36000061035156,109.6999969482422,82.19000244140625,91.62999725341795,28.459999084472656,1.139211654663086,161.7530059814453,6.797500133514404,69.44000244140625,6.184500217437744,26.56999969482422,7397.25,29300.75,3021.0,59710.78125,79.83000183105469,96.22000122070312,109.5,19.290000915527344,89.19000244140625,67.10299682617188,31.59000015258789,23.940000534057617,92.8000030517578,728.989990234375,706.52001953125,299.8299865722656
2026-06-26T16:30:48,4081.89990234375,373.6300048828125,95.02999877929688,87.36000061035156,109.6999969482422,82.19000244140625,91.62999725341795,28.459999084472656,1.1393414735794067,161.7270050048828,6.796000003814697,69.44999694824219,6.186500072479248,26.56999969482422,7413.5,29359.5,3030.5,59599.53125,79.83000183105469,96.22000122070312,109.5,18.40999984741211,89.0199966430664,67.10299682617188,31.59000015258789,23.940000534057617,92.8000030517578,728.989990234375,706.52001953125,299.8299865722656
2026-06-26T16:45:46,4083.5,373.6300048828125,95.02999877929688,87.36000061035156,109.6999969482422,82.19000244140625,91.62999725341795,28.459999084472656,1.138952136039734,161.74400329589844,6.797500133514404,70.04000091552734,6.184000015258789,26.56999969482422,7408.25,29308.0,3027.60009765625,59544.55078125,79.83000183105469,96.22000122070312,109.5,18.40999984741211,89.0199966430664,66.78700256347656,31.59000015258789,23.940000534057617,92.8000030517578,728.989990234375,706.52001953125,299.8299865722656
2026-06-26T17:00:43,4089.10009765625,373.6300048828125,95.02999877929688,87.36000061035156,109.6999969482422,82.19000244140625,91.62999725341795,28.459999084472656,1.1361699104309082,161.80499267578125,6.789999961853027,69.91999816894531,6.191500186920166,26.56999969482422,7401.0,29283.0,3025.5,59612.51171875,79.83000183105469,96.22000122070312,109.5,18.40999984741211,89.0199966430664,66.78700256347656,31.59000015258789,23.940000534057617,92.8000030517578,728.989990234375,706.52001953125,299.8299865722656
2026-06-26T17:15:42,4103.0,373.6300048828125,95.02999877929688,87.36000061035156,109.6999969482422,82.19000244140625,91.62999725341795,28.459999084472656,1.138952136039734,161.80499267578125,6.797500133514404,70.23999786376953,6.197500228881836,26.56999969482422,7397.25,29283.0,3024.39990234375,59657.140625,79.83000183105469,96.22000122070312,109.5,18.40999984741211,89.0199966430664,66.78700256347656,31.59000015258789,23.940000534057617,92.8000030517578,728.989990234375,706.52001953125,299.8299865722656
2026-06-26T17:30:39,4103.0,373.6300048828125,95.02999877929688,87.36000061035156,109.6999969482422,82.19000244140625,91.62999725341795,28.459999084472656,1.138952136039734,161.72999572753906,6.797500133514404,70.23999786376953,6.197500228881836,26.56999969482422,7397.25,29283.0,3024.39990234375,59791.28125,79.83000183105469,96.22000122070312,109.5,18.40999984741211,89.0199966430664,66.78700256347656,31.59000015258789,23.940000534057617,92.8000030517578,728.989990234375,706.52001953125,299.8299865722656
2026-06-26T17:45:37,4103.0,373.6300048828125,95.02999877929688,87.36000061035156,109.6999969482422,82.19000244140625,91.62999725341795,28.459999084472656,1.138952136039734,161.72999572753906,6.789700031280518,70.23999786376953,6.197500228881836,26.56999969482422,7397.25,29283.0,3024.39990234375,59917.8515625,79.83000183105469,96.22000122070312,109.5,18.40999984741211,89.0199966430664,66.78700256347656,31.59000015258789,23.940000534057617,92.8000030517578,728.989990234375,706.52001953125,299.8299865722656
2026-06-26T18:00:39,4103.0,373.6300048828125,95.02999877929688,87.36000061035156,109.6999969482422,82.19000244140625,91.62999725341795,28.459999084472656,1.138952136039734,161.72999572753906,6.789700031280518,70.23999786376953,6.197500228881836,26.56999969482422,7397.25,29283.0,3024.39990234375,59820.58984375,79.83000183105469,96.22000122070312,109.5,18.40999984741211,89.0199966430664,66.78700256347656,31.59000015258789,23.940000534057617,92.8000030517578,728.989990234375,706.52001953125,299.8299865722656
2026-06-26T18:15:38,4103.0,373.6300048828125,95.02999877929688,87.36000061035156,109.6999969482422,82.19000244140625,91.62999725341795,28.459999084472656,1.138952136039734,161.72999572753906,6.789700031280518,70.23999786376953,6.197500228881836,26.56999969482422,7397.25,29283.0,3024.39990234375,59845.6796875,79.83000183105469,96.22000122070312,109.5,18.40999984741211,89.0199966430664,66.78700256347656,31.59000015258789,23.940000534057617,92.8000030517578,728.989990234375,706.52001953125,299.8299865722656
2026-06-26T18:30:35,4103.0,373.6300048828125,95.02999877929688,87.36000061035156,109.6999969482422,82.19000244140625,91.62999725341795,28.459999084472656,1.138952136039734,161.72999572753906,6.789700031280518,70.23999786376953,6.197500228881836,26.56999969482422,7397.25,29283.0,3024.39990234375,59781.9296875,79.83000183105469,96.22000122070312,109.5,18.40999984741211,89.0199966430664,66.78700256347656,31.59000015258789,23.940000534057617,92.8000030517578,728.989990234375,706.52001953125,299.8299865722656
2026-06-26T18:45:36,4103.0,373.6300048828125,95.02999877929688,87.36000061035156,109.6999969482422,82.19000244140625,91.62999725341795,28.459999084472656,1.138952136039734,161.72999572753906,6.789700031280518,70.23999786376953,6.197500228881836,26.56999969482422,7397.25,29283.0,3024.39990234375,59847.30859375,79.83000183105469,96.22000122070312,109.5,18.40999984741211,89.0199966430664,66.78700256347656,31.59000015258789,23.940000534057617,92.8000030517578,728.989990234375,706.52001953125,299.8299865722656
2026-06-26T19:00:34,4103.0,373.6300048828125,95.02999877929688,87.36000061035156,109.6999969482422,82.19000244140625,91.62999725341795,28.459999084472656,1.138952136039734,161.72999572753906,6.789700031280518,70.23999786376953,6.197500228881836,26.56999969482422,7397.25,29283.0,3024.39990234375,59957.62109375,79.83000183105469,96.22000122070312,109.5,18.40999984741211,89.0199966430664,66.78700256347656,31.59000015258789,23.940000534057617,92.8000030517578,728.989990234375,706.52001953125,299.8299865722656
2026-06-26T19:15:32,4103.0,373.6300048828125,95.02999877929688,87.36000061035156,109.6999969482422,82.19000244140625,91.62999725341795,28.459999084472656,1.138952136039734,161.72999572753906,6.789700031280518,70.23999786376953,6.197500228881836,26.56999969482422,7397.25,29283.0,3024.39990234375,59982.44921875,79.83000183105469,96.22000122070312,109.5,18.89,91.19,66.78700256347656,31.59000015258789,23.940000534057617,92.8000030517578,728.989990234375,706.52001953125,299.8299865722656
2026-06-26T19:30:29,4103.0,373.6300048828125,95.02999877929688,87.36000061035156,109.6999969482422,82.19000244140625,91.62999725341795,28.459999084472656,1.138952136039734,161.72999572753906,6.789700031280518,70.23999786376953,6.197500228881836,26.56999969482422,7397.25,29283.0,3024.39990234375,59867.19921875,79.83000183105469,96.22000122070312,109.5,18.40999984741211,89.0199966430664,66.78700256347656,31.59000015258789,23.940000534057617,92.8000030517578,728.989990234375,706.52001953125,299.8299865722656
2026-06-26T19:45:26,4103.0,373.6300048828125,95.02999877929688,87.36000061035156,109.6999969482422,82.19000244140625,91.62999725341795,28.459999084472656,1.138952136039734,161.72999572753906,6.789700031280518,70.23999786376953,6.197500228881836,26.56999969482422,7397.25,29283.0,3024.39990234375,59985.6796875,79.83000183105469,96.22000122070312,109.5,18.40999984741211,89.0199966430664,66.78700256347656,31.59000015258789,23.940000534057617,92.8000030517578,728.989990234375,706.52001953125,299.8299865722656
2026-06-26T20:00:25,4103.0,373.6300048828125,95.02999877929688,87.36000061035156,109.6999969482422,82.19000244140625,91.62999725341795,28.459999084472656,1.138952136039734,161.72999572753906,6.789700031280518,70.23999786376953,6.197500228881836,26.56999969482422,7397.25,29283.0,3024.39990234375,60018.140625,79.83000183105469,96.22000122070312,109.5,18.40999984741211,89.0199966430664,66.78700256347656,31.59000015258789,23.940000534057617,92.8000030517578,728.989990234375,706.52001953125,299.8299865722656
2026-06-26T20:15:32,4103.0,373.6300048828125,95.02999877929688,87.36000061035156,109.6999969482422,82.19000244140625,91.62999725341795,28.459999084472656,1.138952136039734,161.72999572753906,6.789700031280518,70.23999786376953,6.197500228881836,26.56999969482422,7397.25,29283.0,3024.39990234375,60003.5390625,79.83000183105469,96.22000122070312,109.5,18.40999984741211,89.0199966430664,66.78700256347656,31.59000015258789,23.940000534057617,92.8000030517578,728.989990234375,706.52001953125,299.8299865722656
2026-06-26T20:30:35,4103.0,373.6300048828125,95.02999877929688,87.36000061035156,109.6999969482422,82.19000244140625,91.62999725341795,28.459999084472656,1.138952136039734,161.72999572753906,6.789700031280518,70.23999786376953,6.197500228881836,26.56999969482422,7397.25,29283.0,3024.39990234375,59948.578125,79.83000183105469,96.22000122070312,109.5,18.40999984741211,89.0199966430664,66.78700256347656,31.59000015258789,23.940000534057617,92.8000030517578,728.989990234375,706.52001953125,299.8299865722656
2026-06-26T20:45:35,4103.0,373.6300048828125,95.02999877929688,87.36000061035156,109.6999969482422,82.19000244140625,91.62999725341795,28.459999084472656,1.138952136039734,161.72999572753906,6.789700031280518,70.23999786376953,6.197500228881836,26.56999969482422,7397.25,29283.0,3024.39990234375,59864.1015625,79.83000183105469,96.22000122070312,109.5,18.40999984741211,89.0199966430664,66.78700256347656,31.59000015258789,23.940000534057617,92.8000030517578,728.989990234375,706.52001953125,299.8299865722656
2026-06-26T21:00:33,4103.0,373.6300048828125,95.02999877929688,87.36000061035156,109.6999969482422,82.19000244140625,91.62999725341795,28.459999084472656,1.138952136039734,161.72999572753906,6.789700031280518,70.23999786376953,6.197500228881836,26.56999969482422,7397.25,29283.0,3024.39990234375,59983.30859375,79.83000183105469,96.22000122070312,109.5,18.40999984741211,89.0199966430664,66.78700256347656,31.59000015258789,23.940000534057617,92.8000030517578,728.989990234375,706.52001953125,299.8299865722656
2026-06-26T21:15:32,4103.0,373.6300048828125,95.02999877929688,87.36000061035156,109.6999969482422,82.19000244140625,91.62999725341795,28.459999084472656,1.138952136039734,161.72999572753906,6.789700031280518,70.23999786376953,6.197500228881836,26.56999969482422,7397.25,29283.0,3024.39990234375,59883.98828125,79.83000183105469,96.22000122070312,109.5,18.40999984741211,89.0199966430664,66.78700256347656,31.59000015258789,23.940000534057617,92.8000030517578,728.989990234375,706.52001953125,299.8299865722656
2026-06-26T21:30:30,4103.0,373.6300048828125,95.02999877929688,87.36000061035156,109.6999969482422,82.19000244140625,91.62999725341795,28.459999084472656,1.138952136039734,161.72999572753906,6.789700031280518,70.23999786376953,6.197500228881836,26.56999969482422,7397.25,29283.0,3024.39990234375,59856.66015625,79.83000183105469,96.22000122070312,109.5,18.40999984741211,89.0199966430664,66.78700256347656,31.59000015258789,23.940000534057617,92.8000030517578,728.989990234375,706.52001953125,299.8299865722656
2026-06-26T21:45:28,4103.0,373.6300048828125,95.02999877929688,87.36000061035156,109.6999969482422,82.19000244140625,91.62999725341795,28.459999084472656,1.138952136039734,161.72999572753906,6.789700031280518,70.23999786376953,6.197500228881836,26.56999969482422,7397.25,29283.0,3024.39990234375,59880.4296875,79.83000183105469,96.22000122070312,109.5,18.40999984741211,89.0199966430664,66.78700256347656,31.59000015258789,23.940000534057617,92.8000030517578,728.989990234375,706.52001953125,299.8299865722656
2026-06-26T22:00:26,4103.0,373.6300048828125,95.02999877929688,87.36000061035156,109.6999969482422,82.19000244140625,91.62999725341795,28.459999084472656,1.138952136039734,161.72999572753906,6.789700031280518,70.23999786376953,6.197500228881836,26.56999969482422,7397.25,29283.0,3024.39990234375,59847.91015625,79.83000183105469,96.22000122070312,109.5,18.40999984741211,89.0199966430664,66.78700256347656,31.59000015258789,23.940000534057617,92.8000030517578,728.989990234375,706.52001953125,299.8299865722656
2026-06-26T22:15:25,4103.0,373.6300048828125,95.02999877929688,87.36000061035156,109.6999969482422,82.19000244140625,91.62999725341795,28.459999084472656,1.138952136039734,161.72999572753906,6.789700031280518,70.23999786376953,6.197500228881836,26.56999969482422,7397.25,29283.0,3024.39990234375,60052.0,79.83000183105469,96.22000122070312,109.5,18.40999984741211,89.0199966430664,66.78700256347656,31.59000015258789,23.940000534057617,92.8000030517578,728.989990234375,706.52001953125,299.8299865722656
2026-06-26T22:30:23,4103.0,373.6300048828125,95.02999877929688,87.36000061035156,109.6999969482422,82.19000244140625,91.62999725341795,28.459999084472656,1.138952136039734,161.72999572753906,6.789700031280518,70.23999786376953,6.197500228881836,26.56999969482422,7397.25,29283.0,3024.39990234375,60138.1796875,79.83000183105469,96.22000122070312,109.5,18.40999984741211,89.0199966430664,66.78700256347656,31.59000015258789,23.940000534057617,92.8000030517578,728.989990234375,706.52001953125,299.8299865722656
2026-06-26T22:45:20,4103.0,373.6300048828125,95.02999877929688,87.36000061035156,109.6999969482422,82.19000244140625,91.62999725341795,28.459999084472656,1.138952136039734,161.72999572753906,6.789700031280518,70.23999786376953,6.197500228881836,26.56999969482422,7397.25,29283.0,3024.39990234375,60193.98046875,79.83000183105469,96.22000122070312,109.5,18.40999984741211,89.0199966430664,66.78700256347656,31.59000015258789,23.940000534057617,92.8000030517578,728.989990234375,706.52001953125,299.8299865722656
2026-06-26T23:00:18,4103.0,373.6300048828125,95.02999877929688,87.36000061035156,109.6999969482422,82.19000244140625,91.62999725341795,28.459999084472656,1.138952136039734,161.72999572753906,6.789700031280518,70.23999786376953,6.197500228881836,26.56999969482422,7397.25,29283.0,3024.39990234375,60161.08984375,79.83000183105469,96.22000122070312,109.5,18.40999984741211,89.0199966430664,66.78700256347656,31.59000015258789,23.940000534057617,92.8000030517578,728.989990234375,706.52001953125,299.8299865722656
2026-06-26T23:15:16,4103.0,373.6300048828125,95.02999877929688,87.36000061035156,109.6999969482422,82.19000244140625,91.62999725341795,28.459999084472656,1.138952136039734,161.72999572753906,6.789700031280518,70.23999786376953,6.197500228881836,26.56999969482422,7397.25,29283.0,3024.39990234375,60073.890625,79.83000183105469,96.22000122070312,109.5,18.40999984741211,89.0199966430664,66.78700256347656,31.59000015258789,23.940000534057617,92.8000030517578,728.989990234375,706.52001953125,299.8299865722656
2026-06-26T23:30:13,4103.0,373.6300048828125,95.02999877929688,87.36000061035156,109.6999969482422,82.19000244140625,91.62999725341795,28.459999084472656,1.138952136039734,161.72999572753906,6.789700031280518,70.23999786376953,6.197500228881836,26.56999969482422,7397.25,29283.0,3024.39990234375,60215.69140625,79.83000183105469,96.22000122070312,109.5,18.40999984741211,89.0199966430664,66.78700256347656,31.59000015258789,23.940000534057617,92.8000030517578,728.989990234375,706.52001953125,299.8299865722656
2026-06-26T23:45:11,4103.0,373.6300048828125,95.02999877929688,87.36000061035156,109.6999969482422,82.19000244140625,91.62999725341795,28.459999084472656,1.138952136039734,161.72999572753906,6.789700031280518,70.23999786376953,6.197500228881836,26.56999969482422,7397.25,29283.0,3024.39990234375,60213.87890625,79.83000183105469,96.22000122070312,109.5,18.40999984741211,89.0199966430664,66.78700256347656,31.59000015258789,23.940000534057617,92.8000030517578,728.989990234375,706.52001953125,299.8299865722656
2026-06-27T00:00:10,4078.699951171875,373.63,95.03,87.36,109.7,82.19,91.63,28.46,1.138952136039734,161.72999572753906,6.789700031280518,69.2300033569336,6.141499996185303,26.57,7401.75,29368.25,3022.60009765625,60211.62109375,79.83,96.22,109.5,18.40999984741211,89.02,66.787,31.59,23.94,92.8,728.99,706.52,299.83
2026-06-27T00:15:07,4078.699951171875,373.63,95.03,87.36,109.7,82.19,91.63,28.46,1.138952136039734,161.72999572753906,6.789700031280518,69.2300033569336,6.141499996185303,26.57,7401.75,29368.25,3022.60009765625,60294.23828125,79.83,96.22,109.5,18.40999984741211,89.02,66.787,31.59,23.94,92.8,728.99,706.52,299.83
2026-06-27T00:30:05,4078.699951171875,373.63,95.03,87.36,109.7,82.19,91.63,28.46,1.138952136039734,161.68499755859375,6.789700031280518,69.2300033569336,6.141499996185303,26.57,7401.75,29368.25,3022.60009765625,60297.30859375,79.83,96.22,109.5,18.40999984741211,89.02,66.787,31.59,23.94,92.8,728.99,706.52,299.83
2026-06-27T00:46:01,4078.699951171875,373.63,95.03,87.36,109.7,82.19,91.63,28.46,1.138952136039734,161.68499755859375,6.789700031280518,69.2300033569336,6.141499996185303,26.57,7401.75,29368.25,3022.60009765625,60272.828125,79.83,96.22,109.5,18.40999984741211,89.02,66.787,31.59,23.94,92.8,728.99,706.52,299.83
2026-06-27T01:00:58,4078.699951171875,373.63,95.03,87.36,109.7,82.19,91.63,28.46,1.138952136039734,161.68499755859375,6.789700031280518,69.2300033569336,6.141499996185303,26.57,7401.75,29368.25,3022.60009765625,60159.6015625,79.83,96.22,109.5,18.41,89.02,66.787,31.59,23.94,92.8,728.99,706.52,299.83
2026-06-27T01:15:55,4078.699951171875,373.63,95.03,87.36,109.7,82.19,91.63,28.46,1.138952136039734,161.68499755859375,6.789700031280518,69.2300033569336,6.141499996185303,26.57,7401.75,29368.25,3022.60009765625,60181.01953125,79.83,96.22,109.5,18.41,89.02,66.787,31.59,23.94,92.8,728.99,706.52,299.83
2026-06-27T01:30:54,4078.699951171875,373.63,95.03,87.36,109.7,82.19,91.63,28.46,1.138952136039734,161.68499755859375,6.789700031280518,69.2300033569336,6.141499996185303,26.57,7401.75,29368.25,3022.60009765625,60094.23046875,79.83,96.22,109.5,18.41,89.02,66.787,31.59,23.94,92.8,728.99,706.52,299.83
2026-06-27T01:45:50,4078.699951171875,373.63,95.03,87.36,109.7,82.19,91.63,28.46,1.138952136039734,161.68499755859375,6.789700031280518,69.2300033569336,6.141499996185303,26.57,7401.75,29368.25,3022.60009765625,60134.26171875,79.83,96.22,109.5,18.41,89.02,66.787,31.59,23.94,92.8,728.99,706.52,299.83
2026-06-27T02:00:48,4078.699951171875,373.63,95.03,87.36,109.7,82.19,91.63,28.46,1.138952136039734,161.68499755859375,6.789700031280518,69.2300033569336,6.141499996185303,26.57,7401.75,29368.25,3022.60009765625,60142.890625,79.83,96.22,109.5,18.41,89.02,66.787,31.59,23.94,92.8,728.99,706.52,299.83
2026-06-27T02:15:44,4078.699951171875,373.63,95.03,87.36,109.7,82.19,91.63,28.46,1.138952136039734,161.68499755859375,6.789700031280518,69.2300033569336,6.141499996185303,26.57,7401.75,29368.25,3022.60009765625,60070.859375,79.83,96.22,109.5,18.41,89.02,66.787,31.59,23.94,92.8,728.99,706.52,299.83
2026-06-27T02:30:42,4078.699951171875,373.63,95.03,87.36,109.7,82.19,91.63,28.46,1.138952136039734,161.68499755859375,6.789700031280518,69.2300033569336,6.141499996185303,26.57,7401.75,29368.25,3022.60009765625,60168.0,79.83,96.22,109.5,18.41,89.02,66.787,31.59,23.94,92.8,728.99,706.52,299.83
2026-06-27T02:45:38,4078.699951171875,373.63,95.03,87.36,109.7,82.19,91.63,28.46,1.138952136039734,161.68499755859375,6.789700031280518,69.2300033569336,6.141499996185303,26.57,7401.75,29368.25,3022.60009765625,60347.98828125,79.83,96.22,109.5,18.41,89.02,66.787,31.59,23.94,92.8,728.99,706.52,299.83
2026-06-27T03:00:35,4078.699951171875,373.63,95.03,87.36,109.7,82.19,91.63,28.46,1.138952136039734,161.68499755859375,6.789700031280518,69.2300033569336,6.141499996185303,26.57,7401.75,29368.25,3022.60009765625,60288.12109375,79.83,96.22,109.5,18.41,89.02,66.787,31.59,23.94,92.8,728.99,706.52,299.83
2026-06-27T03:15:37,4078.699951171875,373.63,95.03,87.36,109.7,82.19,91.63,28.46,1.138952136039734,161.68499755859375,6.789700031280518,69.2300033569336,6.141499996185303,26.57,7401.75,29368.25,3022.60009765625,60236.01171875,79.83,96.22,109.5,18.41,89.02,66.787,31.59,23.94,92.8,728.99,706.52,299.83
2026-06-27T03:30:34,4078.699951171875,373.63,95.03,87.36,109.7,82.19,91.63,28.46,1.138952136039734,161.68499755859375,6.789700031280518,69.2300033569336,6.141499996185303,26.57,7401.75,29368.25,3022.60009765625,60332.55859375,79.83,96.22,109.5,18.41,89.02,66.787,31.59,23.94,92.8,728.99,706.52,299.83
2026-06-27T03:45:32,4078.699951171875,373.63,95.03,87.36,109.7,82.19,91.63,28.46,1.138952136039734,161.68499755859375,6.789700031280518,69.2300033569336,6.141499996185303,26.57,7401.75,29368.25,3022.60009765625,60398.26953125,79.83,96.22,109.5,18.41,89.02,66.787,31.59,23.94,92.8,728.99,706.52,299.83
2026-06-27T04:00:29,4078.699951171875,373.63,95.03,87.36,109.7,82.19,91.63,28.46,1.138952136039734,161.68499755859375,6.789700031280518,69.2300033569336,6.141499996185303,26.57,7401.75,29368.25,3022.60009765625,60405.51171875,79.83,96.22,109.5,18.41,89.02,66.787,31.59,23.94,92.8,728.99,706.52,299.83
2026-06-27T04:15:25,4078.699951171875,373.63,95.03,87.36,109.7,82.19,91.63,28.46,1.138952136039734,161.68499755859375,6.789700031280518,69.2300033569336,6.141499996185303,26.57,7401.75,29368.25,3022.60009765625,60385.21875,79.83,96.22,109.5,18.41,89.02,66.787,31.59,23.94,92.8,728.99,706.52,299.83
2026-06-27T04:30:21,4078.699951171875,373.63,95.03,87.36,109.7,82.19,91.63,28.46,1.138952136039734,161.68499755859375,6.789700031280518,69.2300033569336,6.141499996185303,26.57,7401.75,29368.25,3022.60009765625,60353.578125,79.83,96.22,109.5,18.41,89.02,66.787,31.59,23.94,92.8,728.99,706.52,299.83
2026-06-27T04:45:17,4078.699951171875,373.63,95.03,87.36,109.7,82.19,91.63,28.46,1.138952136039734,161.68499755859375,6.789700031280518,69.2300033569336,6.141499996185303,26.57,7401.75,29368.25,3022.60009765625,60278.828125,79.83,96.22,109.5,18.41,89.02,66.787,31.59,23.94,92.8,728.99,706.52,299.83
2026-06-27T05:00:14,4078.699951171875,373.63,95.03,87.36,109.7,82.19,91.63,28.46,1.138952136039734,161.68499755859375,6.789700031280518,69.2300033569336,6.141499996185303,26.57,7401.75,29368.25,3022.60009765625,60353.69140625,79.83,96.22,109.5,18.41,89.02,66.787,31.59,23.94,92.8,728.99,706.52,299.83
2026-06-27T05:15:12,4078.699951171875,373.63,95.03,87.36,109.7,82.19,91.63,28.46,1.138952136039734,161.68499755859375,6.789700031280518,69.2300033569336,6.141499996185303,26.57,7401.75,29368.25,3022.60009765625,60217.73828125,79.83,96.22,109.5,18.41,89.02,66.787,31.59,23.94,92.8,728.99,706.52,299.83
2026-06-27T05:30:08,4078.699951171875,373.63,95.03,87.36,109.7,82.19,91.63,28.46,1.138952136039734,161.68499755859375,6.789700031280518,69.2300033569336,6.141499996185303,26.57,7401.75,29368.25,3022.60009765625,60269.6796875,79.83,96.22,109.5,18.41,89.02,66.787,31.59,23.94,92.8,728.99,706.52,299.83
2026-06-27T05:45:05,4078.699951171875,373.63,95.03,87.36,109.7,82.19,91.63,28.46,1.138952136039734,161.68499755859375,6.789700031280518,69.2300033569336,6.141499996185303,26.57,7401.75,29368.25,3022.60009765625,60313.98046875,79.83,96.22,109.5,18.41,89.02,66.787,31.59,23.94,92.8,728.99,706.52,299.83
2026-06-27T06:00:05,4078.699951171875,373.63,95.03,87.36,109.7,82.19,91.63,28.46,1.138952136039734,161.68499755859375,6.789700031280518,69.2300033569336,6.141499996185303,26.57,7401.75,29368.25,3022.60009765625,60313.98828125,79.83,96.22,109.5,18.41,89.02,66.787,31.59,23.94,92.8,728.99,706.52,299.83
2026-06-27T06:15:05,4078.699951171875,373.63,95.03,87.36,109.7,82.19,91.63,28.46,1.138952136039734,161.68499755859375,6.789700031280518,69.2300033569336,6.141499996185303,26.57,7401.75,29368.25,3022.60009765625,60373.7890625,79.83,96.22,109.5,18.41,89.02,66.787,31.59,23.94,92.8,728.99,706.52,299.83
2026-06-27T06:30:03,4078.699951171875,373.63,95.03,87.36,109.7,82.19,91.63,28.46,1.138952136039734,161.68499755859375,6.789700031280518,69.2300033569336,6.141499996185303,26.57,7401.75,29368.25,3022.60009765625,60349.3203125,79.83,96.22,109.5,18.41,89.02,66.787,31.59,23.94,92.8,728.99,706.52,299.83
2026-06-27T06:45:59,4078.699951171875,373.63,95.03,87.36,109.7,82.19,91.63,28.46,1.138952136039734,161.68499755859375,6.789700031280518,69.2300033569336,6.141499996185303,26.57,7401.75,29368.25,3022.60009765625,60330.62890625,79.83,96.22,109.5,18.41,89.02,66.787,31.59,23.94,92.8,728.99,706.52,299.83
2026-06-27T07:00:55,4078.699951171875,373.63,95.03,87.36,109.7,82.19,91.63,28.46,1.138952136039734,161.68499755859375,6.789700031280518,69.2300033569336,6.141499996185303,26.57,7401.75,29368.25,3022.60009765625,60317.98828125,79.83,96.22,109.5,18.41,89.02,66.787,31.59,23.94,92.8,728.99,706.52,299.83
2026-06-27T07:15:52,4078.699951171875,373.63,95.03,87.36,109.7,82.19,91.63,28.46,1.138952136039734,161.68499755859375,6.789700031280518,69.2300033569336,6.141499996185303,26.57,7401.75,29368.25,3022.60009765625,60268.01171875,79.83,96.22,109.5,18.41,89.02,66.787,31.59,23.94,92.8,728.99,706.52,299.83
2026-06-27T07:30:47,4078.699951171875,373.63,95.03,87.36,109.7,82.19,91.63,28.46,1.138952136039734,161.68499755859375,6.789700031280518,69.2300033569336,6.141499996185303,26.57,7401.75,29368.25,3022.60009765625,60166.2109375,79.83,96.22,109.5,18.41,89.02,66.787,31.59,23.94,92.8,728.99,706.52,299.83
2026-06-27T07:45:44,4078.699951171875,373.63,95.03,87.36,109.7,82.19,91.63,28.46,1.138952136039734,161.68499755859375,6.789700031280518,69.2300033569336,6.141499996185303,26.57,7401.75,29368.25,3022.60009765625,60287.94921875,79.83,96.22,109.5,18.41,89.02,66.787,31.59,23.94,92.8,728.99,706.52,299.83
2026-06-27T08:00:40,4078.699951171875,373.63,95.03,87.36,109.7,82.19,91.63,28.46,1.138952136039734,161.68499755859375,6.789700031280518,69.2300033569336,6.141499996185303,26.57,7401.75,29368.25,3022.60009765625,60249.98828125,79.83,96.22,109.5,18.41,89.02,66.787,31.59,23.94,92.8,728.99,706.52,299.83
2026-06-27T08:15:36,4078.699951171875,373.63,95.03,87.36,109.7,82.19,91.63,28.46,1.138952136039734,161.68499755859375,6.789700031280518,69.2300033569336,6.141499996185303,26.57,7401.75,29368.25,3022.60009765625,60199.48828125,79.83,96.22,109.5,18.41,89.02,66.787,31.59,23.94,92.8,728.99,706.52,299.83
2026-06-27T08:30:31,4078.699951171875,373.63,95.03,87.36,109.7,82.19,91.63,28.46,1.138952136039734,161.68499755859375,6.789700031280518,69.2300033569336,6.141499996185303,26.57,7401.75,29368.25,3022.60009765625,60250.66015625,79.83,96.22,109.5,18.41,89.02,66.787,31.59,23.94,92.8,728.99,706.52,299.83
2026-06-27T08:45:27,4078.699951171875,373.6300048828125,95.02999877929688,87.36000061035156,109.6999969482422,82.19000244140625,91.62999725341795,28.459999084472656,1.138952136039734,161.68499755859375,6.789700031280518,69.2300033569336,6.141499996185303,26.56999969482422,7401.75,29368.25,3022.60009765625,60208.55859375,79.83000183105469,96.22000122070312,109.5,18.40999984741211,89.0199966430664,66.787,31.59000015258789,23.940000534057617,92.8000030517578,728.989990234375,706.52001953125,299.8299865722656
2026-06-27T09:00:24,4078.699951171875,373.63,95.03,87.36,109.7,82.19,91.63,28.46,1.138952136039734,161.68499755859375,6.789700031280518,69.2300033569336,6.141499996185303,26.57,7401.75,29368.25,3022.60009765625,60329.359375,79.83,96.22,109.5,18.41,89.02,66.787,31.59,23.94,92.8,728.99,706.52,299.83
2026-06-27T09:15:23,4078.699951171875,373.63,95.03,87.36,109.7,82.19,91.63,28.46,1.138952136039734,161.68499755859375,6.789700031280518,69.2300033569336,6.141499996185303,26.57,7401.75,29368.25,3022.60009765625,60324.859375,79.83,96.22,109.5,18.41,89.02,66.787,31.59,23.94,92.8,728.99,706.52,299.83
2026-06-27T09:30:19,4078.699951171875,373.63,95.03,87.36,109.7,82.19,91.63,28.46,1.138952136039734,161.68499755859375,6.789700031280518,69.2300033569336,6.141499996185303,26.57,7401.75,29368.25,3022.60009765625,60361.55859375,79.83,96.22,109.5,18.41,89.02,66.787,31.59,23.94,92.8,728.99,706.52,299.83
2026-06-27T09:45:17,4078.699951171875,373.63,95.03,87.36,109.7,82.19,91.63,28.46,1.138952136039734,161.68499755859375,6.789700031280518,69.2300033569336,6.141499996185303,26.57,7401.75,29368.25,3022.60009765625,60520.671875,79.83,96.22,109.5,18.41,89.02,66.787,31.59,23.94,92.8,728.99,706.52,299.83
2026-06-27T10:00:17,4078.699951171875,373.63,95.03,87.36,109.7,82.19,91.63,28.46,1.138952136039734,161.68499755859375,6.789700031280518,69.2300033569336,6.141499996185303,26.57,7401.75,29368.25,3022.60009765625,60456.421875,79.83,96.22,109.5,18.41,89.02,66.787,31.59,23.94,92.8,728.99,706.52,299.83
2026-06-27T10:15:17,4078.699951171875,373.63,95.03,87.36,109.7,82.19,91.63,28.46,1.138952136039734,161.68499755859375,6.789700031280518,69.2300033569336,6.141499996185303,26.57,7401.75,29368.25,3022.60009765625,60551.28125,79.83,96.22,109.5,18.41,89.02,66.787,31.59,23.94,92.8,728.99,706.52,299.83
2026-06-27T10:30:14,4078.699951171875,373.63,95.03,87.36,109.7,82.19,91.63,28.46,1.138952136039734,161.68499755859375,6.789700031280518,69.2300033569336,6.141499996185303,26.57,7401.75,29368.25,3022.60009765625,60511.48828125,79.83,96.22,109.5,18.41,89.02,66.787,31.59,23.94,92.8,728.99,706.52,299.83
2026-06-27T10:45:09,4078.699951171875,373.63,95.03,87.36,109.7,82.19,91.63,28.46,1.138952136039734,161.68499755859375,6.789700031280518,69.2300033569336,6.141499996185303,26.57,7401.75,29368.25,3022.60009765625,60540.55859375,79.83,96.22,109.5,18.41,89.02,66.787,31.59,23.94,92.8,728.99,706.52,299.83
2026-06-27T11:00:06,4078.699951171875,373.63,95.03,87.36,109.7,82.19,91.63,28.46,1.138952136039734,161.68499755859375,6.789700031280518,69.2300033569336,6.141499996185303,26.57,7401.75,29368.25,3022.60009765625,60513.98828125,79.83,96.22,109.5,18.41,89.02,66.787,31.59,23.94,92.8,728.99,706.52,299.83
2026-06-27T11:15:05,4078.699951171875,373.63,95.03,87.36,109.7,82.19,91.63,28.46,1.138952136039734,161.68499755859375,6.789700031280518,69.2300033569336,6.141499996185303,26.57,7401.75,29368.25,3022.60009765625,60762.421875,79.83,96.22,109.5,18.41,89.02,66.787,31.59,23.94,92.8,728.99,706.52,299.83
2026-06-27T11:30:05,4078.699951171875,373.63,95.03,87.36,109.7,82.19,91.63,28.46,1.138952136039734,161.68499755859375,6.789700031280518,69.2300033569336,6.141499996185303,26.57,7401.75,29368.25,3022.60009765625,60713.4609375,79.83,96.22,109.5,18.41,89.02,66.787,31.59,23.94,92.8,728.99,706.52,299.83
2026-06-27T11:46:01,4078.699951171875,373.63,95.03,87.36,109.7,82.19,91.63,28.46,1.138952136039734,161.68499755859375,6.789700031280518,69.2300033569336,6.141499996185303,26.57,7401.75,29368.25,3022.60009765625,60653.578125,79.83,96.22,109.5,18.41,89.02,66.787,31.59,23.94,92.8,728.99,706.52,299.83
2026-06-27T12:00:58,4078.699951171875,373.6300048828125,95.02999877929688,87.36000061035156,109.6999969482422,82.19000244140625,91.62999725341795,28.459999084472656,1.138952136039734,161.68499755859375,6.789700031280518,69.2300033569336,6.141499996185303,26.56999969482422,7401.75,29368.25,3022.60009765625,60711.4609375,79.83000183105469,96.22000122070312,109.5,18.40999984741211,89.0199966430664,66.787,31.59000015258789,23.940000534057617,92.8000030517578,728.989990234375,706.52001953125,299.8299865722656
2026-06-27T12:15:56,4078.699951171875,373.63,95.03,87.36,109.7,82.19,91.63,28.46,1.138952136039734,161.68499755859375,6.789700031280518,69.2300033569336,6.141499996185303,26.57,7401.75,29368.25,3022.60009765625,60618.328125,79.83,96.22,109.5,18.41,89.02,66.787,31.59,23.94,92.8,728.99,706.52,299.83
2026-06-27T12:30:53,4078.699951171875,373.63,95.03,87.36,109.7,82.19,91.63,28.46,1.138952136039734,161.68499755859375,6.789700031280518,69.2300033569336,6.141499996185303,26.57,7401.75,29368.25,3022.60009765625,60618.578125,79.83,96.22,109.5,18.41,89.02,66.787,31.59,23.94,92.8,728.99,706.52,299.83
2026-06-27T12:45:50,4078.699951171875,373.63,95.03,87.36,109.7,82.19,91.63,28.46,1.138952136039734,161.68499755859375,6.789700031280518,69.2300033569336,6.141499996185303,26.57,7401.75,29368.25,3022.60009765625,60663.37890625,79.83,96.22,109.5,18.41,89.02,66.787,31.59,23.94,92.8,728.99,706.52,299.83
2026-06-27T13:00:47,4078.699951171875,373.63,95.03,87.36,109.7,82.19,91.63,28.46,1.138952136039734,161.68499755859375,6.789700031280518,69.2300033569336,6.141499996185303,26.57,7401.75,29368.25,3022.60009765625,60712.28125,79.83,96.22,109.5,18.41,89.02,66.787,31.59,23.94,92.8,728.99,706.52,299.83
2026-06-27T13:15:44,4078.699951171875,373.63,95.03,87.36,109.7,82.19,91.63,28.46,1.138952136039734,161.68499755859375,6.789700031280518,69.2300033569336,6.141499996185303,26.57,7401.75,29368.25,3022.60009765625,60401.33984375,79.83,96.22,109.5,18.41,89.02,66.787,31.59,23.94,92.8,728.99,706.52,299.83
2026-06-27T13:30:40,4078.699951171875,373.63,95.03,87.36,109.7,82.19,91.63,28.46,1.138952136039734,161.68499755859375,6.789700031280518,69.2300033569336,6.141499996185303,26.57,7401.75,29368.25,3022.60009765625,60480.8984375,79.83,96.22,109.5,18.41,89.02,66.787,31.59,23.94,92.8,728.99,706.52,299.83
2026-06-27T13:45:37,4078.699951171875,373.63,95.03,87.36,109.7,82.19,91.63,28.46,1.138952136039734,161.68499755859375,6.789700031280518,69.2300033569336,6.141499996185303,26.57,7401.75,29368.25,3022.60009765625,60470.078125,79.83,96.22,109.5,18.41,89.02,66.787,31.59,23.94,92.8,728.99,706.52,299.83
2026-06-27T14:00:33,4078.699951171875,373.63,95.03,87.36,109.7,82.19,91.63,28.46,1.138952136039734,161.68499755859375,6.789700031280518,69.2300033569336,6.141499996185303,26.57,7401.75,29368.25,3022.60009765625,60422.26171875,79.83,96.22,109.5,18.41,89.02,66.787,31.59,23.94,92.8,728.99,706.52,299.83
2026-06-27T14:15:29,4078.699951171875,373.63,95.03,87.36,109.7,82.19,91.63,28.46,1.138952136039734,161.68499755859375,6.789700031280518,69.2300033569336,6.141499996185303,26.57,7401.75,29368.25,3022.60009765625,60447.23046875,79.83,96.22,109.5,18.41,89.02,66.787,31.59,23.94,92.8,728.99,706.52,299.83
2026-06-27T14:30:26,4078.699951171875,373.63,95.03,87.36,109.7,82.19,91.63,28.46,1.138952136039734,161.68499755859375,6.789700031280518,69.2300033569336,6.141499996185303,26.57,7401.75,29368.25,3022.60009765625,60410.16015625,79.83,96.22,109.5,18.41,89.02,66.787,31.59,23.94,92.8,728.99,706.52,299.83
2026-06-27T14:45:23,4078.699951171875,373.6300048828125,95.02999877929688,87.36000061035156,109.6999969482422,82.19000244140625,91.62999725341795,28.459999084472656,1.138952136039734,161.68499755859375,6.789700031280518,69.2300033569336,6.141499996185303,26.56999969482422,7401.75,29368.25,3022.60009765625,60452.0,79.83000183105469,96.22000122070312,109.5,18.40999984741211,89.0199966430664,66.787,31.59000015258789,23.940000534057617,92.8000030517578,728.989990234375,706.52001953125,299.8299865722656
2026-06-27T15:00:19,4078.699951171875,373.63,95.03,87.36,109.7,82.19,91.63,28.46,1.138952136039734,161.68499755859375,6.789700031280518,69.2300033569336,6.141499996185303,26.57,7401.75,29368.25,3022.60009765625,60456.78125,79.83,96.22,109.5,18.41,89.02,66.787,31.59,23.94,92.8,728.99,706.52,299.83
2026-06-27T15:15:18,4078.699951171875,373.63,95.03,87.36,109.7,82.19,91.63,28.46,1.138952136039734,161.68499755859375,6.789700031280518,69.2300033569336,6.141499996185303,26.57,7401.75,29368.25,3022.60009765625,60497.578125,79.83,96.22,109.5,18.41,89.02,66.787,31.59,23.94,92.8,728.99,706.52,299.83
2026-06-27T15:30:15,4078.699951171875,373.63,95.03,87.36,109.7,82.19,91.63,28.46,1.138952136039734,161.68499755859375,6.789700031280518,69.2300033569336,6.141499996185303,26.57,7401.75,29368.25,3022.60009765625,60135.6015625,79.83,96.22,109.5,18.41,89.02,66.787,31.59,23.94,92.8,728.99,706.52,299.83
2026-06-27T15:45:12,4078.699951171875,373.63,95.03,87.36,109.7,82.19,91.63,28.46,1.138952136039734,161.68499755859375,6.789700031280518,69.2300033569336,6.141499996185303,26.57,7401.75,29368.25,3022.60009765625,60093.5390625,79.83,96.22,109.5,18.41,89.02,66.787,31.59,23.94,92.8,728.99,706.52,299.83
2026-06-27T16:00:08,4078.699951171875,373.63,95.03,87.36,109.7,82.19,91.63,28.46,1.138952136039734,161.68499755859375,6.789700031280518,69.2300033569336,6.141499996185303,26.57,7401.75,29368.25,3022.60009765625,60092.01171875,79.83,96.22,109.5,18.41,89.02,66.787,31.59,23.94,92.8,728.99,706.52,299.83
2026-06-27T16:15:05,4078.699951171875,373.63,95.03,87.36,109.7,82.19,91.63,28.46,1.138952136039734,161.68499755859375,6.789700031280518,69.2300033569336,6.141499996185303,26.57,7401.75,29368.25,3022.60009765625,60168.1015625,79.83,96.22,109.5,18.41,89.02,66.787,31.59,23.94,92.8,728.99,706.52,299.83
2026-06-27T16:31:01,4078.699951171875,373.63,95.03,87.36,109.7,82.19,91.63,28.46,1.138952136039734,161.68499755859375,6.789700031280518,69.2300033569336,6.141499996185303,26.57,7401.75,29368.25,3022.60009765625,60177.69921875,79.83,96.22,109.5,18.41,89.02,66.787,31.59,23.94,92.8,728.99,706.52,299.83
2026-06-27T16:45:58,4078.699951171875,373.63,95.03,87.36,109.7,82.19,91.63,28.46,1.138952136039734,161.68499755859375,6.789700031280518,69.2300033569336,6.141499996185303,26.57,7401.75,29368.25,3022.60009765625,60173.0390625,79.83,96.22,109.5,18.41,89.02,66.787,31.59,23.94,92.8,728.99,706.52,299.83
2026-06-27T17:00:55,4078.699951171875,373.63,95.03,87.36,109.7,82.19,91.63,28.46,1.138952136039734,161.68499755859375,6.789700031280518,69.2300033569336,6.141499996185303,26.57,7401.75,29368.25,3022.60009765625,60223.01953125,79.83,96.22,109.5,18.41,89.02,66.787,31.59,23.94,92.8,728.99,706.52,299.83
2026-06-27T17:15:51,4078.699951171875,373.63,95.03,87.36,109.7,82.19,91.63,28.46,1.138952136039734,161.68499755859375,6.789700031280518,69.2300033569336,6.141499996185303,26.57,7401.75,29368.25,3022.60009765625,60283.91015625,79.83,96.22,109.5,18.41,89.02,66.787,31.59,23.94,92.8,728.99,706.52,299.83
2026-06-27T17:30:48,4078.699951171875,373.63,95.03,87.36,109.7,82.19,91.63,28.46,1.138952136039734,161.68499755859375,6.789700031280518,69.2300033569336,6.141499996185303,26.57,7401.75,29368.25,3022.60009765625,60370.73828125,79.83,96.22,109.5,18.41,89.02,66.787,31.59,23.94,92.8,728.99,706.52,299.83
2026-06-27T17:45:44,4078.699951171875,373.63,95.03,87.36,109.7,82.19,91.63,28.46,1.138952136039734,161.68499755859375,6.789700031280518,69.2300033569336,6.141499996185303,26.57,7401.75,29368.25,3022.60009765625,60159.6015625,79.83,96.22,109.5,18.41,89.02,66.787,31.59,23.94,92.8,728.99,706.52,299.83
2026-06-27T18:00:41,4078.699951171875,373.63,95.03,87.36,109.7,82.19,91.63,28.46,1.138952136039734,161.68499755859375,6.789700031280518,69.2300033569336,6.141499996185303,26.57,7401.75,29368.25,3022.60009765625,60017.578125,79.83,96.22,109.5,18.41,89.02,66.787,31.59,23.94,92.8,728.99,706.52,299.83
2026-06-27T18:15:39,4078.699951171875,373.63,95.03,87.36,109.7,82.19,91.63,28.46,1.138952136039734,161.68499755859375,6.789700031280518,69.2300033569336,6.141499996185303,26.57,7401.75,29368.25,3022.60009765625,59966.80859375,79.83,96.22,109.5,18.41,89.02,66.787,31.59,23.94,92.8,728.99,706.52,299.83
2026-06-27T18:30:35,4078.699951171875,373.63,95.03,87.36,109.7,82.19,91.63,28.46,1.138952136039734,161.68499755859375,6.789700031280518,69.2300033569336,6.141499996185303,26.57,7401.75,29368.25,3022.60009765625,60052.48828125,79.83,96.22,109.5,18.41,89.02,66.787,31.59,23.94,92.8,728.99,706.52,299.83
2026-06-27T18:45:31,4078.699951171875,373.63,95.03,87.36,109.7,82.19,91.63,28.46,1.138952136039734,161.68499755859375,6.789700031280518,69.2300033569336,6.141499996185303,26.57,7401.75,29368.25,3022.60009765625,60075.4609375,79.83,96.22,109.5,18.41,89.02,66.787,31.59,23.94,92.8,728.99,706.52,299.83
2026-06-27T19:00:27,4078.699951171875,373.63,95.03,87.36,109.7,82.19,91.63,28.46,1.138952136039734,161.68499755859375,6.789700031280518,69.2300033569336,6.141499996185303,26.57,7401.75,29368.25,3022.60009765625,60132.109375,79.83,96.22,109.5,18.41,89.02,66.787,31.59,23.94,92.8,728.99,706.52,299.83
2026-06-27T19:15:24,4078.699951171875,373.63,95.03,87.36,109.7,82.19,91.63,28.46,1.138952136039734,161.68499755859375,6.789700031280518,69.2300033569336,6.141499996185303,26.57,7401.75,29368.25,3022.60009765625,59953.2890625,79.83,96.22,109.5,18.41,89.02,66.787,31.59,23.94,92.8,728.99,706.52,299.83
2026-06-27T19:30:20,4078.699951171875,373.63,95.03,87.36,109.7,82.19,91.63,28.46,1.138952136039734,161.68499755859375,6.789700031280518,69.2300033569336,6.141499996185303,26.57,7401.75,29368.25,3022.60009765625,59891.44140625,79.83,96.22,109.5,18.41,89.02,66.787,31.59,23.94,92.8,728.99,706.52,299.83
2026-06-27T19:45:16,4078.699951171875,373.63,95.03,87.36,109.7,82.19,91.63,28.46,1.138952136039734,161.68499755859375,6.789700031280518,69.2300033569336,6.141499996185303,26.57,7401.75,29368.25,3022.60009765625,59969.8984375,79.83,96.22,109.5,18.41,89.02,66.787,31.59,23.94,92.8,728.99,706.52,299.83
2026-06-27T20:00:12,4078.699951171875,373.63,95.03,87.36,109.7,82.19,91.63,28.46,1.138952136039734,161.68499755859375,6.789700031280518,69.2300033569336,6.141499996185303,26.57,7401.75,29368.25,3022.60009765625,59940.609375,79.83,96.22,109.5,18.41,89.02,66.787,31.59,23.94,92.8,728.99,706.52,299.83
2026-06-27T20:15:08,4078.699951171875,373.63,95.03,87.36,109.7,82.19,91.63,28.46,1.138952136039734,161.68499755859375,6.789700031280518,69.2300033569336,6.141499996185303,26.57,7401.75,29368.25,3022.60009765625,60036.94921875,79.83,96.22,109.5,18.41,89.02,66.787,31.59,23.94,92.8,728.99,706.52,299.83
2026-06-27T20:30:06,4078.699951171875,373.63,95.03,87.36,109.7,82.19,91.63,28.46,1.138952136039734,161.68499755859375,6.789700031280518,69.2300033569336,6.141499996185303,26.57,7401.75,29368.25,3022.60009765625,60067.98828125,79.83,96.22,109.5,18.41,89.02,66.787,31.59,23.94,92.8,728.99,706.52,299.83
2026-06-27T20:45:02,4078.699951171875,373.63,95.03,87.36,109.7,82.19,91.63,28.46,1.138952136039734,161.68499755859375,6.789700031280518,69.2300033569336,6.141499996185303,26.57,7401.75,29368.25,3022.60009765625,60085.0703125,79.83,96.22,109.5,18.41,89.02,66.787,31.59,23.94,92.8,728.99,706.52,299.83
2026-06-27T21:00:59,4078.699951171875,373.63,95.03,87.36,109.7,82.19,91.63,28.46,1.138952136039734,161.68499755859375,6.789700031280518,69.2300033569336,6.141499996185303,26.57,7401.75,29368.25,3022.60009765625,60067.73828125,79.83,96.22,109.5,18.41,89.02,66.787,31.59,23.94,92.8,728.99,706.52,299.83
2026-06-27T21:15:57,4078.699951171875,373.63,95.03,87.36,109.7,82.19,91.63,28.46,1.138952136039734,161.68499755859375,6.789700031280518,69.2300033569336,6.141499996185303,26.57,7401.75,29368.25,3022.60009765625,59994.98828125,79.83,96.22,109.5,18.41,89.02,66.787,31.59,23.94,92.8,728.99,706.52,299.83
2026-06-27T21:30:54,4078.699951171875,373.63,95.03,87.36,109.7,82.19,91.63,28.46,1.138952136039734,161.68499755859375,6.789700031280518,69.2300033569336,6.141499996185303,26.57,7401.75,29368.25,3022.60009765625,60105.80859375,79.83,96.22,109.5,18.41,89.02,66.787,31.59,23.94,92.8,728.99,706.52,299.83
2026-06-27T21:45:51,4078.699951171875,373.63,95.03,87.36,109.7,82.19,91.63,28.46,1.138952136039734,161.68499755859375,6.789700031280518,69.2300033569336,6.141499996185303,26.57,7401.75,29368.25,3022.60009765625,60153.2890625,79.83,96.22,109.5,18.41,89.02,66.787,31.59,23.94,92.8,728.99,706.52,299.83
2026-06-27T22:00:47,4078.699951171875,373.63,95.03,87.36,109.7,82.19,91.63,28.46,1.138952136039734,161.68499755859375,6.789700031280518,69.2300033569336,6.141499996185303,26.57,7401.75,29368.25,3022.60009765625,60140.48046875,79.83,96.22,109.5,18.41,89.02,66.787,31.59,23.94,92.8,728.99,706.52,299.83
2026-06-27T22:15:43,4078.699951171875,373.63,95.03,87.36,109.7,82.19,91.63,28.46,1.138952136039734,161.68499755859375,6.789700031280518,69.2300033569336,6.141499996185303,26.57,7401.75,29368.25,3022.60009765625,60197.76171875,79.83,96.22,109.5,18.41,89.02,66.787,31.59,23.94,92.8,728.99,706.52,299.83
2026-06-27T22:30:40,4078.699951171875,373.63,95.03,87.36,109.7,82.19,91.63,28.46,1.138952136039734,161.68499755859375,6.789700031280518,69.2300033569336,6.141499996185303,26.57,7401.75,29368.25,3022.60009765625,60045.4609375,79.83,96.22,109.5,18.41,89.02,66.787,31.59,23.94,92.8,728.99,706.52,299.83
2026-06-27T22:45:39,4078.699951171875,373.63,95.03,87.36,109.7,82.19,91.63,28.46,1.138952136039734,161.68499755859375,6.789700031280518,69.2300033569336,6.141499996185303,26.57,7401.75,29368.25,3022.60009765625,60046.390625,79.83,96.22,109.5,18.41,89.02,66.787,31.59,23.94,92.8,728.99,706.52,299.83
2026-06-27T23:00:37,4078.699951171875,373.63,95.03,87.36,109.7,82.19,91.63,28.46,1.138952136039734,161.68499755859375,6.789700031280518,69.2300033569336,6.141499996185303,26.57,7401.75,29368.25,3022.60009765625,60094.05078125,79.83,96.22,109.5,18.41,89.02,66.787,31.59,23.94,92.8,728.99,706.52,299.83
2026-06-27T23:15:34,4078.699951171875,373.63,95.03,87.36,109.7,82.19,91.63,28.46,1.138952136039734,161.68499755859375,6.789700031280518,69.2300033569336,6.141499996185303,26.57,7401.75,29368.25,3022.60009765625,60113.62890625,79.83,96.22,109.5,18.41,89.02,66.787,31.59,23.94,92.8,728.99,706.52,299.83
2026-06-27T23:30:31,4078.699951171875,373.63,95.03,87.36,109.7,82.19,91.63,28.46,1.138952136039734,161.68499755859375,6.789700031280518,69.2300033569336,6.141499996185303,26.57,7401.75,29368.25,3022.60009765625,60181.03125,79.83,96.22,109.5,18.41,89.02,66.787,31.59,23.94,92.8,728.99,706.52,299.83
2026-06-27T23:45:28,4078.699951171875,373.63,95.03,87.36,109.7,82.19,91.63,28.46,1.138952136039734,161.68499755859375,6.789700031280518,69.2300033569336,6.141499996185303,26.57,7401.75,29368.25,3022.60009765625,60111.51171875,79.83,96.22,109.5,18.41,89.02,66.787,31.59,23.94,92.8,728.99,706.52,299.83
2026-06-28T00:00:24,4096.2998046875,373.63,95.03,87.36,109.7,82.19,91.63,28.46,1.138952136039734,161.68499755859375,6.789700031280518,69.2300033569336,6.206999778747559,26.57,7401.75,29368.25,3022.60009765625,60119.80859375,79.83,96.22,109.5,18.41,89.02,66.787,31.59,23.940000534057617,92.8,728.99,706.52,299.83
2026-06-28T00:15:21,4096.2998046875,373.63,95.03,87.36,109.7,82.19,91.63,28.46,1.138952136039734,161.68499755859375,6.789700031280518,69.2300033569336,6.206999778747559,26.57,7401.75,29368.25,3022.60009765625,60132.078125,79.83,96.22,109.5,18.41,89.02,66.787,31.59,23.940000534057617,92.8,728.99,706.52,299.83
2026-06-28T00:30:17,4096.2998046875,373.63,95.03,87.36,109.7,82.19,91.63,28.46,1.138952136039734,161.68499755859375,6.789700031280518,69.2300033569336,6.206999778747559,26.57,7401.75,29368.25,3022.60009765625,60086.94140625,79.83,96.22,109.5,18.41,89.0199966430664,66.787,31.59,23.940000534057617,92.8,728.99,706.52,299.83
2026-06-28T00:45:13,4096.2998046875,373.63,95.03,87.36,109.7,82.19,91.63,28.46,1.138952136039734,161.68499755859375,6.789700031280518,69.2300033569336,6.206999778747559,26.57,7401.75,29368.25,3022.60009765625,60080.05078125,79.83,96.22,109.5,18.41,89.0199966430664,66.787,31.59,23.940000534057617,92.8000030517578,728.99,706.52001953125,299.8299865722656
2026-06-28T01:00:08,4096.2998046875,373.63,95.02999877929688,87.36000061035156,109.7,82.19000244140625,91.63,28.46,1.138952136039734,161.68499755859375,6.789700031280518,69.2300033569336,6.206999778747559,26.57,7401.75,29368.25,3022.60009765625,60049.91015625,79.83,96.22,109.5,18.41,89.0199966430664,66.79000091552734,31.59,23.940000534057617,92.8000030517578,728.99,706.52001953125,299.8299865722656
2026-06-28T01:15:05,4096.2998046875,373.63,95.02999877929688,87.36000061035156,109.7,82.19000244140625,91.63,28.46,1.138952136039734,161.68499755859375,6.789700031280518,69.2300033569336,6.206999778747559,26.57,7401.75,29368.25,3022.60009765625,59927.98046875,79.83,96.22,109.5,18.41,89.0199966430664,66.79000091552734,31.59,23.940000534057617,92.8000030517578,728.99,706.52001953125,299.8299865722656
2026-06-28T01:31:02,4096.2998046875,373.63,95.02999877929688,87.36000061035156,109.7,82.19000244140625,91.63,28.46,1.138952136039734,161.68499755859375,6.789700031280518,69.2300033569336,6.206999778747559,26.57,7401.75,29368.25,3022.60009765625,59751.69921875,79.83,96.22,109.5,18.40999984741211,89.0199966430664,66.79000091552734,31.59,23.940000534057617,92.8000030517578,728.99,706.52001953125,299.8299865722656
2026-06-28T01:46:00,4096.2998046875,373.63,95.02999877929688,87.36000061035156,109.7,82.19000244140625,91.63,28.46,1.138952136039734,161.68499755859375,6.789700031280518,69.2300033569336,6.206999778747559,26.57,7401.75,29368.25,3022.60009765625,59841.359375,79.83,96.22,109.5,18.40999984741211,89.0199966430664,66.79000091552734,31.59,23.940000534057617,92.8000030517578,728.99,706.52001953125,299.8299865722656
2026-06-28T02:00:57,4096.2998046875,373.63,95.02999877929688,87.36000061035156,109.7,82.19000244140625,91.63,28.46,1.138952136039734,161.68499755859375,6.789700031280518,69.2300033569336,6.206999778747559,26.57,7401.75,29368.25,3022.60009765625,59917.859375,79.83,96.22,109.5,18.40999984741211,89.0199966430664,66.79000091552734,31.59,23.940000534057617,92.8000030517578,728.99,706.52001953125,299.8299865722656
2026-06-28T02:15:53,4096.2998046875,373.63,95.02999877929688,87.36000061035156,109.7,82.19000244140625,91.63,28.46,1.138952136039734,161.68499755859375,6.789700031280518,69.2300033569336,6.206999778747559,26.57,7401.75,29368.25,3022.60009765625,59758.28125,79.83,96.22,109.5,18.40999984741211,89.0199966430664,66.79000091552734,31.59,23.940000534057617,92.8000030517578,728.989990234375,706.52001953125,299.8299865722656
2026-06-28T02:30:50,4096.2998046875,373.63,95.02999877929688,87.36000061035156,109.7,82.19000244140625,91.63,28.46,1.138952136039734,161.68499755859375,6.789700031280518,69.2300033569336,6.206999778747559,26.57,7401.75,29368.25,3022.60009765625,59861.25,79.83,96.22,109.5,18.40999984741211,89.0199966430664,66.79000091552734,31.59,23.940000534057617,92.8000030517578,728.989990234375,706.52001953125,299.8299865722656
2026-06-28T02:45:46,4096.2998046875,373.63,95.02999877929688,87.36000061035156,109.7,82.19000244140625,91.63,28.46,1.138952136039734,161.68499755859375,6.789700031280518,69.2300033569336,6.206999778747559,26.57,7401.75,29368.25,3022.60009765625,59865.91015625,79.83,96.22,109.5,18.40999984741211,89.0199966430664,66.79000091552734,31.59,23.940000534057617,92.8000030517578,728.989990234375,706.52001953125,299.8299865722656
2026-06-28T03:00:43,4096.2998046875,373.63,95.02999877929688,87.36000061035156,109.7,82.19000244140625,91.63,28.46,1.138952136039734,161.68499755859375,6.789700031280518,69.2300033569336,6.206999778747559,26.57,7401.75,29368.25,3022.60009765625,59928.05859375,79.83,96.22,109.5,18.40999984741211,89.0199966430664,66.79000091552734,31.59,23.940000534057617,92.8000030517578,728.989990234375,706.52001953125,299.8299865722656
2026-06-28T03:15:40,4096.2998046875,373.63,95.02999877929688,87.36000061035156,109.7,82.19000244140625,91.62999725341795,28.459999084472656,1.138952136039734,161.68499755859375,6.789700031280518,69.2300033569336,6.206999778747559,26.56999969482422,7401.75,29368.25,3022.60009765625,60052.48828125,79.83000183105469,96.22,109.5,18.40999984741211,89.0199966430664,66.79000091552734,31.59,23.940000534057617,92.8000030517578,728.989990234375,706.52001953125,299.8299865722656
2026-06-28T03:30:37,4096.2998046875,373.6300048828125,95.02999877929688,87.36000061035156,109.6999969482422,82.19000244140625,91.62999725341795,28.459999084472656,1.138952136039734,161.68499755859375,6.789700031280518,69.2300033569336,6.206999778747559,26.56999969482422,7401.75,29368.25,3022.60009765625,60024.94921875,79.83000183105469,96.22000122070312,109.5,18.40999984741211,89.0199966430664,66.79000091552734,31.59000015258789,23.940000534057617,92.8000030517578,728.989990234375,706.52001953125,299.8299865722656
2026-06-28T03:45:37,4096.3,373.6300048828125,95.02999877929688,87.36000061035156,109.6999969482422,82.19000244140625,91.62999725341795,28.459999084472656,1.138952136039734,161.68499755859375,6.789700031280518,69.2300033569336,6.207,26.56999969482422,7401.75,29368.25,3022.60009765625,60122.890625,79.83000183105469,96.22,109.5,18.40999984741211,89.0199966430664,66.79000091552734,31.59000015258789,23.940000534057617,92.8000030517578,728.989990234375,706.52001953125,299.8299865722656
2026-06-28T04:00:33,4096.2998046875,373.6300048828125,95.02999877929688,87.36000061035156,109.6999969482422,82.19000244140625,91.62999725341795,28.459999084472656,1.138952136039734,161.68499755859375,6.789700031280518,69.2300033569336,6.206999778747559,26.56999969482422,7401.75,29368.25,3022.60009765625,60101.4609375,79.83000183105469,96.22,109.5,18.40999984741211,89.0199966430664,66.79000091552734,31.59000015258789,23.940000534057617,92.8000030517578,728.989990234375,706.52001953125,299.8299865722656
2026-06-28T04:15:29,4096.2998046875,373.6300048828125,95.02999877929688,87.36000061035156,109.6999969482422,82.19000244140625,91.62999725341795,28.459999084472656,1.138952136039734,161.68499755859375,6.789700031280518,69.2300033569336,6.206999778747559,26.56999969482422,7401.75,29368.25,3022.60009765625,60073.921875,79.83000183105469,96.22000122070312,109.5,18.40999984741211,89.0199966430664,66.79000091552734,31.59000015258789,23.940000534057617,92.8000030517578,728.989990234375,706.52001953125,299.8299865722656
2026-06-28T04:30:26,4096.2998046875,373.6300048828125,95.02999877929688,87.36000061035156,109.6999969482422,82.19000244140625,91.62999725341795,28.459999084472656,1.138952136039734,161.68499755859375,6.789700031280518,69.2300033569336,6.206999778747559,26.56999969482422,7401.75,29368.25,3022.60009765625,60136.0,79.83000183105469,96.22000122070312,109.5,18.40999984741211,89.0199966430664,66.79000091552734,31.59000015258789,23.940000534057617,92.8000030517578,728.989990234375,706.52001953125,299.8299865722656
2026-06-28T04:45:23,4096.2998046875,373.6300048828125,95.02999877929688,87.36000061035156,109.6999969482422,82.19000244140625,91.62999725341795,28.459999084472656,1.138952136039734,161.68499755859375,6.789700031280518,69.2300033569336,6.206999778747559,26.56999969482422,7401.75,29368.25,3022.60009765625,60383.80859375,79.83000183105469,96.22000122070312,109.5,18.40999984741211,89.0199966430664,66.79000091552734,31.59000015258789,23.940000534057617,92.8000030517578,728.989990234375,706.52001953125,299.8299865722656
2026-06-28T05:00:19,4096.2998046875,373.6300048828125,95.02999877929688,87.36000061035156,109.6999969482422,82.19000244140625,91.62999725341795,28.459999084472656,1.138952136039734,161.68499755859375,6.789700031280518,69.2300033569336,6.206999778747559,26.56999969482422,7401.75,29368.25,3022.60009765625,60288.16015625,79.83000183105469,96.22000122070312,109.5,18.40999984741211,89.0199966430664,66.79000091552734,31.59000015258789,23.940000534057617,92.8000030517578,728.989990234375,706.52001953125,299.8299865722656
2026-06-28T05:15:19,4096.2998046875,373.6300048828125,95.02999877929688,87.36000061035156,109.6999969482422,82.19000244140625,91.62999725341795,28.459999084472656,1.138952136039734,161.68499755859375,6.789700031280518,69.2300033569336,6.206999778747559,26.56999969482422,7401.75,29368.25,3022.60009765625,60289.98828125,79.83000183105469,96.22000122070312,109.5,18.40999984741211,89.0199966430664,66.79000091552734,31.59000015258789,23.940000534057617,92.8000030517578,728.989990234375,706.52001953125,299.8299865722656
2026-06-28T05:30:16,4096.2998046875,373.6300048828125,95.02999877929688,87.36000061035156,109.6999969482422,82.19000244140625,91.62999725341795,28.459999084472656,1.138952136039734,161.68499755859375,6.789700031280518,69.2300033569336,6.206999778747559,26.56999969482422,7401.75,29368.25,3022.60009765625,60226.921875,79.83000183105469,96.22000122070312,109.5,18.40999984741211,89.0199966430664,66.79000091552734,31.59000015258789,23.940000534057617,92.8000030517578,728.989990234375,706.52001953125,299.8299865722656
2026-06-28T05:45:11,4096.3,373.6300048828125,95.02999877929688,87.36000061035156,109.6999969482422,82.19000244140625,91.62999725341795,28.459999084472656,1.138952136039734,161.68499755859375,6.789700031280518,69.23,6.207,26.56999969482422,7401.75,29368.25,3022.60009765625,60296.0,79.83000183105469,96.22000122070312,109.5,18.40999984741211,89.0199966430664,66.79000091552734,31.59000015258789,23.940000534057617,92.8000030517578,728.989990234375,706.52001953125,299.8299865722656
2026-06-28T06:00:08,4096.2998046875,373.6300048828125,95.02999877929688,87.36000061035156,109.6999969482422,82.19000244140625,91.62999725341795,28.459999084472656,1.138952136039734,161.68499755859375,6.789700031280518,69.2300033569336,6.206999778747559,26.56999969482422,7401.75,29368.25,3022.60009765625,60177.94921875,79.83000183105469,96.22000122070312,109.5,18.40999984741211,89.0199966430664,66.79000091552734,31.59000015258789,23.940000534057617,92.8000030517578,728.989990234375,706.52001953125,299.8299865722656
2026-06-28T06:15:05,4096.2998046875,373.6300048828125,95.02999877929688,87.36000061035156,109.6999969482422,82.19000244140625,91.62999725341795,28.459999084472656,1.138952136039734,161.68499755859375,6.789700031280518,69.2300033569336,6.206999778747559,26.56999969482422,7401.75,29368.25,3022.60009765625,60156.55078125,79.83000183105469,96.22000122070312,109.5,18.40999984741211,89.0199966430664,66.79000091552734,31.59000015258789,23.940000534057617,92.8000030517578,728.989990234375,706.52001953125,299.8299865722656
2026-06-28T06:31:00,4096.2998046875,373.6300048828125,95.02999877929688,87.36000061035156,109.6999969482422,82.19000244140625,91.62999725341795,28.459999084472656,1.138952136039734,161.68499755859375,6.789700031280518,69.2300033569336,6.206999778747559,26.56999969482422,7401.75,29368.25,3022.60009765625,60024.9609375,79.83000183105469,96.22000122070312,109.5,18.40999984741211,89.0199966430664,66.79000091552734,31.59000015258789,23.940000534057617,92.8000030517578,728.989990234375,706.52001953125,299.8299865722656
2026-06-28T06:45:58,4096.2998046875,373.6300048828125,95.02999877929688,87.36000061035156,109.6999969482422,82.19000244140625,91.62999725341795,28.459999084472656,1.138952136039734,161.68499755859375,6.789700031280518,69.2300033569336,6.206999778747559,26.56999969482422,7401.75,29368.25,3022.60009765625,60053.37890625,79.83000183105469,96.22000122070312,109.5,18.40999984741211,89.0199966430664,66.79000091552734,31.59000015258789,23.940000534057617,92.8000030517578,728.989990234375,706.52001953125,299.8299865722656
2026-06-28T07:00:57,4096.2998046875,373.6300048828125,95.02999877929688,87.36000061035156,109.6999969482422,82.19000244140625,91.62999725341795,28.459999084472656,1.138952136039734,161.68499755859375,6.789700031280518,69.2300033569336,6.206999778747559,26.56999969482422,7401.75,29368.25,3022.60009765625,60085.05078125,79.83000183105469,96.22000122070312,109.5,18.40999984741211,89.0199966430664,66.79000091552734,31.59000015258789,23.940000534057617,92.8000030517578,728.989990234375,706.52001953125,299.8299865722656
2026-06-28T07:15:54,4096.2998046875,373.6300048828125,95.02999877929688,87.36000061035156,109.6999969482422,82.19000244140625,91.62999725341795,28.459999084472656,1.138952136039734,161.68499755859375,6.789700031280518,69.2300033569336,6.206999778747559,26.56999969482422,7401.75,29368.25,3022.60009765625,60052.48828125,79.83000183105469,96.22000122070312,109.5,18.40999984741211,89.0199966430664,66.79000091552734,31.59000015258789,23.940000534057617,92.8000030517578,728.989990234375,706.52001953125,299.8299865722656
2026-06-28T07:30:49,4096.2998046875,373.6300048828125,95.02999877929688,87.36000061035156,109.6999969482422,82.19000244140625,91.62999725341795,28.459999084472656,1.138952136039734,161.68499755859375,6.789700031280518,69.2300033569336,6.206999778747559,26.56999969482422,7401.75,29368.25,3022.60009765625,60220.80859375,79.83000183105469,96.22000122070312,109.5,18.40999984741211,89.0199966430664,66.79000091552734,31.59000015258789,23.940000534057617,92.8000030517578,728.989990234375,706.52001953125,299.8299865722656
2026-06-28T07:45:45,4096.2998046875,373.6300048828125,95.02999877929688,87.36000061035156,109.6999969482422,82.19000244140625,91.62999725341795,28.459999084472656,1.138952136039734,161.68499755859375,6.789700031280518,69.2300033569336,6.206999778747559,26.56999969482422,7401.75,29368.25,3022.60009765625,60228.69921875,79.83000183105469,96.22000122070312,109.5,18.40999984741211,89.0199966430664,66.79000091552734,31.59000015258789,23.940000534057617,92.8000030517578,728.989990234375,706.52001953125,299.8299865722656
2026-06-28T08:00:42,4096.2998046875,373.6300048828125,95.02999877929688,87.36000061035156,109.6999969482422,82.19000244140625,91.62999725341795,28.459999084472656,1.138952136039734,161.68499755859375,6.789700031280518,69.2300033569336,6.206999778747559,26.56999969482422,7401.75,29368.25,3022.60009765625,60248.421875,79.83000183105469,96.22000122070312,109.5,18.40999984741211,89.0199966430664,66.79000091552734,31.59000015258789,23.940000534057617,92.8000030517578,728.989990234375,706.52001953125,299.8299865722656
2026-06-28T08:15:38,4096.2998046875,373.6300048828125,95.02999877929688,87.36000061035156,109.6999969482422,82.19000244140625,91.62999725341795,28.459999084472656,1.138952136039734,161.68499755859375,6.789700031280518,69.2300033569336,6.206999778747559,26.56999969482422,7401.75,29368.25,3022.60009765625,60233.2109375,79.83000183105469,96.22000122070312,109.5,18.40999984741211,89.0199966430664,66.79000091552734,31.59000015258789,23.940000534057617,92.8000030517578,728.989990234375,706.52001953125,299.8299865722656
2026-06-28T08:30:34,4096.2998046875,373.6300048828125,95.02999877929688,87.36000061035156,109.6999969482422,82.19000244140625,91.62999725341795,28.459999084472656,1.138952136039734,161.68499755859375,6.789700031280518,69.2300033569336,6.206999778747559,26.56999969482422,7401.75,29368.25,3022.60009765625,60329.44140625,79.83000183105469,96.22000122070312,109.5,18.40999984741211,89.0199966430664,66.79000091552734,31.59000015258789,23.940000534057617,92.8000030517578,728.989990234375,706.52001953125,299.8299865722656
2026-06-28T08:45:30,4096.3,373.6300048828125,95.02999877929688,87.36000061035156,109.6999969482422,82.19000244140625,91.62999725341795,28.459999084472656,1.138952136039734,161.68499755859375,6.789700031280518,69.2300033569336,6.207,26.56999969482422,7401.75,29368.25,3022.60009765625,60164.109375,79.83000183105469,96.22000122070312,109.5,18.40999984741211,89.0199966430664,66.79000091552734,31.59000015258789,23.940000534057617,92.8000030517578,728.989990234375,706.52001953125,299.8299865722656
2026-06-28T09:00:27,4096.2998046875,373.6300048828125,95.02999877929688,87.36000061035156,109.6999969482422,82.19000244140625,91.62999725341795,28.459999084472656,1.138952136039734,161.68499755859375,6.789700031280518,69.2300033569336,6.206999778747559,26.56999969482422,7401.75,29368.25,3022.60009765625,60193.26953125,79.83000183105469,96.22000122070312,109.5,18.40999984741211,89.0199966430664,66.79000091552734,31.59000015258789,23.940000534057617,92.8000030517578,728.989990234375,706.52001953125,299.8299865722656
2026-06-28T09:16:01,4096.2998046875,373.6300048828125,95.02999877929688,87.36000061035156,109.6999969482422,82.19000244140625,91.62999725341795,28.459999084472656,1.138952136039734,161.68499755859375,6.789700031280518,69.2300033569336,6.206999778747559,26.56999969482422,7401.75,29368.25,3022.60009765625,59994.37109375,79.83000183105469,96.22000122070312,109.5,18.40999984741211,89.0199966430664,66.79000091552734,31.59000015258789,23.940000534057617,92.8000030517578,728.989990234375,706.52001953125,299.8299865722656
2026-06-28T09:30:57,4096.2998046875,373.6300048828125,95.02999877929688,87.36000061035156,109.6999969482422,82.19000244140625,91.62999725341795,28.459999084472656,1.138952136039734,161.68499755859375,6.789700031280518,69.2300033569336,6.206999778747559,26.56999969482422,7401.75,29368.25,3022.60009765625,60058.8984375,79.83000183105469,96.22000122070312,109.5,18.40999984741211,89.0199966430664,66.79000091552734,31.59000015258789,23.940000534057617,92.8000030517578,728.989990234375,706.52001953125,299.8299865722656
2026-06-28T09:45:53,4096.2998046875,373.6300048828125,95.02999877929688,87.36000061035156,109.6999969482422,82.19000244140625,91.62999725341795,28.459999084472656,1.138952136039734,161.68499755859375,6.789700031280518,69.2300033569336,6.206999778747559,26.56999969482422,7401.75,29368.25,3022.60009765625,60014.921875,79.83000183105469,96.22000122070312,109.5,18.40999984741211,89.0199966430664,66.79000091552734,31.59000015258789,23.940000534057617,92.8000030517578,728.989990234375,706.52001953125,299.8299865722656
2026-06-28T10:00:49,4096.2998046875,373.6300048828125,95.02999877929688,87.36000061035156,109.6999969482422,82.19000244140625,91.62999725341795,28.459999084472656,1.138952136039734,161.68499755859375,6.797500133514404,69.2300033569336,6.206999778747559,26.56999969482422,7401.75,29368.25,3022.60009765625,59992.33984375,79.83000183105469,96.22000122070312,109.5,18.40999984741211,89.0199966430664,66.79000091552734,31.59000015258789,23.940000534057617,92.8000030517578,728.989990234375,706.52001953125,299.8299865722656
2026-06-28T10:15:44,4096.2998046875,373.6300048828125,95.02999877929688,87.36000061035156,109.6999969482422,82.19000244140625,91.62999725341795,28.459999084472656,1.138952136039734,161.68499755859375,6.797500133514404,69.2300033569336,6.206999778747559,26.56999969482422,7401.75,29368.25,3022.60009765625,60074.83984375,79.83000183105469,96.22000122070312,109.5,18.40999984741211,89.0199966430664,66.79000091552734,31.59000015258789,23.940000534057617,92.8000030517578,728.989990234375,706.52001953125,299.8299865722656
2026-06-28T10:30:40,4096.2998046875,373.6300048828125,95.02999877929688,87.36000061035156,109.6999969482422,82.19000244140625,91.62999725341795,28.459999084472656,1.138952136039734,161.68499755859375,6.797500133514404,69.2300033569336,6.206999778747559,26.56999969482422,7401.75,29368.25,3022.60009765625,60061.0703125,79.83000183105469,96.22000122070312,109.5,18.40999984741211,89.0199966430664,66.79000091552734,31.59000015258789,23.940000534057617,92.8000030517578,728.989990234375,706.52001953125,299.8299865722656
2026-06-28T10:45:37,4096.2998046875,373.6300048828125,95.02999877929688,87.36000061035156,109.6999969482422,82.19000244140625,91.62999725341795,28.459999084472656,1.138952136039734,161.68499755859375,6.797500133514404,69.2300033569336,6.206999778747559,26.56999969482422,7401.75,29368.25,3022.60009765625,60002.05859375,79.83000183105469,96.22000122070312,109.5,18.40999984741211,89.0199966430664,66.79000091552734,31.59000015258789,23.940000534057617,92.8000030517578,728.989990234375,706.52001953125,299.8299865722656
2026-06-28T11:00:33,4096.2998046875,373.6300048828125,95.02999877929688,87.36000061035156,109.6999969482422,82.19000244140625,91.62999725341795,28.459999084472656,1.138952136039734,161.68499755859375,6.797500133514404,69.2300033569336,6.206999778747559,26.56999969482422,7401.75,29368.25,3022.60009765625,59948.78125,79.83000183105469,96.22000122070312,109.5,18.40999984741211,89.0199966430664,66.79000091552734,31.59000015258789,23.940000534057617,92.8000030517578,728.989990234375,706.52001953125,299.8299865722656
2026-06-28T11:15:30,4096.2998046875,373.6300048828125,95.02999877929688,87.36000061035156,109.6999969482422,82.19000244140625,91.62999725341795,28.459999084472656,1.138952136039734,161.68499755859375,6.797500133514404,69.2300033569336,6.206999778747559,26.56999969482422,7401.75,29368.25,3022.60009765625,59958.0,79.83000183105469,96.22000122070312,109.5,18.40999984741211,89.0199966430664,66.79000091552734,31.59000015258789,23.940000534057617,92.8000030517578,728.989990234375,706.52001953125,299.8299865722656
2026-06-28T11:30:26,4096.2998046875,373.6300048828125,95.02999877929688,87.36000061035156,109.6999969482422,82.19000244140625,91.62999725341795,28.459999084472656,1.138952136039734,161.68499755859375,6.797500133514404,69.2300033569336,6.206999778747559,26.56999969482422,7401.75,29368.25,3022.60009765625,59922.0,79.83000183105469,96.22000122070312,109.5,18.40999984741211,89.0199966430664,66.79000091552734,31.59000015258789,23.940000534057617,92.8000030517578,728.989990234375,706.52001953125,299.8299865722656
2026-06-28T11:45:31,4096.2998046875,373.6300048828125,95.02999877929688,87.36000061035156,109.6999969482422,82.19000244140625,91.62999725341795,28.459999084472656,1.138952136039734,161.68499755859375,6.797500133514404,69.2300033569336,6.206999778747559,26.56999969482422,7401.75,29368.25,3022.6,59859.98046875,79.83000183105469,96.22000122070312,109.5,18.40999984741211,89.0199966430664,66.79000091552734,31.59000015258789,23.940000534057617,92.8000030517578,728.989990234375,706.52001953125,299.8299865722656
2026-06-28T12:00:28,4096.2998046875,373.6300048828125,95.02999877929688,87.36000061035156,109.6999969482422,82.19000244140625,91.62999725341795,28.459999084472656,1.138952136039734,161.68499755859375,6.797500133514404,69.2300033569336,6.206999778747559,26.56999969482422,7401.75,29368.25,3022.60009765625,59807.0703125,79.83000183105469,96.22000122070312,109.5,18.40999984741211,89.0199966430664,66.79000091552734,31.59000015258789,23.940000534057617,92.8000030517578,728.989990234375,706.52001953125,299.8299865722656
2026-06-28T12:15:24,4096.2998046875,373.6300048828125,95.02999877929688,87.36000061035156,109.6999969482422,82.19000244140625,91.62999725341795,28.459999084472656,1.138952136039734,161.68499755859375,6.789700031280518,69.2300033569336,6.206999778747559,26.56999969482422,7401.75,29368.25,3022.60009765625,59750.66015625,79.83000183105469,96.22000122070312,109.5,18.40999984741211,89.0199966430664,66.79000091552734,31.59000015258789,23.940000534057617,92.8000030517578,728.989990234375,706.52001953125,299.8299865722656
2026-06-28T12:30:20,4096.2998046875,373.6300048828125,95.02999877929688,87.36000061035156,109.6999969482422,82.19000244140625,91.62999725341795,28.459999084472656,1.138952136039734,161.68499755859375,6.789700031280518,69.2300033569336,6.206999778747559,26.56999969482422,7401.75,29368.25,3022.60009765625,59685.30859375,79.83000183105469,96.22000122070312,109.5,18.40999984741211,89.0199966430664,66.79000091552734,31.59000015258789,23.940000534057617,92.8000030517578,728.989990234375,706.52001953125,299.8299865722656
2026-06-28T12:45:17,4096.2998046875,373.6300048828125,95.02999877929688,87.36000061035156,109.6999969482422,82.19000244140625,91.62999725341795,28.459999084472656,1.138952136039734,161.68499755859375,6.789700031280518,69.2300033569336,6.206999778747559,26.56999969482422,7401.75,29368.25,3022.60009765625,59516.3203125,79.83000183105469,96.22000122070312,109.5,18.40999984741211,89.0199966430664,66.79000091552734,31.59000015258789,23.940000534057617,92.8000030517578,728.989990234375,706.52001953125,299.8299865722656
2026-06-28T13:00:13,4096.2998046875,373.6300048828125,95.02999877929688,87.36000061035156,109.6999969482422,82.19000244140625,91.62999725341795,28.459999084472656,1.138952136039734,161.68499755859375,6.789700031280518,69.2300033569336,6.206999778747559,26.56999969482422,7401.75,29368.25,3022.60009765625,59589.80078125,79.83000183105469,96.22000122070312,109.5,18.40999984741211,89.0199966430664,66.79000091552734,31.59000015258789,23.940000534057617,92.8000030517578,728.989990234375,706.52001953125,299.8299865722656
2026-06-28T13:15:09,4096.2998046875,373.6300048828125,95.02999877929688,87.36000061035156,109.6999969482422,82.19000244140625,91.62999725341795,28.459999084472656,1.138952136039734,161.68499755859375,6.789700031280518,69.2300033569336,6.206999778747559,26.56999969482422,7401.75,29368.25,3022.60009765625,59562.859375,79.83000183105469,96.22000122070312,109.5,18.40999984741211,89.0199966430664,66.79000091552734,31.59000015258789,23.940000534057617,92.8000030517578,728.989990234375,706.52001953125,299.8299865722656
2026-06-28T13:30:06,4096.2998046875,373.6300048828125,95.02999877929688,87.36000061035156,109.6999969482422,82.19000244140625,91.62999725341795,28.459999084472656,1.138952136039734,161.68499755859375,6.789700031280518,69.2300033569336,6.206999778747559,26.56999969482422,7401.75,29368.25,3022.60009765625,59510.30859375,79.83000183105469,96.22000122070312,109.5,18.40999984741211,89.0199966430664,66.79000091552734,31.59000015258789,23.940000534057617,92.8000030517578,728.989990234375,706.52001953125,299.8299865722656
2026-06-28T13:45:03,4096.2998046875,373.6300048828125,95.02999877929688,87.36000061035156,109.6999969482422,82.19000244140625,91.62999725341795,28.459999084472656,1.138952136039734,161.68499755859375,6.797500133514404,69.2300033569336,6.206999778747559,26.56999969482422,7401.75,29368.25,3022.60009765625,59445.328125,79.83000183105469,96.22000122070312,109.5,18.40999984741211,89.0199966430664,66.79000091552734,31.59000015258789,23.940000534057617,92.8000030517578,728.989990234375,706.52001953125,299.8299865722656
2026-06-28T14:00:58,4096.2998046875,373.6300048828125,95.02999877929688,87.36000061035156,109.6999969482422,82.19000244140625,91.62999725341795,28.459999084472656,1.138952136039734,161.68499755859375,6.797500133514404,69.2300033569336,6.206999778747559,26.56999969482422,7401.75,29368.25,3022.60009765625,59506.03125,79.83000183105469,96.22000122070312,109.5,18.40999984741211,89.0199966430664,66.79000091552734,31.59000015258789,23.940000534057617,92.8000030517578,728.989990234375,706.52001953125,299.8299865722656
2026-06-28T14:15:54,4096.2998046875,373.6300048828125,95.02999877929688,87.36000061035156,109.6999969482422,82.19000244140625,91.62999725341795,28.459999084472656,1.138952136039734,161.68499755859375,6.797500133514404,69.2300033569336,6.206999778747559,26.56999969482422,7401.75,29368.25,3022.60009765625,59558.98046875,79.83000183105469,96.22000122070312,109.5,18.40999984741211,89.0199966430664,66.79000091552734,31.59000015258789,23.940000534057617,92.8000030517578,728.989990234375,706.52001953125,299.8299865722656
2026-06-28T14:30:50,4096.2998046875,373.6300048828125,95.02999877929688,87.36000061035156,109.6999969482422,82.19000244140625,91.62999725341795,28.459999084472656,1.138952136039734,161.68499755859375,6.797500133514404,69.2300033569336,6.206999778747559,26.56999969482422,7401.75,29368.25,3022.60009765625,59557.0,79.83000183105469,96.22000122070312,109.5,18.40999984741211,89.0199966430664,66.79000091552734,31.59000015258789,23.940000534057617,92.8000030517578,728.989990234375,706.52001953125,299.8299865722656
2026-06-28T14:45:46,4096.2998046875,373.6300048828125,95.02999877929688,87.36000061035156,109.6999969482422,82.19000244140625,91.62999725341795,28.459999084472656,1.138952136039734,161.68499755859375,6.797500133514404,69.2300033569336,6.206999778747559,26.56999969482422,7401.75,29368.25,3022.60009765625,59507.66015625,79.83000183105469,96.22000122070312,109.5,18.40999984741211,89.0199966430664,66.79000091552734,31.59000015258789,23.940000534057617,92.8000030517578,728.989990234375,706.52001953125,299.8299865722656
2026-06-28T15:00:42,4096.2998046875,373.6300048828125,95.02999877929688,87.36000061035156,109.6999969482422,82.19000244140625,91.62999725341795,28.459999084472656,1.138952136039734,161.68499755859375,6.797500133514404,69.2300033569336,6.206999778747559,26.56999969482422,7401.75,29368.25,3022.60009765625,59509.48046875,79.83000183105469,96.22000122070312,109.5,18.40999984741211,89.0199966430664,66.79000091552734,31.59000015258789,23.940000534057617,92.8000030517578,728.989990234375,706.52001953125,299.8299865722656
2026-06-28T15:15:40,4096.2998046875,373.6300048828125,95.02999877929688,87.36000061035156,109.6999969482422,82.19000244140625,91.62999725341795,28.459999084472656,1.138952136039734,161.718994140625,6.797500133514404,69.2300033569336,6.206999778747559,26.56999969482422,7401.75,29368.25,3022.60009765625,59409.91015625,79.83000183105469,96.22000122070312,109.5,18.40999984741211,89.0199966430664,66.79000091552734,31.59000015258789,23.940000534057617,92.8000030517578,728.989990234375,706.52001953125,299.8299865722656
2026-06-28T15:30:36,4096.2998046875,373.6300048828125,95.02999877929688,87.36000061035156,109.6999969482422,82.19000244140625,91.62999725341795,28.459999084472656,1.138952136039734,161.7209930419922,6.797500133514404,69.2300033569336,6.206999778747559,26.56999969482422,7401.75,29368.25,3022.60009765625,59446.62890625,79.83000183105469,96.22000122070312,109.5,18.40999984741211,89.0199966430664,66.79000091552734,31.59000015258789,23.940000534057617,92.8000030517578,728.989990234375,706.52001953125,299.8299865722656
2026-06-28T15:45:31,4096.2998046875,373.6300048828125,95.02999877929688,87.36000061035156,109.6999969482422,82.19000244140625,91.62999725341795,28.459999084472656,1.138952136039734,161.7239990234375,6.797500133514404,69.2300033569336,6.206999778747559,26.56999969482422,7401.75,29368.25,3022.60009765625,59336.46875,79.83000183105469,96.22000122070312,109.5,18.40999984741211,89.0199966430664,66.79000091552734,31.59000015258789,23.940000534057617,92.8000030517578,728.989990234375,706.52001953125,299.8299865722656
2026-06-28T16:00:28,4096.2998046875,373.6300048828125,95.02999877929688,87.36000061035156,109.6999969482422,82.19000244140625,91.62999725341795,28.459999084472656,1.138952136039734,161.7220001220703,6.797500133514404,69.2300033569336,6.206999778747559,26.56999969482422,7401.75,29368.25,3022.60009765625,59402.51171875,79.83000183105469,96.22000122070312,109.5,18.40999984741211,89.0199966430664,66.79000091552734,31.59000015258789,23.940000534057617,92.8000030517578,728.989990234375,706.52001953125,299.8299865722656
2026-06-28T16:15:24,4096.2998046875,373.6300048828125,95.02999877929688,87.36000061035156,109.6999969482422,82.19000244140625,91.62999725341795,28.459999084472656,1.138952136039734,161.74600219726562,6.797500133514404,69.2300033569336,6.206999778747559,26.56999969482422,7401.75,29368.25,3022.60009765625,59650.7890625,79.83000183105469,96.22000122070312,109.5,18.40999984741211,89.0199966430664,66.79000091552734,31.59000015258789,23.940000534057617,92.8000030517578,728.989990234375,706.52001953125,299.8299865722656
2026-06-28T16:30:20,4096.2998046875,373.6300048828125,95.02999877929688,87.36000061035156,109.6999969482422,82.19000244140625,91.62999725341795,28.459999084472656,1.138952136039734,161.7030029296875,6.797500133514404,69.2300033569336,6.206999778747559,26.56999969482422,7401.75,29368.25,3022.60009765625,59605.91015625,79.83000183105469,96.22000122070312,109.5,18.40999984741211,89.0199966430664,66.79000091552734,31.59000015258789,23.940000534057617,92.8000030517578,728.989990234375,706.52001953125,299.8299865722656
2026-06-28T16:45:17,4096.2998046875,373.6300048828125,95.02999877929688,87.36000061035156,109.6999969482422,82.19000244140625,91.62999725341795,28.459999084472656,1.138952136039734,161.71200561523438,6.797500133514404,69.2300033569336,6.206999778747559,26.56999969482422,7401.75,29368.25,3022.60009765625,59572.0,79.83000183105469,96.22000122070312,109.5,18.40999984741211,89.0199966430664,66.79000091552734,31.59000015258789,23.940000534057617,92.8000030517578,728.989990234375,706.52001953125,299.8299865722656
2026-06-28T17:00:12,4096.2998046875,373.6300048828125,95.02999877929688,87.36000061035156,109.6999969482422,82.19000244140625,91.62999725341795,28.459999084472656,1.138952136039734,161.80499267578125,6.797500133514404,69.2300033569336,6.206999778747559,26.56999969482422,7401.75,29368.25,3022.60009765625,59561.12109375,79.83000183105469,96.22000122070312,109.5,18.40999984741211,89.0199966430664,66.79000091552734,31.59000015258789,23.940000534057617,92.8000030517578,728.989990234375,706.52001953125,299.8299865722656
2026-06-28T17:15:07,4096.2998046875,373.6300048828125,95.02999877929688,87.36000061035156,109.6999969482422,82.19000244140625,91.62999725341795,28.459999084472656,1.1384334564208984,161.70899963378906,6.797500133514404,69.2300033569336,6.206999778747559,26.56999969482422,7401.75,29368.25,3022.60009765625,59592.8984375,79.83000183105469,96.22000122070312,109.5,18.40999984741211,89.0199966430664,66.79000091552734,31.59000015258789,23.940000534057617,92.8000030517578,728.989990234375,706.52001953125,299.8299865722656
2026-06-28T17:30:04,4096.2998046875,373.6300048828125,95.02999877929688,87.36000061035156,109.6999969482422,82.19000244140625,91.62999725341795,28.459999084472656,1.1386927366256714,161.72300720214844,6.797500133514404,69.2300033569336,6.206999778747559,26.56999969482422,7401.75,29368.25,3022.60009765625,59605.73828125,79.83000183105469,96.22000122070312,109.5,18.40999984741211,89.0199966430664,66.79000091552734,31.59000015258789,23.940000534057617,92.8000030517578,728.989990234375,706.52001953125,299.8299865722656
2026-06-28T17:46:00,4096.2998046875,373.6300048828125,95.02999877929688,87.36000061035156,109.6999969482422,82.19000244140625,91.62999725341795,28.459999084472656,1.138952136039734,161.72799682617188,6.789700031280518,69.2300033569336,6.206999778747559,26.56999969482422,7401.75,29368.25,3022.60009765625,59563.46875,79.83000183105469,96.22000122070312,109.5,18.40999984741211,89.0199966430664,66.79000091552734,31.59000015258789,23.940000534057617,92.8000030517578,728.989990234375,706.52001953125,299.8299865722656
2026-06-28T18:00:57,4096.2998046875,373.6300048828125,95.02999877929688,87.36000061035156,109.6999969482422,82.19000244140625,91.62999725341795,28.459999084472656,1.1361699104309082,161.8000030517578,6.789700031280518,69.2300033569336,6.206999778747559,26.56999969482422,7401.75,29368.25,3022.60009765625,59534.01171875,79.83000183105469,96.22000122070312,109.5,18.40999984741211,89.0199966430664,66.79000091552734,31.59000015258789,23.940000534057617,92.8000030517578,728.989990234375,706.52001953125,299.8299865722656
2026-06-28T18:30:48,4074.39990234375,373.6300048828125,95.02999877929688,87.36000061035156,109.6999969482422,82.19000244140625,91.62999725341795,28.459999084472656,1.1386927366256714,161.7740020751953,6.797500133514404,70.33000183105469,6.191999912261963,26.56999969482422,7428.5,29505.75,3033.800048828125,59333.3984375,79.83000183105469,96.22000122070312,109.5,18.40999984741211,89.0199966430664,66.79000091552734,31.59000015258789,23.940000534057617,92.8000030517578,728.989990234375,706.52001953125,299.8299865722656
2026-06-28T18:45:44,4071.0,373.6300048828125,95.02999877929688,87.36000061035156,109.6999969482422,82.19000244140625,91.62999725341795,28.459999084472656,1.1388224363327026,161.77499389648438,6.797500133514404,70.16999816894531,6.193999767303467,26.56999969482422,7434.5,29561.25,3036.39990234375,59025.98046875,79.83000183105469,96.22000122070312,109.5,18.40999984741211,89.0199966430664,66.79000091552734,31.59000015258789,23.940000534057617,92.8000030517578,728.989990234375,706.52001953125,299.8299865722656
2026-06-28T19:00:39,4079.699951171875,373.6300048828125,95.02999877929688,87.36000061035156,109.6999969482422,82.19000244140625,91.62999725341795,28.459999084472656,1.138952136039734,161.7790069580078,6.797500133514404,70.04000091552734,6.196000099182129,26.56999969482422,7436.25,29576.0,3036.5,58967.921875,79.83000183105469,96.22000122070312,109.5,18.40999984741211,89.0199966430664,66.79000091552734,31.59000015258789,23.940000534057617,92.8000030517578,728.989990234375,706.52001953125,299.8299865722656
2026-06-28T19:15:35,4081.5,373.6300048828125,95.02999877929688,87.36000061035156,109.6999969482422,82.19000244140625,91.62999725341795,28.459999084472656,1.138952136039734,161.7899932861328,6.789700031280518,70.0,6.196499824523926,26.56999969482422,7438.25,29593.25,3037.0,59208.44921875,79.83000183105469,96.22000122070312,109.5,18.40999984741211,89.0199966430664,66.79000091552734,31.59000015258789,23.940000534057617,92.8000030517578,728.989990234375,706.52001953125,299.8299865722656
2026-06-28T19:30:31,4074.199951171875,373.6300048828125,95.02999877929688,87.36000061035156,109.6999969482422,82.19000244140625,91.62999725341795,28.459999084472656,1.1388224363327026,161.78799438476562,6.789700031280518,69.91999816894531,6.19350004196167,26.56999969482422,7448.75,29657.0,3041.39990234375,59481.0,79.83000183105469,96.22000122070312,109.5,18.40999984741211,89.0199966430664,66.79000091552734,31.59000015258789,23.940000534057617,92.8000030517578,728.989990234375,706.52001953125,299.8299865722656
2026-06-28T19:45:26,4069.89990234375,373.6300048828125,95.02999877929688,87.36000061035156,109.6999969482422,82.19000244140625,91.62999725341795,28.459999084472656,1.1388224363327026,161.78500366210938,6.797500133514404,69.88999938964844,6.192999839782715,26.56999969482422,7451.75,29668.5,3043.5,59667.94140625,79.83000183105469,96.22000122070312,109.5,18.40999984741211,89.0199966430664,66.79000091552734,31.59000015258789,23.940000534057617,92.8000030517578,728.989990234375,706.52001953125,299.8299865722656
2026-06-28T20:00:22,4076.89990234375,373.6300048828125,95.02999877929688,87.36000061035156,109.6999969482422,82.19000244140625,91.62999725341795,28.459999084472656,1.138952136039734,161.77499389648438,6.797500133514404,69.68000030517578,6.195000171661377,26.56999969482422,7450.5,29653.25,3043.0,59374.23828125,79.83000183105469,96.22000122070312,109.5,18.40999984741211,89.0199966430664,66.79000091552734,31.59000015258789,23.940000534057617,92.8000030517578,728.989990234375,706.52001953125,299.8299865722656
2026-06-28T20:15:19,4074.89990234375,373.6300048828125,95.02999877929688,87.36000061035156,109.6999969482422,82.19000244140625,91.62999725341795,28.459999084472656,1.138952136039734,161.72300720214844,6.797500133514404,69.66000366210938,6.183499813079834,26.56999969482422,7435.0,29510.25,3035.39990234375,59464.98046875,79.83000183105469,96.22000122070312,109.5,18.40999984741211,89.0199966430664,66.79000091552734,31.59000015258789,23.940000534057617,92.8000030517578,728.989990234375,706.52001953125,299.8299865722656
2026-06-28T20:30:15,4071.39990234375,373.6300048828125,95.02999877929688,87.36000061035156,109.6999969482422,82.19000244140625,91.62999725341795,28.459999084472656,1.1388224363327026,161.76800537109375,6.797500133514404,69.54000091552734,6.170499801635742,26.56999969482422,7432.0,29479.5,3031.10009765625,59145.140625,79.83000183105469,96.22000122070312,109.5,18.40999984741211,89.0199966430664,66.79000091552734,31.59000015258789,23.940000534057617,92.8000030517578,728.989990234375,706.52001953125,299.8299865722656
2026-06-28T20:45:11,4068.699951171875,373.6300048828125,95.02999877929688,87.36000061035156,109.6999969482422,82.19000244140625,91.62999725341795,28.459999084472656,1.1390818357467651,161.73699951171875,6.797500133514404,69.80999755859375,6.164999961853027,26.56999969482422,7426.5,29398.5,3025.89990234375,59253.83984375,79.83000183105469,96.22000122070312,109.5,18.40999984741211,89.0199966430664,66.79000091552734,31.59000015258789,23.940000534057617,92.8000030517578,728.989990234375,706.52001953125,299.8299865722656
2026-06-28T21:00:56,4081.10009765625,373.6300048828125,95.02999877929688,87.36000061035156,109.6999969482422,82.19000244140625,91.62999725341795,28.459999084472656,1.1390818357467651,161.74899291992188,6.797500133514404,70.0199966430664,6.173500061035156,26.56999969482422,7427.0,29421.25,3024.300048828125,59553.71875,79.83000183105469,96.22000122070312,109.5,18.40999984741211,89.0199966430664,66.79000091552734,31.59000015258789,23.940000534057617,92.8000030517578,728.989990234375,706.52001953125,299.8299865722656
2026-06-28T21:16:13,4085.800048828125,373.6300048828125,95.02999877929688,87.36000061035156,109.6999969482422,82.19000244140625,91.62999725341795,28.459999084472656,1.1390818357467651,161.73399353027344,6.797500133514404,69.91000366210938,6.173500061035156,26.56999969482422,7438.5,29515.75,3028.800048828125,59399.390625,79.83000183105469,96.22000122070312,109.5,18.40999984741211,89.0199966430664,66.79000091552734,31.59000015258789,23.940000534057617,92.8000030517578,728.989990234375,706.52001953125,299.8299865722656
2026-06-28T21:30:58,4073.800048828125,373.6300048828125,95.02999877929688,87.36000061035156,109.6999969482422,82.19000244140625,91.62999725341795,28.459999084472656,1.139211654663086,161.75,6.789700031280518,70.11000061035156,6.1570000648498535,26.56999969482422,7432.5,29471.25,3024.60009765625,59192.26171875,79.83000183105469,96.22000122070312,109.5,18.40999984741211,89.0199966430664,66.79000091552734,31.59000015258789,23.940000534057617,92.8000030517578,728.989990234375,706.52001953125,299.8299865722656
2026-06-28T21:46:40,4077.199951171875,373.6300048828125,95.02999877929688,87.36000061035156,109.6999969482422,82.19000244140625,91.62999725341795,28.459999084472656,1.139211654663086,161.7760009765625,6.802599906921387,70.12999725341797,6.161499977111816,26.56999969482422,7435.25,29496.75,3021.39990234375,59407.9609375,79.83000183105469,96.22000122070312,109.5,18.40999984741211,89.0199966430664,66.79000091552734,31.59000015258789,23.940000534057617,92.8000030517578,728.989990234375,706.52001953125,299.8299865722656
2026-06-28T22:16:24,4079.300048828125,373.6300048828125,95.02999877929688,87.36000061035156,109.6999969482422,82.19000244140625,91.62999725341795,28.459999084472656,1.139211654663086,161.74200439453125,6.80210018157959,70.08999633789062,6.173500061035156,26.56999969482422,7434.25,29480.0,3023.0,59039.359375,79.83000183105469,96.22000122070312,109.5,18.40999984741211,89.0199966430664,66.79000091552734,31.59000015258789,23.940000534057617,92.8000030517578,728.989990234375,706.52001953125,299.8299865722656
2026-06-28T22:31:05,4080.5,373.6300048828125,95.02999877929688,87.36000061035156,109.6999969482422,82.19000244140625,91.62999725341795,28.459999084472656,1.1394712924957275,161.75599670410156,6.795499801635742,70.04000091552734,6.177000045776367,26.56999969482422,7430.25,29457.0,3021.60009765625,59412.80078125,79.83000183105469,96.22000122070312,109.5,18.40999984741211,89.0199966430664,66.79000091552734,31.59000015258789,23.940000534057617,92.8000030517578,728.989990234375,706.52001953125,299.8299865722656
2026-06-28T22:46:48,4079.39990234375,373.6300048828125,95.02999877929688,87.36000061035156,109.6999969482422,82.19000244140625,91.62999725341795,28.459999084472656,1.139211654663086,161.75999450683594,6.796899795532227,69.80999755859375,6.177000045776367,26.56999969482422,7439.25,29508.5,3025.60009765625,59654.7109375,79.83000183105469,96.22000122070312,109.5,18.40999984741211,89.0199966430664,66.79000091552734,31.59000015258789,23.940000534057617,92.8000030517578,728.989990234375,706.52001953125,299.8299865722656
2026-06-28T23:01:32,4081.800048828125,373.6300048828125,95.02999877929688,87.36000061035156,109.6999969482422,82.19000244140625,91.62999725341795,28.459999084472656,1.139211654663086,161.78799438476562,6.795899868011475,69.87000274658203,6.196499824523926,26.56999969482422,7441.5,29532.75,3025.39990234375,59715.8984375,79.83000183105469,96.22000122070312,109.5,18.40999984741211,89.0199966430664,66.79000091552734,31.59000015258789,23.940000534057617,92.8000030517578,728.989990234375,706.52001953125,299.8299865722656
2026-06-28T23:16:14,4081.199951171875,373.6300048828125,95.02999877929688,87.36000061035156,109.6999969482422,82.19000244140625,91.62999725341795,28.459999084472656,1.139211654663086,161.7779998779297,6.79580020904541,70.0199966430664,6.192999839782715,26.56999969482422,7446.5,29567.25,3027.199951171875,59899.51171875,79.83000183105469,96.22000122070312,109.5,18.40999984741211,89.0199966430664,66.79000091552734,31.59000015258789,23.940000534057617,92.8000030517578,728.989990234375,706.52001953125,299.8299865722656
2026-06-28T23:30:56,4085.300048828125,373.6300048828125,95.02999877929688,87.36000061035156,109.6999969482422,82.19000244140625,91.62999725341795,28.459999084472656,1.139211654663086,161.7760009765625,6.796299934387207,70.0,6.207499980926514,26.56999969482422,7445.0,29553.5,3024.89990234375,60009.66015625,79.83000183105469,96.22000122070312,109.5,18.40999984741211,89.0199966430664,66.79000091552734,31.59000015258789,23.940000534057617,92.8000030517578,728.989990234375,706.52001953125,299.8299865722656
2026-06-28T23:45:53,4083.0,373.6300048828125,95.02999877929688,87.36000061035156,109.6999969482422,82.19000244140625,91.62999725341795,28.459999084472656,1.1390818357467651,161.7729949951172,6.797299861907959,69.95999908447266,6.198999881744385,26.56999969482422,7437.5,29496.75,3021.5,59814.8984375,79.83000183105469,96.22000122070312,109.5,18.40999984741211,89.0199966430664,66.79000091552734,31.59000015258789,23.940000534057617,92.8000030517578,728.989990234375,706.52001953125,299.8299865722656
2026-06-29T00:00:50,4082.0,373.6300048828125,95.02999877929688,87.36000061035156,109.6999969482422,82.19000244140625,91.62999725341795,28.459999084472656,1.1386927366256714,161.78500366210938,6.797500133514404,69.97,6.199,26.56999969482422,7446.5,29568.0,3024.2,59918.9296875,79.83000183105469,96.22000122070312,109.5,18.40999984741211,89.0199966430664,66.79000091552734,31.59000015258789,23.940000534057617,92.8000030517578,728.989990234375,706.52001953125,299.8299865722656
2026-06-29T00:15:48,4080.60009765625,373.6300048828125,95.02999877929688,87.36000061035156,109.6999969482422,82.19000244140625,91.62999725341795,28.459999084472656,1.1385631561279297,161.78700256347656,6.797800064086914,70.08999633789062,6.197999954223633,26.56999969482422,7446.5,29564.75,3026.199951171875,59811.69921875,79.83000183105469,96.22000122070312,109.5,18.40999984741211,89.0199966430664,66.79000091552734,31.59000015258789,23.940000534057617,92.8000030517578,728.989990234375,706.52001953125,299.8299865722656
2026-06-29T00:30:46,4078.699951171875,373.6300048828125,95.02999877929688,87.36000061035156,109.6999969482422,82.19000244140625,91.62999725341795,28.459999084472656,1.1386927366256714,161.8070068359375,6.797699928283691,70.06999969482422,6.192500114440918,26.56999969482422,7443.75,29547.0,3024.800048828125,59823.41015625,79.83000183105469,96.22000122070312,109.5,18.40999984741211,89.0199966430664,66.79000091552734,31.59000015258789,23.940000534057617,92.8000030517578,728.989990234375,706.52001953125,299.8299865722656
2026-06-29T00:45:44,4074.800048828125,373.6300048828125,95.02999877929688,87.36000061035156,109.6999969482422,82.19000244140625,91.62999725341795,28.459999084472656,1.1386927366256714,161.7989959716797,6.797699928283691,69.9800033569336,6.189000129699707,26.56999969482422,7442.75,29533.5,3024.60009765625,59724.75,79.83000183105469,96.22000122070312,109.5,18.40999984741211,89.0199966430664,66.79000091552734,31.59000015258789,23.940000534057617,92.8000030517578,728.989990234375,706.52001953125,299.8299865722656
2026-06-29T01:00:45,4071.300048828125,373.6300048828125,95.02999877929688,87.36000061035156,109.6999969482422,82.19000244140625,91.62999725341795,28.459999084472656,1.1385631561279297,161.8090057373047,6.786699771881104,70.04000091552734,6.188499927520752,26.56999969482422,7442.0,29535.25,3023.39990234375,59685.4609375,79.83000183105469,96.22000122070312,109.5,18.40999984741211,89.0199966430664,66.79000091552734,31.59000015258789,23.940000534057617,92.8000030517578,728.989990234375,706.52001953125,299.8299865722656
2026-06-29T01:15:42,4069.5,373.6300048828125,95.02999877929688,87.36000061035156,109.6999969482422,82.19000244140625,91.62999725341795,28.459999084472656,1.1390818357467651,161.79299926757812,6.797999858856201,69.94000244140625,6.184999942779541,26.56999969482422,7439.75,29503.5,3022.10009765625,59511.921875,79.83000183105469,96.22000122070312,109.5,18.40999984741211,89.0199966430664,66.79000091552734,31.59000015258789,23.940000534057617,92.8000030517578,728.989990234375,706.52001953125,299.8299865722656
2026-06-29T01:31:29,4070.5,373.6300048828125,95.02999877929688,87.36000061035156,109.6999969482422,82.19000244140625,91.62999725341795,28.459999084472656,1.1390818357467651,161.79100036621094,6.797699928283691,69.8499984741211,6.193999767303467,26.56999969482422,7442.5,29525.75,3023.199951171875,59593.51171875,79.83000183105469,96.22000122070312,109.5,18.40999984741211,89.0199966430664,66.79000091552734,31.59000015258789,23.940000534057617,92.8000030517578,728.989990234375,706.52001953125,299.8299865722656
2026-06-29T01:46:13,4056.0,373.6300048828125,95.02999877929688,87.36000061035156,109.6999969482422,82.19000244140625,91.62999725341795,28.459999084472656,1.1396011114120483,161.79400634765625,6.796599864959717,69.63999938964844,6.184999942779541,26.56999969482422,7446.25,29564.75,3025.60009765625,59848.19140625,79.83000183105469,96.22000122070312,109.5,18.40999984741211,89.0199966430664,66.79000091552734,31.59000015258789,23.940000534057617,92.8000030517578,728.989990234375,706.52001953125,299.8299865722656
2026-06-29T02:01:40,4063.39990234375,373.6300048828125,95.02999877929688,87.36000061035156,109.6999969482422,82.19000244140625,91.62999725341795,28.459999084472656,1.1396011114120483,161.79600524902344,6.795499801635742,69.58999633789062,6.207499980926514,26.56999969482422,7454.25,29637.25,3030.10009765625,60095.3515625,79.83000183105469,96.22000122070312,109.5,18.40999984741211,89.0199966430664,66.79000091552734,31.59000015258789,23.940000534057617,92.8000030517578,728.989990234375,706.52001953125,299.8299865722656
2026-06-29T02:15:56,4073.699951171875,373.6300048828125,95.02999877929688,87.36000061035156,109.6999969482422,82.19000244140625,91.62999725341795,28.459999084472656,1.1398608684539795,161.8090057373047,6.795700073242188,69.62999725341797,6.221499919891357,26.56999969482422,7446.75,29600.25,3027.89990234375,60017.01171875,79.83000183105469,96.22000122070312,109.5,18.40999984741211,89.0199966430664,66.79000091552734,31.59000015258789,23.940000534057617,92.8000030517578,728.989990234375,706.52001953125,299.8299865722656
2026-06-29T02:31:39,4074.300048828125,373.6300048828125,95.02999877929688,87.36000061035156,109.6999969482422,82.19000244140625,91.62999725341795,28.459999084472656,1.1401208639144895,161.8300018310547,6.792600154876709,69.81999969482422,6.2204999923706055,26.56999969482422,7447.75,29629.0,3027.39990234375,60100.0,79.83000183105469,96.22000122070312,109.5,18.40999984741211,89.0199966430664,66.79000091552734,31.59000015258789,23.940000534057617,92.8000030517578,728.989990234375,706.52001953125,299.8299865722656
2026-06-29T02:46:23,4071.300048828125,373.6300048828125,95.02999877929688,87.36000061035156,109.6999969482422,82.19000244140625,91.62999725341795,28.459999084472656,1.140380859375,161.79800415039062,6.7916998863220215,70.2699966430664,6.230000019073486,26.56999969482422,7453.0,29672.5,3027.800048828125,59980.671875,79.83000183105469,96.22000122070312,109.5,18.40999984741211,89.0199966430664,66.79000091552734,31.59000015258789,23.940000534057617,92.8000030517578,728.989990234375,706.52001953125,299.8299865722656
2026-06-29T03:01:07,4078.60009765625,373.6300048828125,95.02999877929688,87.36000061035156,109.6999969482422,82.19000244140625,91.62999725341795,28.459999084472656,1.141291856765747,161.7989959716797,6.791800022125244,70.08000183105469,6.240499973297119,26.56999969482422,7448.75,29642.0,3026.199951171875,59914.98046875,79.83000183105469,96.22000122070312,109.5,18.41,89.0199966430664,66.79000091552734,31.59000015258789,23.940000534057617,92.8000030517578,728.989990234375,706.52001953125,299.8299865722656
2026-06-29T03:15:06,4074.699951171875,373.6300048828125,95.02999877929688,87.36000061035156,109.6999969482422,82.19000244140625,91.62999725341795,28.459999084472656,1.1410315036773682,161.80599975585938,6.792900085449219,69.91999816894531,6.2104997634887695,26.56999969482422,7440.25,29603.5,3023.300048828125,60009.87890625,79.83000183105469,96.22000122070312,109.5,18.41,89.0199966430664,66.79000091552734,31.59000015258789,23.940000534057617,92.8000030517578,728.989990234375,706.52001953125,299.8299865722656
2026-06-29T03:30:09,4075.10009765625,373.6300048828125,95.02999877929688,87.36000061035156,109.6999969482422,82.19000244140625,91.62999725341795,28.459999084472656,1.1411616802215576,161.78599548339844,6.78980016708374,69.87999725341797,6.215499877929688,26.56999969482422,7445.75,29634.75,3026.0,60014.46875,79.83000183105469,96.22000122070312,109.5,18.57999992370605,89.0199966430664,66.79000091552734,31.59000015258789,23.940000534057617,92.8000030517578,728.989990234375,706.52001953125,299.8299865722656
2026-06-29T03:45:12,4077.699951171875,373.6300048828125,95.02999877929688,87.36000061035156,109.6999969482422,82.19000244140625,91.62999725341795,28.459999084472656,1.1409013271331787,161.80999755859375,6.79040002822876,69.83000183105469,6.216000080108643,26.56999969482422,7447.5,29638.25,3028.699951171875,59964.76171875,79.83000183105469,96.22000122070312,109.5,18.479999542236328,89.0199966430664,66.79000091552734,31.59000015258789,23.940000534057617,92.8000030517578,728.989990234375,706.52001953125,299.8299865722656
2026-06-29T04:00:12,4078.199951171875,373.6300048828125,95.02999877929688,87.36000061035156,109.6999969482422,82.19000244140625,91.62999725341795,28.459999084472656,1.1406410932540894,161.81399536132812,6.781099796295166,69.70999908447266,6.209000110626221,26.56999969482422,7450.75,29681.75,3030.0,59930.0,79.83000183105469,96.22000122070312,109.5,18.5,89.0199966430664,66.79000091552734,31.59000015258789,23.940000534057617,92.8000030517578,728.989990234375,706.52001953125,299.8299865722656
2026-06-29T04:15:36,4079.5,373.6300048828125,95.02999877929688,87.36000061035156,109.6999969482422,82.19000244140625,91.62999725341795,28.459999084472656,1.1405109167099,161.802001953125,6.790900230407715,69.80000305175781,6.189000129699707,26.56999969482422,7458.5,29706.25,3034.300048828125,59866.03125,79.83000183105469,96.22000122070312,109.5,18.43000030517578,89.0199966430664,66.79000091552734,31.59000015258789,23.940000534057617,92.8000030517578,728.989990234375,706.52001953125,299.8299865722656
2026-06-29T04:30:34,4077.89990234375,373.6300048828125,95.02999877929688,87.36000061035156,109.6999969482422,82.19000244140625,91.62999725341795,28.459999084472656,1.1405109167099,161.83799743652344,6.791900157928467,70.0199966430664,6.190499782562256,26.56999969482422,7458.75,29706.25,3034.60009765625,59683.3984375,79.83000183105469,96.22000122070312,109.5,18.36000061035156,89.0199966430664,66.79000091552734,31.59000015258789,23.940000534057617,92.8000030517578,728.989990234375,706.52001953125,299.8299865722656
2026-06-29T04:45:32,4076.89990234375,373.6300048828125,95.02999877929688,87.36000061035156,109.6999969482422,82.19000244140625,91.62999725341795,28.459999084472656,1.1402509212493896,161.8489990234375,6.792500019073486,70.13999938964844,6.188499927520752,26.56999969482422,7460.0,29708.75,3031.300048828125,59802.62109375,79.83000183105469,96.22000122070312,109.5,18.350000381469727,89.0199966430664,66.79000091552734,31.59000015258789,23.940000534057617,92.8000030517578,728.989990234375,706.52001953125,299.8299865722656
2026-06-29T05:00:31,4068.39990234375,373.6300048828125,95.02999877929688,87.36000061035156,109.6999969482422,82.19000244140625,91.62999725341795,28.459999084472656,1.1398608684539795,161.84500122070312,6.793000221252441,69.97000122070312,6.186999797821045,26.56999969482422,7456.0,29690.25,3027.5,59747.4609375,79.83000183105469,96.22000122070312,109.5,18.40999984741211,89.0199966430664,66.79000091552734,31.59000015258789,23.940000534057617,92.8000030517578,728.989990234375,706.52001953125,299.8299865722656
2026-06-29T05:15:29,4065.5,373.6300048828125,95.02999877929688,87.36000061035156,109.6999969482422,82.19000244140625,91.62999725341795,28.459999084472656,1.1401208639144895,161.85299682617188,6.792200088500977,70.08999633789062,6.179500102996826,26.56999969482422,7452.5,29659.25,3028.300048828125,59895.44921875,79.83000183105469,96.22000122070312,109.5,18.450000762939453,89.0199966430664,66.79000091552734,31.59000015258789,23.940000534057617,92.8000030517578,728.989990234375,706.52001953125,299.8299865722656
2026-06-29T05:30:28,4065.699951171875,373.6300048828125,95.02999877929688,87.36000061035156,109.6999969482422,82.19000244140625,91.62999725341795,28.459999084472656,1.140380859375,161.875,6.792200088500977,70.13999938964844,6.184999942779541,26.56999969482422,7455.5,29667.5,3031.800048828125,59876.390625,79.83000183105469,96.22000122070312,109.5,18.440000534057617,89.0199966430664,66.79000091552734,31.59000015258789,23.940000534057617,92.8000030517578,728.989990234375,706.52001953125,299.8299865722656
2026-06-29T05:45:27,4057.39990234375,373.6300048828125,95.02999877929688,87.36000061035156,109.6999969482422,82.19000244140625,91.62999725341795,28.459999084472656,1.1402509212493896,161.89300537109375,6.793399810791016,70.45999908447266,6.178500175476074,26.56999969482422,7455.5,29669.75,3031.699951171875,59918.3515625,79.83000183105469,96.22000122070312,109.5,18.36000061035156,89.0199966430664,66.79000091552734,31.59000015258789,23.940000534057617,92.8000030517578,728.989990234375,706.52001953125,299.8299865722656
2026-06-29T06:00:25,4049.699951171875,373.6300048828125,95.02999877929688,87.36000061035156,109.6999969482422,82.19000244140625,91.62999725341795,28.459999084472656,1.1406410932540894,161.88999938964844,6.782199859619141,70.52999877929688,6.175000190734863,26.56999969482422,7455.25,29664.0,3029.199951171875,59999.98828125,79.83000183105469,96.22000122070312,109.5,18.40999984741211,89.0199966430664,66.79000091552734,31.59000015258789,23.940000534057617,92.8000030517578,728.989990234375,706.52001953125,299.8299865722656
2026-06-29T06:15:22,4043.800048828125,373.6300048828125,95.02999877929688,87.36000061035156,109.6999969482422,82.19000244140625,91.62999725341795,28.459999084472656,1.1405109167099,161.88600158691406,6.781499862670898,70.4000015258789,6.179999828338623,26.56999969482422,7456.75,29690.0,3029.60009765625,60131.94921875,79.83000183105469,96.22000122070312,109.5,18.43000030517578,89.0199966430664,66.79000091552734,31.59000015258789,23.940000534057617,92.8000030517578,728.989990234375,706.52001953125,299.8299865722656
2026-06-29T06:30:19,4049.39990234375,373.6300048828125,95.02999877929688,87.36000061035156,109.6999969482422,82.19000244140625,91.62999725341795,28.459999084472656,1.1405109167099,161.875,6.781599998474121,69.9000015258789,6.173500061035156,26.56999969482422,7455.0,29680.0,3027.89990234375,60099.8984375,79.83000183105469,96.22000122070312,109.5,18.40999984741211,89.0199966430664,66.79000091552734,31.59000015258789,23.940000534057617,92.8000030517578,728.989990234375,706.52001953125,299.8299865722656
2026-06-29T06:45:17,4047.60009765625,373.6300048828125,95.02999877929688,87.36000061035156,109.6999969482422,82.19000244140625,91.62999725341795,28.459999084472656,1.140380859375,161.8780059814453,6.782199859619141,69.94000244140625,6.176000118255615,26.56999969482422,7460.5,29713.75,3030.60009765625,60045.8515625,79.83000183105469,96.22000122070312,109.5,18.3700008392334,89.0199966430664,66.79000091552734,31.59000015258789,23.940000534057617,92.8000030517578,728.989990234375,706.52001953125,299.8299865722656
2026-06-29T07:00:14,4048.800048828125,373.6300048828125,95.02999877929688,87.36000061035156,109.6999969482422,82.19000244140625,91.62999725341795,28.459999084472656,1.1407711505889893,161.8470001220703,6.782700061798096,69.93000030517578,6.182000160217285,26.56999969482422,7461.5,29724.5,3031.39990234375,59994.78125,79.83000183105469,96.22000122070312,109.5,18.40999984741211,89.0199966430664,66.79000091552734,31.59000015258789,23.940000534057617,92.8000030517578,728.989990234375,706.52001953125,299.8299865722656
2026-06-29T07:15:11,4051.0,373.6300048828125,95.02999877929688,87.36000061035156,109.6999969482422,82.19000244140625,91.62999725341795,28.459999084472656,1.1409013271331787,161.8520050048828,6.782599925994873,69.83000183105469,6.184500217437744,26.56999969482422,7469.75,29750.0,3036.10009765625,59866.2109375,79.83000183105469,96.22000122070312,109.5,18.21999931335449,89.0199966430664,66.79000091552734,31.59000015258789,23.940000534057617,92.8000030517578,728.989990234375,706.52001953125,299.8299865722656
2026-06-29T07:30:09,4047.699951171875,373.6300048828125,95.02999877929688,87.36000061035156,109.6999969482422,82.19000244140625,91.62999725341795,28.459999084472656,1.1406410932540894,161.8280029296875,6.783999919891357,70.0,6.190000057220459,26.56999969482422,7460.25,29692.5,3031.10009765625,59920.7890625,79.83000183105469,96.22000122070312,109.5,18.280000686645508,89.0199966430664,66.79000091552734,31.59000015258789,23.940000534057617,92.8000030517578,728.989990234375,706.52001953125,299.8299865722656
2026-06-29T07:45:07,4049.10009765625,373.6300048828125,95.02999877929688,87.36000061035156,109.6999969482422,82.19000244140625,91.62999725341795,28.459999084472656,1.140380859375,161.83700561523438,6.783199787139893,70.02999877929688,6.182000160217285,26.56999969482422,7466.25,29722.75,3034.39990234375,59771.71875,79.83000183105469,96.22000122070312,109.5,18.31999969482422,89.0199966430664,66.79000091552734,31.59000015258789,23.940000534057617,92.8000030517578,728.989990234375,706.52001953125,299.8299865722656
2026-06-29T08:00:05,4050.10009765625,373.6300048828125,95.02999877929688,87.36000061035156,109.6999969482422,82.19000244140625,91.62999725341795,28.459999084472656,1.1411616802215576,161.83299255371094,6.783199787139893,69.83000183105469,6.189499855041504,26.56999969482422,7466.0,29714.75,3035.89990234375,59882.26953125,79.83000183105469,96.22000122070312,109.5,18.309999465942383,89.0199966430664,66.79000091552734,31.59000015258789,23.940000534057617,92.8000030517578,728.989990234375,706.52001953125,299.8299865722656
2026-06-29T08:15:04,4060.800048828125,373.6300048828125,95.02999877929688,87.36000061035156,109.6999969482422,82.19000244140625,91.62999725341795,28.459999084472656,1.1410315036773682,161.84500122070312,6.783100128173828,70.0,6.201000213623047,26.56999969482422,7464.5,29713.0,3036.5,60623.23828125,79.83000183105469,96.22000122070312,109.5,18.31999969482422,89.0199966430664,66.79000091552734,31.59000015258789,23.940000534057617,92.8000030517578,728.989990234375,706.52001953125,299.8299865722656
2026-06-29T08:30:15,4058.89990234375,373.6300048828125,95.02999877929688,87.36000061035156,109.6999969482422,82.19000244140625,91.62999725341795,28.459999084472656,1.1406410932540894,161.8780059814453,6.783199787139893,70.05000305175781,6.197000026702881,26.56999969482422,7467.0,29728.0,3038.60009765625,60341.94140625,79.83000183105469,96.22000122070312,109.5,18.299999237060547,89.0199966430664,66.79000091552734,31.59000015258789,23.940000534057617,92.8000030517578,728.989990234375,706.52001953125,299.8299865722656
2026-06-29T08:45:19,4058.699951171875,373.6300048828125,95.02999877929688,87.36000061035156,109.6999969482422,82.19000244140625,91.62999725341795,28.459999084472656,1.1406410932540894,161.88999938964844,6.783599853515625,70.01000213623047,6.191500186920166,26.56999969482422,7466.75,29723.25,3036.199951171875,59851.73046875,79.83000183105469,96.22000122070312,109.5,18.270000457763672,89.0199966430664,66.79000091552734,31.59000015258789,23.940000534057617,92.8000030517578,728.989990234375,706.52001953125,299.8299865722656
2026-06-29T09:01:07,4060.10009765625,373.6300048828125,95.02999877929688,87.36000061035156,109.6999969482422,82.19000244140625,91.62999725341795,28.459999084472656,1.1406410932540894,161.89100646972656,6.784200191497803,70.0199966430664,6.190000057220459,26.56999969482422,7460.0,29678.25,3036.0,59908.0,79.83000183105469,96.22000122070312,109.5,18.38999938964844,89.0199966430664,66.79000091552734,31.59000015258789,23.940000534057617,92.8000030517578,728.989990234375,706.52001953125,299.8299865722656
2026-06-29T09:15:54,4064.300048828125,373.6300048828125,95.02999877929688,87.36000061035156,109.6999969482422,82.19000244140625,91.62999725341795,28.459999084472656,1.1406410932540894,161.88400268554688,6.784200191497803,69.95999908447266,6.186500072479248,26.56999969482422,7465.5,29717.5,3035.10009765625,60139.28125,79.83000183105469,96.22000122070312,109.5,18.229999542236328,89.0199966430664,66.79000091552734,31.59000015258789,23.940000534057617,92.8000030517578,728.989990234375,706.52001953125,299.8299865722656
2026-06-29T09:31:40,4058.199951171875,371.010009765625,94.9800033569336,87.37999725341797,109.79000091552734,82.16000366210938,91.63999938964844,28.424999237060547,1.1409013271331787,161.91900634765625,6.784299850463867,70.16999816894531,6.1570000648498535,26.615699768066406,7462.75,29690.0,3033.60009765625,60131.9609375,79.92500305175781,96.3249969482422,109.6750030517578,18.15999984741211,89.02,66.787,31.799999237060547,24.46500015258789,92.68000030517578,737.02001953125,714.2249755859375,298.1499938964844
2026-06-29T09:46:21,4053.199951171875,370.3399963378906,95.00499725341795,87.44509887695312,109.81990051269533,82.16500091552734,91.63009643554688,28.43000030517578,1.1407711505889893,161.93699645996094,6.7845001220703125,70.13999938964844,6.16349983215332,26.614999771118164,7467.5,29692.25,3019.39990234375,59290.6015625,79.92500305175781,96.29499816894533,109.66999816894533,18.46999931335449,90.6500015258789,66.787,31.80500030517578,24.51499938964844,92.625,739.0900268554688,716.9199829101562,298.4100036621094
2026-06-29T10:01:06,4049.39990234375,370.25,95.03009796142578,87.46929931640625,109.83499908447266,82.1676025390625,91.63999938964844,28.415000915527344,1.1415525674819946,161.86900329589844,6.785799980163574,70.19000244140625,6.152500152587891,26.53499984741211,7486.5,29822.25,3021.39990234375,59367.3203125,79.90499877929688,96.26499938964844,109.7300033569336,18.030000686645508,88.55999755859375,66.787,31.770000457763672,24.479999542236328,92.23999786376952,736.9099731445312,713.1500244140625,296.8900146484375
2026-06-29T10:16:00,4038.0,367.3395080566406,94.99500274658205,87.4000015258789,109.78500366210938,82.16500091552734,91.63999938964844,28.43000030517578,1.1409013271331787,161.91400146484375,6.786099910736084,70.1500015258789,6.145999908447266,26.540000915527344,7447.5,29527.75,3005.5,59076.55078125,79.86499786376953,96.20999908447266,109.625,18.520000457763672,89.27999877929688,66.787,31.700000762939453,24.3799991607666,91.87999725341795,733.6749877929688,707.4000244140625,295.4200134277344
2026-06-29T10:30:51,4030.60009765625,369.4700927734375,94.98500061035156,87.42500305175781,109.79989624023438,82.16500091552734,91.63500213623048,28.409900665283203,1.1418131589889526,161.9010009765625,6.793099880218506,70.43000030517578,6.152500152587891,26.597999572753903,7427.0,29386.75,2996.39990234375,59437.76171875,79.8949966430664,96.24500274658205,109.61499786376952,19.350000381469727,91.37999725341795,66.787,31.7549991607666,24.440000534057617,92.37000274658205,736.5800170898438,712.2999877929688,297.4200134277344
2026-06-29T10:46:38,4042.0,368.9649963378906,94.99500274658205,87.42500305175781,109.8249969482422,82.16500091552734,91.6323013305664,28.419300079345703,1.1415525674819946,161.91799926757812,6.7855000495910645,70.37000274658203,6.159999847412109,26.55500030517578,7463.75,29603.0,3011.800048828125,59227.98828125,79.90499877929688,96.26010131835938,109.59500122070312,18.51000022888184,90.08999633789062,66.787,31.7637996673584,24.40999984741211,92.2699966430664,736.2249755859375,711.5,296.5599975585937
2026-06-29T11:01:41,4037.699951171875,369.3599853515625,94.9800033569336,87.37999725341797,109.81500244140624,82.16010284423828,91.63269805908205,28.39999961853028,1.1424654722213743,161.93600463867188,6.7855000495910645,70.54000091552734,6.150000095367432,26.57999992370605,7461.5,29615.25,3010.800048828125,59216.71875,79.93000030517578,96.29000091552734,109.56500244140624,18.59000015258789,90.44000244140624,66.787,31.709999084472656,24.309999465942383,92.51000213623048,737.5999755859375,716.0449829101562,296.94000244140625
2026-06-29T11:16:28,4037.5,369.3800048828125,94.99500274658205,87.42500305175781,109.83000183105467,82.168701171875,91.63990020751952,28.405000686645508,1.1423349380493164,161.9199981689453,6.7855000495910645,70.33999633789062,6.14300012588501,26.545000076293945,7461.5,29694.75,3007.800048828125,59202.01171875,79.91999816894531,96.2750015258789,109.61000061035156,18.299999237060547,89.8499984741211,66.787,31.70499992370605,24.27499961853028,92.55999755859376,737.4550170898438,716.2700805664062,295.989990234375
2026-06-29T11:31:16,4034.5,369.3399963378906,94.9647979736328,87.4000015258789,109.8104019165039,82.15229797363281,91.63829803466795,28.409900665283203,1.1425960063934326,161.9340057373047,6.7855000495910645,70.48999786376953,6.140500068664551,26.56999969482422,7460.75,29711.0,2996.699951171875,59446.30078125,79.90499877929688,96.26499938964844,109.5999984741211,18.239999771118164,89.61000061035156,66.787,31.70499992370605,24.26499938964844,92.66639709472656,737.5800170898438,717.1199951171875,296.05499267578125
2026-06-29T11:45:14,4036.5,369.1400146484375,94.95999908447266,87.37999725341797,109.83499908447266,82.1449966430664,91.63500213623048,28.405000686645508,1.1424654722213743,161.9290008544922,6.7855000495910645,70.4800033569336,6.153500080108643,26.57999992370605,7461.5,29735.25,3001.10009765625,59707.921875,79.94000244140625,96.3000030517578,109.5989990234375,18.13999938964844,89.61000061035156,66.787,31.693199157714844,24.25,92.72000122070312,738.260009765625,718.114990234375,296.69500732421875
2026-06-29T12:00:13,4040.10009765625,369.3699951171875,94.98999786376952,87.4749984741211,109.86000061035156,82.1500015258789,91.63269805908205,28.40340042114257,1.1427265405654907,161.927001953125,6.7855000495910645,70.62999725341797,6.159999847412109,26.57999992370605,7469.75,29802.0,3004.89990234375,59681.25,79.95999908447266,96.33499908447266,109.62999725341795,17.959999084472656,89.0999984741211,66.787,31.725000381469727,24.26000022888184,92.83999633789062,738.530029296875,718.8900146484375,296.5799865722656
2026-06-29T12:15:11,4040.699951171875,369.2799987792969,94.96499633789062,87.38970184326172,109.8550033569336,82.1449966430664,91.63500213623048,28.395000457763672,1.1428571939468384,161.93299865722656,6.7855000495910645,70.76000213623047,6.166999816894531,26.614999771118164,7480.75,29876.25,3010.300048828125,59641.7109375,79.94999694824219,96.33000183105467,109.59500122070312,17.860000610351562,89.02999877929688,66.787,31.709800720214844,24.23500061035156,92.95500183105467,738.72998046875,719.5349731445312,297.04998779296875
2026-06-29T12:30:10,4039.5,369.25,94.95500183105467,87.34500122070312,109.8405990600586,82.1500015258789,91.63500213623048,28.395000457763672,1.1427265405654907,161.9340057373047,6.785399913787842,70.69999694824219,6.170000076293945,26.6200008392334,7476.5,29880.0,3007.89990234375,59585.109375,79.95500183105469,96.3249969482422,109.58000183105467,17.850000381469727,88.9800033569336,66.787,31.69499969482422,24.21999931335449,92.9499969482422,738.3635864257812,719.6300048828125,296.67999267578125
2026-06-29T12:45:08,4034.0,368.9800109863281,94.95999908447266,87.36009979248047,109.85009765625,82.1500015258789,91.63500213623048,28.390100479125977,1.142987847328186,161.93299865722656,6.785399913787842,70.87999725341797,6.165999889373779,26.6200008392334,7471.75,29864.25,3004.199951171875,59748.921875,79.97000122070312,96.33999633789062,109.5999984741211,17.84000015258789,88.69999694824219,66.787,31.674999237060547,24.19499969482422,92.9800033569336,738.5750122070312,720.6832885742188,296.760009765625
2026-06-29T13:00:09,4041.199951171875,369.2200012207031,94.96499633789062,87.3550033569336,109.83999633789062,82.1500015258789,91.63500213623048,28.38999938964844,1.142987847328186,161.93800354003906,6.784900188446045,70.94999694824219,6.171000003814697,26.600000381469727,7474.75,29910.0,3009.89990234375,59797.30859375,79.9800033569336,96.36499786376952,109.59500122070312,17.920000076293945,88.62000274658203,66.787,31.725000381469727,24.260099411010746,93.0199966430664,738.8099975585938,720.9006958007812,297.1400146484375
2026-06-29T13:15:11,4040.60009765625,369.6900024414063,94.98500061035156,87.41000366210938,109.83989715576172,82.16000366210938,91.63999938964844,28.38999938964844,1.142987847328186,161.93600463867188,6.784900188446045,70.70999908447266,6.169000148773193,26.6299991607666,7481.5,29941.25,3014.89990234375,60408.01953125,79.98999786376953,96.37999725341795,109.6500015258789,17.850000381469727,88.44999694824219,66.787,31.746299743652344,24.325000762939453,93.16999816894533,740.0549926757812,722.5299072265625,297.94000244140625
2026-06-29T13:30:10,4043.89990234375,369.2398986816406,94.95999908447266,87.38500213623047,109.83999633789062,82.1500015258789,91.63990020751952,28.39509963989257,1.1425960063934326,161.94400024414062,6.784900188446045,70.97000122070312,6.171000003814697,26.614999771118164,7492.0,29992.25,3016.800048828125,60440.96875,79.9749984741211,96.35700225830078,109.6050033569336,17.780000686645508,88.47000122070312,66.787,31.72010040283203,24.28499984741211,93.0979995727539,740.1500244140625,723.2150268554688,297.489990234375
2026-06-29T13:45:09,4038.10009765625,369.0400085449219,95.01210021972656,87.4749984741211,109.88500213623048,82.15499877929688,91.63500213623048,28.39970016479492,1.1427265405654907,161.9429931640625,6.784900188446045,70.91999816894531,6.168499946594238,26.625,7493.5,29996.75,3017.300048828125,60478.01953125,79.98999786376953,96.38240051269533,109.66999816894533,17.809999465942383,88.55000305175781,66.787,31.71999931335449,24.280000686645508,93.06510162353516,740.1417846679688,722.6699829101562,297.5799865722656
2026-06-29T14:00:09,4036.300048828125,368.9797973632813,94.98999786376952,87.41000366210938,109.86000061035156,82.15499877929688,91.63500213623048,28.38500022888184,1.142987847328186,161.93099975585938,6.784900188446045,70.8499984741211,6.169000148773193,26.6299991607666,7494.75,30013.25,3018.39990234375,60279.0,79.98500061035156,96.37000274658205,109.6449966430664,17.780000686645508,88.5999984741211,66.787,31.70499992370605,24.26499938964844,93.0999984741211,740.2899780273438,722.6400146484375,297.69000244140625
2026-06-29T14:15:07,4037.89990234375,369.2149963378906,94.98999786376952,87.41000366210938,109.8550033569336,82.15750122070312,91.63500213623048,28.3799991607666,1.1432491540908811,161.93600463867188,6.783899784088135,70.83000183105469,6.176499843597412,26.63999938964844,7497.5,30022.75,3021.10009765625,60428.0,79.9800033569336,96.37239837646484,109.66500091552734,17.75,88.51000213623047,66.787,31.700000762939453,24.239999771118164,93.19000244140624,740.5999755859375,723.211181640625,297.9200134277344
2026-06-29T14:30:08,4039.5,368.989990234375,94.9645004272461,87.33999633789062,109.81990051269533,82.1500015258789,91.63500213623048,28.37989997863769,1.143118381500244,161.93899536132812,6.783899784088135,70.58999633789062,6.17549991607666,26.614999771118164,7492.25,29997.75,3016.699951171875,60193.19921875,79.9800033569336,96.36000061035156,109.63999938964844,17.690000534057617,88.54000091552734,66.787,31.69499969482422,24.23500061035156,93.13500213623048,740.260009765625,722.7150268554688,297.8800048828125
2026-06-29T14:45:22,4035.5,368.9599914550781,94.97000122070312,87.33499908447266,109.83499908447266,82.15499877929688,91.63500213623048,28.375,1.143118381500244,161.94200134277344,6.78410005569458,70.68000030517578,6.171500205993652,26.584999084472656,7497.5,30030.75,3021.5,60161.78125,79.98500061035156,96.37000274658205,109.6449966430664,17.709999084472656,88.5999984741211,66.787,31.709999084472656,24.270000457763672,93.1999969482422,741.0700073242188,724.1599731445312,298.2300109863281
2026-06-29T15:00:23,4030.800048828125,368.2999877929688,95.0,87.38999938964844,109.84500122070312,82.15499877929688,91.63990020751952,28.38500022888184,1.1428571939468384,161.9499969482422,6.786799907684326,70.56999969482422,6.178500175476074,26.559999465942383,7498.5,30042.0,3021.5,60152.78125,79.98999786376953,96.375,109.66999816894533,17.6200008392334,88.58999633789062,66.787,31.69499969482422,24.26000022888184,93.13009643554688,740.6099853515625,723.2999877929688,298.260009765625
2026-06-29T15:15:28,4025.39990234375,367.760009765625,95.0,87.38999938964844,109.8249969482422,82.15499877929688,91.63999938964844,28.38500022888184,1.1425960063934326,161.95899963378906,6.793099880218506,70.51000213623047,6.172500133514404,26.55500030517578,7495.75,30003.25,3020.699951171875,60105.94921875,80.00499725341797,96.3949966430664,109.6999969482422,17.6299991607666,88.6500015258789,66.787,31.645000457763672,24.25,93.13500213623048,740.5800170898438,723.1900024414062,298.3800048828125
2026-06-29T15:30:30,4023.10009765625,368.7000122070313,95.0199966430664,87.43730163574219,109.84500122070312,82.16010284423828,91.63999938964844,28.38010025024414,1.1428571939468384,161.93299865722656,6.793099880218506,70.47000122070312,6.173999786376953,26.55500030517578,7497.25,30034.25,3026.5,60339.58984375,80.01000213623047,96.4175033569336,109.69499969482422,17.610000610351562,88.47000122070312,66.787,31.655000686645508,,93.1449966430664,740.780029296875,723.3099975585938,298.44000244140625
2026-06-29T15:45:39,4032.199951171875,368.6650085449219,95.0416030883789,87.50499725341797,109.87999725341795,82.16230010986328,91.63500213623048,28.380699157714844,1.1428571939468384,161.9239959716797,6.793099880218506,70.48999786376953,6.174499988555908,26.55500030517578,7495.5,30025.5,3022.800048828125,60389.0,79.98999786376953,96.38500213623048,109.73500061035156,17.559999465942383,88.08999633789062,66.78700256347656,31.655000686645508,24.239999771118164,93.125,740.6599731445312,723.344970703125,298.5199890136719
2026-06-29T16:00:38,4028.5,368.5899963378906,95.05999755859376,87.44999694824219,109.88999938964844,82.16999816894531,91.63999938964844,28.37989997863769,1.1428571939468384,161.9429931640625,6.793099880218506,70.41999816894531,6.171500205993652,26.565000534057617,7495.25,29993.0,3025.0,60363.76171875,80.01000213623047,96.40499877929688,109.71499633789062,17.600000381469727,88.36000061035156,66.78700256347656,31.70499992370605,24.295000076293945,93.21499633789062,741.364990234375,724.0800170898438,298.9100036621094
2026-06-29T16:15:36,4030.10009765625,368.5799865722656,95.05999755859376,87.44999694824219,109.9000015258789,82.16999816894531,91.63999938964844,28.3700008392334,1.142987847328186,161.92599487304688,6.793099880218506,70.54000091552734,6.175000190734863,26.559999465942383,7496.0,30027.25,3027.5,60319.87890625,80.01000213623047,96.4000015258789,109.6999969482422,17.65999984741211,88.62999725341797,66.78700256347656,31.709999084472656,24.299999237060547,93.20999908447266,741.0,724.0800170898438,298.9700012207031
2026-06-29T16:30:34,4031.39990234375,368.5799865722656,95.05999755859376,87.44999694824219,109.9000015258789,82.16999816894531,91.63999938964844,28.3700008392334,1.142987847328186,161.9409942626953,6.793099880218506,70.5199966430664,6.176499843597412,26.559999465942383,7497.75,30026.25,3029.60009765625,60333.30859375,80.01000213623047,96.4000015258789,109.6999969482422,17.649999618530273,88.70999908447266,66.78700256347656,31.709999084472656,24.299999237060547,93.20999908447266,741.0,724.0800170898438,298.9700012207031
2026-06-29T16:45:32,4030.699951171875,368.5799865722656,95.05999755859376,87.44999694824219,109.9000015258789,82.16999816894531,91.63999938964844,28.3700008392334,1.1428571939468384,161.9409942626953,6.793099880218506,70.54000091552734,6.173500061035156,26.559999465942383,7495.0,30010.25,3029.60009765625,60261.48828125,80.01000213623047,96.4000015258789,109.6999969482422,17.649999618530273,88.70999908447266,66.78700256347656,31.709999084472656,24.299999237060547,93.20999908447266,741.0,724.0800170898438,298.9700012207031
2026-06-29T17:00:32,4029.800048828125,368.5799865722656,95.05999755859376,87.44999694824219,109.9000015258789,82.16999816894531,91.63999938964844,28.3700008392334,1.1385631561279297,161.78700256347656,6.793099880218506,70.48999786376953,6.17549991607666,26.559999465942383,7494.5,30007.25,3027.699951171875,60210.78125,80.01000213623047,96.4000015258789,109.6999969482422,17.649999618530273,88.70999908447266,68.14109802246094,31.709999084472656,24.299999237060547,93.20999908447266,741.0,724.0800170898438,298.9700012207031
2026-06-29T17:15:32,4030.5,368.5799865722656,95.05999755859376,87.44999694824219,109.9000015258789,82.16999816894531,91.63999938964844,28.3700008392334,1.1428571939468384,161.8979949951172,6.793099880218506,70.41999816894531,6.173500061035156,26.559999465942383,7493.5,29995.0,3026.0,60288.26953125,80.01000213623047,96.4000015258789,109.6999969482422,17.649999618530273,88.70999908447266,68.14109802246094,31.709999084472656,24.299999237060547,93.20999908447266,741.0,724.0800170898438,298.9700012207031
2026-06-29T17:30:28,4030.5,368.5799865722656,95.05999755859376,87.44999694824219,109.9000015258789,82.16999816894531,91.63999938964844,28.3700008392334,1.142987847328186,161.85800170898438,6.793099880218506,70.41999816894531,6.173500061035156,26.559999465942383,7493.5,29995.0,3026.0,60285.96875,80.01000213623047,96.4000015258789,109.6999969482422,17.649999618530273,88.70999908447266,68.14109802246094,31.709999084472656,24.299999237060547,93.20999908447266,741.0,724.0800170898438,298.9700012207031
2026-06-29T17:45:27,4030.5,368.5799865722656,95.05999755859376,87.44999694824219,109.9000015258789,82.16999816894531,91.63999938964844,28.3700008392334,1.142987847328186,161.8719940185547,6.786799907684326,70.41999816894531,6.173500061035156,26.559999465942383,7493.5,29995.0,3026.0,60386.23828125,80.01000213623047,96.4000015258789,109.6999969482422,17.649999618530273,88.70999908447266,68.14109802246094,31.709999084472656,24.299999237060547,93.20999908447266,741.0,724.0800170898438,298.9700012207031
2026-06-29T18:00:24,4030.5,368.5799865722656,95.05999755859376,87.44999694824219,109.9000015258789,82.16999816894531,91.63999938964844,28.3700008392334,1.1385631561279297,161.78700256347656,6.786799907684326,70.41999816894531,6.173500061035156,26.559999465942383,7493.5,29995.0,3026.0,60360.75,80.01000213623047,96.4000015258789,109.6999969482422,17.649999618530273,88.70999908447266,68.14109802246094,31.709999084472656,24.299999237060547,93.20999908447266,741.0,724.0800170898438,298.9700012207031
2026-06-29T18:15:22,4033.0,368.5799865722656,95.05999755859376,87.44999694824219,109.9000015258789,82.16999816894531,91.63999938964844,28.3700008392334,1.1428571939468384,161.9320068359375,6.786799907684326,70.44000244140625,6.172999858856201,26.559999465942383,7493.25,29989.0,3025.60009765625,60382.01171875,80.01000213623047,96.4000015258789,109.6999969482422,17.649999618530273,88.70999908447266,68.14109802246094,31.709999084472656,24.299999237060547,93.20999908447266,741.0,724.0800170898438,298.9700012207031
2026-06-29T18:30:19,4034.0,368.5799865722656,95.05999755859376,87.44999694824219,109.9000015258789,82.16999816894531,91.63999938964844,28.3700008392334,1.1427265405654907,161.93800354003906,6.786799907684326,70.4000015258789,6.176499843597412,26.559999465942383,7495.75,30024.0,3025.89990234375,60366.80078125,80.01000213623047,96.4000015258789,109.6999969482422,17.649999618530273,88.70999908447266,68.14109802246094,31.709999084472656,24.299999237060547,93.20999908447266,741.0,724.0800170898438,298.9700012207031
2026-06-29T18:45:18,4027.60009765625,368.5799865722656,95.05999755859376,87.44999694824219,109.9000015258789,82.16999816894531,91.63999938964844,28.3700008392334,1.1425960063934326,161.91900634765625,6.786799907684326,70.3499984741211,6.172999858856201,26.559999465942383,7492.25,29995.75,3024.39990234375,60300.53125,80.01000213623047,96.4000015258789,109.6999969482422,17.649999618530273,88.70999908447266,68.14109802246094,31.709999084472656,24.299999237060547,93.20999908447266,741.0,724.0800170898438,298.9700012207031
2026-06-29T19:00:16,4027.60009765625,368.5799865722656,95.05999755859376,87.44999694824219,109.9000015258789,82.16999816894531,91.63999938964844,28.3700008392334,1.1428571939468384,161.9199981689453,6.7868,70.30000305175781,6.175000190734863,26.559999465942383,7494.75,30011.25,3025.0,60271.48046875,80.01000213623047,96.4000015258789,109.6999969482422,17.649999618530273,88.70999908447266,68.14109802246094,31.709999084472656,24.299999237060547,93.20999908447266,741.0,724.0800170898438,298.9700012207031
2026-06-29T19:15:14,4031.699951171875,368.5799865722656,95.05999755859376,87.44999694824219,109.9000015258789,82.16999816894531,91.63999938964844,28.3700008392334,1.1427265405654907,161.91799926757812,6.7868,70.22000122070312,6.18149995803833,26.559999465942383,7495.5,30019.5,3025.5,60261.44140625,80.01000213623047,96.4000015258789,109.6999969482422,17.649999618530273,88.70999908447266,68.14109802246094,31.709999084472656,24.299999237060547,93.20999908447266,741.0,724.0800170898438,298.9700012207031
2026-06-29T19:30:13,4034.89990234375,368.5799865722656,95.05999755859376,87.44999694824219,109.9000015258789,82.16999816894531,91.63999938964844,28.3700008392334,1.1425960063934326,161.91299438476562,6.7868,70.23999786376953,6.182000160217285,26.559999465942383,7496.0,30033.5,3026.60009765625,60129.94921875,80.01000213623047,96.4000015258789,109.6999969482422,17.649999618530273,88.70999908447266,68.14109802246094,31.709999084472656,24.299999237060547,93.20999908447266,741.0,724.0800170898438,298.9700012207031
2026-06-29T19:45:15,4033.0,368.5799865722656,95.05999755859376,87.44999694824219,109.9000015258789,82.16999816894531,91.63999938964844,28.3700008392334,1.1424654722213743,161.91200256347656,6.786799907684326,70.19999694824219,6.179999828338623,26.559999465942383,7498.0,30051.0,3026.89990234375,60176.51171875,80.01000213623047,96.4000015258789,109.6999969482422,17.649999618530273,88.70999908447266,68.14109802246094,31.709999084472656,24.299999237060547,93.20999908447266,741.0,724.0800170898438,298.9700012207031
2026-06-29T20:00:13,4031.300048828125,368.5799865722656,95.05999755859376,87.44999694824219,109.9000015258789,82.16999816894531,91.63999938964844,28.3700008392334,1.1422044038772583,161.91700744628906,6.786799907684326,70.22000122070312,6.177000045776367,26.559999465942383,7494.5,30035.0,3025.199951171875,60110.19140625,80.01000213623047,96.4000015258789,109.6999969482422,17.649999618530273,88.70999908447266,68.14109802246094,31.709999084472656,24.299999237060547,93.20999908447266,741.0,724.0800170898438,298.9700012207031
2026-06-29T20:15:12,4020.5,368.5799865722656,95.05999755859376,87.44999694824219,109.9000015258789,82.16999816894531,91.63999938964844,28.3700008392334,1.1419435739517212,161.9499969482422,6.786799907684326,70.25,6.170000076293945,26.559999465942383,7497.0,30058.0,3025.39990234375,60107.7890625,80.01000213623047,96.4000015258789,109.6999969482422,17.649999618530273,88.70999908447266,68.14109802246094,31.709999084472656,24.299999237060547,93.20999908447266,741.0,724.0800170898438,298.9700012207031
2026-06-29T20:30:11,4021.0,368.5799865722656,95.05999755859376,87.44999694824219,109.9000015258789,82.16999816894531,91.63999938964844,28.3700008392334,1.1418131589889526,161.94700622558594,6.786799907684326,70.27999877929688,6.179500102996826,26.559999465942383,7498.0,30063.75,3025.699951171875,59772.6015625,80.01000213623047,96.4000015258789,109.6999969482422,17.649999618530273,88.70999908447266,68.14109802246094,31.709999084472656,24.299999237060547,93.20999908447266,741.0,724.0800170898438,298.9700012207031
2026-06-29T20:45:09,4015.39990234375,368.5799865722656,95.05999755859376,87.44999694824219,109.9000015258789,82.16999816894531,91.63999938964844,28.3700008392334,1.1416828632354736,161.9720001220703,6.786799907684326,70.2300033569336,6.176000118255615,26.559999465942383,7486.0,29964.75,3020.5,59667.1484375,80.01000213623047,96.4000015258789,109.6999969482422,17.649999618530273,88.70999908447266,68.14109802246094,31.709999084472656,24.299999237060547,93.20999908447266,741.0,724.0800170898438,298.9700012207031
2026-06-29T21:00:58,4004.300048828125,368.5799865722656,95.05999755859376,87.44999694824219,109.9000015258789,82.16999816894531,91.63999938964844,28.3700008392334,1.1420739889144895,162.1020050048828,6.786799907684326,70.29000091552734,6.1605000495910645,26.559999465942383,7489.0,29982.5,3021.699951171875,59738.62890625,80.01000213623047,96.4000015258789,109.6999969482422,17.649999618530273,88.70999908447266,68.14109802246094,31.709999084472656,24.299999237060547,93.20999908447266,741.0,724.0800170898438,298.9700012207031
2026-06-29T21:16:21,3987.0,368.5799865722656,95.05999755859376,87.44999694824219,109.9000015258789,82.16999816894531,91.63999938964844,28.3700008392334,1.1411616802215576,162.2010040283203,6.786799907684326,70.25,6.127999782562256,26.559999465942383,7488.0,29974.75,3022.39990234375,59773.1015625,80.01000213623047,96.4000015258789,109.6999969482422,17.649999618530273,88.70999908447266,68.14109802246094,31.709999084472656,24.299999237060547,93.20999908447266,741.0,724.0800170898438,298.9700012207031
2026-06-29T21:31:13,3986.39990234375,368.5799865722656,95.05999755859376,87.44999694824219,109.9000015258789,82.16999816894531,91.63999938964844,28.3700008392334,1.1418131589889526,162.07899475097656,6.786799907684326,70.2699966430664,6.144000053405762,26.559999465942383,7488.25,29984.75,3022.800048828125,59953.3203125,80.01000213623047,96.4000015258789,109.6999969482422,17.649999618530273,88.70999908447266,68.14109802246094,31.709999084472656,24.299999237060547,93.20999908447266,741.0,724.0800170898438,298.9700012207031
2026-06-29T21:46:02,3988.800048828125,368.5799865722656,95.05999755859376,87.44999694824219,109.9000015258789,82.16999816894531,91.63999938964844,28.3700008392334,1.1409013271331787,162.16600036621094,6.782700061798096,70.30000305175781,6.159999847412109,26.559999465942383,7496.25,30044.75,3026.699951171875,59770.0,80.01000213623047,96.4000015258789,109.6999969482422,17.649999618530273,88.70999908447266,68.14109802246094,31.709999084472656,24.299999237060547,93.20999908447266,741.0,724.0800170898438,298.9700012207031
2026-06-29T22:01:47,3979.5,368.5799865722656,95.05999755859376,87.44999694824219,109.9000015258789,82.16999816894531,91.63999938964844,28.3700008392334,1.1409013271331787,162.15699768066406,6.781499862670898,70.3499984741211,6.1545000076293945,26.559999465942383,7496.75,30035.5,3027.199951171875,59797.8515625,80.01000213623047,96.4000015258789,109.6999969482422,17.649999618530273,88.70999908447266,68.14109802246094,31.709999084472656,24.299999237060547,93.20999908447266,741.0,724.0800170898438,298.9700012207031
2026-06-29T22:16:35,3983.10009765625,368.5799865722656,95.05999755859376,87.44999694824219,109.9000015258789,82.16999816894531,91.63999938964844,28.3700008392334,1.1406410932540894,162.15699768066406,6.782100200653076,70.41999816894531,6.158999919891357,26.559999465942383,7495.0,30021.5,3026.39990234375,59669.16015625,80.01000213623047,96.4000015258789,109.6999969482422,17.649999618530273,88.70999908447266,68.14109802246094,31.709999084472656,24.299999237060547,93.20999908447266,741.0,724.0800170898438,298.9700012207031
2026-06-29T22:31:27,3971.5,368.5799865722656,95.05999755859376,87.44999694824219,109.9000015258789,82.16999816894531,91.63999938964844,28.3700008392334,1.1406410932540894,162.1269989013672,6.782800197601318,70.41999816894531,6.15399980545044,26.559999465942383,7490.0,30002.25,3024.699951171875,59841.19140625,80.01000213623047,96.4000015258789,109.6999969482422,17.649999618530273,88.70999908447266,68.14109802246094,31.709999084472656,24.299999237060547,93.20999908447266,741.0,724.0800170898438,298.9700012207031
2026-06-29T22:46:15,3971.5,368.5799865722656,95.05999755859376,87.44999694824219,109.9000015258789,82.16999816894531,91.63999938964844,28.3700008392334,1.1407711505889893,162.13400268554688,6.7820000648498535,70.41000366210938,6.142499923706055,26.559999465942383,7493.75,30028.0,3026.5,59908.2890625,80.01000213623047,96.4000015258789,109.6999969482422,17.649999618530273,88.70999908447266,68.14109802246094,31.709999084472656,24.299999237060547,93.20999908447266,741.0,724.0800170898438,298.9700012207031
2026-06-29T23:01:04,3980.0,368.5799865722656,95.05999755859376,87.44999694824219,109.9000015258789,82.16999816894531,91.63999938964844,28.3700008392334,1.1407711505889893,162.1490020751953,6.782100200653076,70.5,6.168499946594238,26.559999465942383,7494.0,30036.0,3027.10009765625,59855.69140625,80.01000213623047,96.4000015258789,109.6999969482422,17.649999618530273,88.70999908447266,68.14109802246094,31.709999084472656,24.299999237060547,93.20999908447266,741.0,724.0800170898438,298.9700012207031
2026-06-29T23:15:56,3981.5,368.5799865722656,95.05999755859376,87.44999694824219,109.9000015258789,82.16999816894531,91.63999938964844,28.3700008392334,1.1405109167099,162.20399475097656,6.780099868774414,70.66000366210938,6.190000057220459,26.559999465942383,7493.25,30034.5,3026.800048828125,59799.01953125,80.01000213623047,96.4000015258789,109.6999969482422,17.649999618530273,88.70999908447266,68.14109802246094,31.709999084472656,24.299999237060547,93.20999908447266,741.0,724.0800170898438,298.9700012207031
2026-06-29T23:31:52,3981.10009765625,368.5799865722656,95.05999755859376,87.44999694824219,109.9000015258789,82.16999816894531,91.63999938964844,28.3700008392334,1.1402509212493896,162.13400268554688,6.780700206756592,70.66000366210938,6.185500144958496,26.559999465942383,7495.5,30050.0,3027.60009765625,59698.62890625,80.01000213623047,96.4000015258789,109.6999969482422,17.649999618530273,88.70999908447266,68.14109802246094,31.709999084472656,24.299999237060547,93.20999908447266,741.0,724.0800170898438,298.9700012207031
2026-06-29T23:45:50,3975.300048828125,368.5799865722656,95.05999755859376,87.44999694824219,109.9000015258789,82.16999816894531,91.63999938964844,28.3700008392334,1.1401208639144895,162.16200256347656,6.780700206756592,70.51000213623047,6.176499843597412,26.559999465942383,7498.25,30074.25,3028.699951171875,59617.80859375,80.01000213623047,96.4000015258789,109.6999969482422,17.649999618530273,88.70999908447266,68.14109802246094,31.709999084472656,24.299999237060547,93.20999908447266,741.0,724.0800170898438,298.9700012207031
2026-06-30T00:00:50,3981.1,368.5799865722656,95.05999755859376,87.44999694824219,109.9000015258789,82.16999816894531,91.63999938964844,28.3700008392334,1.1401208639144895,162.18299865722656,6.780099868774414,70.39,6.1795,26.559999465942383,7506.5,30122.25,3031.0,59504.62890625,80.01000213623047,96.4000015258789,109.6999969482422,17.649999618530273,88.70999908447266,68.141,31.709999084472656,24.299999237060547,93.20999908447266,741.0,724.0800170898438,298.9700012207031
2026-06-30T00:15:48,3983.300048828125,368.5799865722656,95.05999755859376,87.44999694824219,109.9000015258789,82.16999816894531,91.63999938964844,28.3700008392334,1.1401208639144895,162.17599487304688,6.779799938201904,70.41000366210938,6.184500217437744,26.559999465942383,7501.5,30095.0,3029.6,59415.48046875,80.01000213623047,96.4000015258789,109.6999969482422,17.649999618530273,88.70999908447266,68.141,31.709999084472656,24.299999237060547,93.20999908447266,741.0,724.0800170898438,298.9700012207031
2026-06-30T00:30:47,3988.699951171875,368.5799865722656,95.05999755859376,87.44999694824219,109.9000015258789,82.16999816894531,91.63999938964844,28.3700008392334,1.1399909257888794,162.17300415039062,6.7795000076293945,70.44000244140625,6.185500144958496,26.559999465942383,7506.75,30140.75,3031.699951171875,59479.98046875,80.01000213623047,96.4000015258789,109.6999969482422,17.649999618530273,88.70999908447266,68.141,31.709999084472656,24.299999237060547,93.20999908447266,741.0,724.0800170898438,298.9700012207031
2026-06-30T00:45:51,4009.0,368.5799865722656,95.05999755859376,87.44999694824219,109.9000015258789,82.16999816894531,91.63999938964844,28.3700008392334,1.1401208639144895,162.1820068359375,6.779600143432617,70.26000213623047,6.193999767303467,26.559999465942383,7512.0,30186.5,3034.5,59472.8515625,80.01000213623047,96.4000015258789,109.6999969482422,17.649999618530273,88.70999908447266,68.141,31.709999084472656,24.299999237060547,93.20999908447266,741.0,724.0800170898438,298.9700012207031
2026-06-30T01:00:50,4003.10009765625,368.5799865722656,95.05999755859376,87.44999694824219,109.9000015258789,82.16999816894531,91.63999938964844,28.3700008392334,1.139211654663086,162.177001953125,6.779600143432617,70.26000213623047,6.191999912261963,26.559999465942383,7511.0,30190.0,3033.199951171875,59416.0,80.01000213623047,96.4000015258789,109.6999969482422,17.649999618530273,88.70999908447266,68.141,31.709999084472656,24.299999237060547,93.20999908447266,741.0,724.0800170898438,298.9700012207031
2026-06-30T01:15:48,4001.0,368.5799865722656,95.05999755859376,87.44999694824219,109.9000015258789,82.16999816894531,91.63999938964844,28.3700008392334,1.1393414735794067,162.1909942626953,6.780099868774414,70.11000061035156,6.1875,26.559999465942383,7512.0,30200.25,3034.199951171875,59295.44140625,80.01000213623047,96.4000015258789,109.6999969482422,17.649999618530273,88.70999908447266,68.141,31.709999084472656,24.299999237060547,93.20999908447266,741.0,724.0800170898438,298.9700012207031
2026-06-30T01:31:45,3996.300048828125,368.5799865722656,95.05999755859376,87.44999694824219,109.9000015258789,82.16999816894531,91.63999938964844,28.3700008392334,1.1394712924957275,162.197998046875,6.780099868774414,70.19000244140625,6.185999870300293,26.559999465942383,7512.25,30183.5,3034.10009765625,59272.73046875,80.01000213623047,96.4000015258789,109.6999969482422,17.649999618530273,88.70999908447266,68.141,31.709999084472656,24.299999237060547,93.20999908447266,741.0,724.0800170898438,298.9700012207031
2026-06-30T01:46:38,3992.60009765625,368.5799865722656,95.05999755859376,87.44999694824219,109.9000015258789,82.16999816894531,91.63999938964844,28.3700008392334,1.1394712924957275,162.24899291992188,6.780099868774414,70.22000122070312,6.179500102996826,26.559999465942383,7504.25,30121.0,3031.199951171875,59476.83984375,80.01000213623047,96.4000015258789,109.6999969482422,17.649999618530273,88.70999908447266,68.141,31.709999084472656,24.299999237060547,93.20999908447266,741.0,724.0800170898438,298.9700012207031
2026-06-30T02:01:31,3990.5,368.5799865722656,95.05999755859376,87.44999694824219,109.9000015258789,82.16999816894531,91.63999938964844,28.3700008392334,1.1386927366256714,162.3179931640625,6.77869987487793,70.2300033569336,6.181000232696533,26.559999465942383,7508.25,30148.0,3032.39990234375,59496.51953125,80.01000213623047,96.4000015258789,109.6999969482422,17.649999618530273,88.70999908447266,68.141,31.709999084472656,24.299999237060547,93.20999908447266,741.0,724.0800170898438,298.9700012207031
2026-06-30T02:16:22,4001.800048828125,368.5799865722656,95.05999755859376,87.44999694824219,109.9000015258789,82.16999816894531,91.63999938964844,28.3700008392334,1.139211654663086,162.29100036621094,6.778500080108643,70.04000091552734,6.17549991607666,26.559999465942383,7508.75,30152.25,3033.199951171875,59442.890625,80.01000213623047,96.4000015258789,109.6999969482422,17.649999618530273,88.70999908447266,68.141,31.709999084472656,24.299999237060547,93.20999908447266,741.0,724.0800170898438,298.9700012207031
2026-06-30T02:31:25,3999.60009765625,368.5799865722656,95.05999755859376,87.44999694824219,109.9000015258789,82.16999816894531,91.63999938964844,28.3700008392334,1.1401208639144895,162.26800537109375,6.775400161743164,69.93000030517578,6.18149995803833,26.559999465942383,7506.75,30144.75,3031.60009765625,59553.96875,80.01000213623047,96.4000015258789,109.6999969482422,17.649999618530273,88.70999908447266,68.141,31.709999084472656,24.299999237060547,93.20999908447266,741.0,724.0800170898438,298.9700012207031
2026-06-30T02:46:18,4041.0,368.5799865722656,95.05999755859376,87.44999694824219,109.9000015258789,82.16999816894531,91.63999938964844,28.3700008392334,1.1399909257888794,162.28599548339844,6.776100158691406,69.94999694824219,6.241000175476074,26.559999465942383,7503.25,30107.75,3030.300048828125,59457.76953125,80.01000213623047,96.4000015258789,109.6999969482422,17.649999618530273,88.70999908447266,68.141,31.709999084472656,24.299999237060547,93.20999908447266,741.0,724.0800170898438,298.9700012207031
2026-06-30T03:01:12,4044.60009765625,368.5799865722656,95.05999755859376,87.44999694824219,109.9000015258789,82.16999816894531,91.63999938964844,28.3700008392334,1.1405109167099,162.2310028076172,6.775400161743164,70.16999816894531,6.256499767303467,26.559999465942383,7506.5,30125.0,3032.10009765625,59484.9296875,80.01000213623047,96.4000015258789,109.6999969482422,17.65,88.70999908447266,68.141,31.709999084472656,24.299999237060547,93.20999908447266,741.0,724.0800170898438,298.9700012207031
2026-06-30T03:15:10,4039.60009765625,368.5799865722656,95.05999755859376,87.44999694824219,109.9000015258789,82.16999816894531,91.63999938964844,28.3700008392334,1.1407711505889893,162.21499633789062,6.774099826812744,70.2300033569336,6.262499809265137,26.559999465942383,7510.75,30140.25,3034.5,59401.1796875,80.01000213623047,96.4000015258789,109.6999969482422,17.65,88.70999908447266,68.141,31.709999084472656,24.299999237060547,93.20999908447266,741.0,724.0800170898438,298.9700012207031
2026-06-30T03:30:12,4042.699951171875,368.5799865722656,95.05999755859376,87.44999694824219,109.9000015258789,82.16999816894531,91.63999938964844,28.3700008392334,1.1410315036773682,162.1510009765625,6.772299766540527,70.33000183105469,6.270500183105469,26.559999465942383,7504.75,30118.0,3033.300048828125,59394.48046875,80.01000213623047,96.4000015258789,109.6999969482422,17.540000915527344,88.70999908447266,68.141,31.709999084472656,24.299999237060547,93.20999908447266,741.0,724.0800170898438,298.9700012207031
2026-06-30T03:45:13,4045.5,368.5799865722656,95.05999755859376,87.44999694824219,109.9000015258789,82.16999816894531,91.63999938964844,28.3700008392334,1.1409013271331787,162.18099975585938,6.770199775695801,70.27999877929688,6.278500080108643,26.559999465942383,7508.75,30125.0,3034.10009765625,59405.4609375,80.01000213623047,96.4000015258789,109.6999969482422,17.489999771118164,88.70999908447266,68.141,31.709999084472656,24.299999237060547,93.20999908447266,741.0,724.0800170898438,298.9700012207031
2026-06-30T04:00:16,4041.5,368.5799865722656,95.05999755859376,87.44999694824219,109.9000015258789,82.16999816894531,91.63999938964844,28.3700008392334,1.1399909257888794,162.24400329589844,6.77209997177124,70.33999633789062,6.273499965667725,26.559999465942383,7502.75,30081.0,3032.0,59432.421875,80.01000213623047,96.4000015258789,109.6999969482422,17.520000457763672,88.70999908447266,68.141,31.709999084472656,24.299999237060547,93.20999908447266,741.0,724.0800170898438,298.9700012207031
2026-06-30T04:15:40,4051.39990234375,368.5799865722656,95.05999755859376,87.44999694824219,109.9000015258789,82.16999816894531,91.63999938964844,28.3700008392334,1.139211654663086,162.32200622558594,6.785299777984619,70.2699966430664,6.265999794006348,26.559999465942383,7506.75,30119.75,3031.60009765625,59305.62890625,80.01000213623047,96.4000015258789,109.6999969482422,17.56999969482422,88.70999908447266,68.141,31.709999084472656,24.299999237060547,93.20999908447266,741.0,724.0800170898438,298.9700012207031
2026-06-30T04:30:39,4035.39990234375,368.5799865722656,95.05999755859376,87.44999694824219,109.9000015258789,82.16999816894531,91.63999938964844,28.3700008392334,1.1396011114120483,162.30299377441406,6.773099899291992,70.47000122070312,6.24399995803833,26.559999465942383,7504.5,30100.25,3030.300048828125,59332.26171875,80.01000213623047,96.4000015258789,109.6999969482422,17.610000610351562,88.70999908447266,68.141,31.709999084472656,24.299999237060547,93.20999908447266,741.0,724.0800170898438,298.9700012207031
2026-06-30T04:45:38,4037.199951171875,368.5799865722656,95.05999755859376,87.44999694824219,109.9000015258789,82.16999816894531,91.63999938964844,28.3700008392334,1.1390818357467651,162.38299560546875,6.774400234222412,70.80000305175781,6.250999927520752,26.559999465942383,7503.0,30084.25,3028.699951171875,59100.0,80.01000213623047,96.4000015258789,109.6999969482422,17.530000686645508,88.70999908447266,68.141,31.709999084472656,24.299999237060547,93.20999908447266,741.0,724.0800170898438,298.9700012207031
2026-06-30T05:00:37,4032.800048828125,368.5799865722656,95.05999755859376,87.44999694824219,109.9000015258789,82.16999816894531,91.63999938964844,28.3700008392334,1.1394712924957275,162.322998046875,6.773600101470947,70.77999877929688,6.232999801635742,26.559999465942383,7495.25,30034.0,3025.89990234375,59207.8203125,80.01000213623047,96.4000015258789,109.6999969482422,17.700000762939453,88.70999908447266,68.141,31.709999084472656,24.299999237060547,93.20999908447266,741.0,724.0800170898438,298.9700012207031
2026-06-30T05:15:34,4034.300048828125,368.5799865722656,95.05999755859376,87.44999694824219,109.9000015258789,82.16999816894531,91.63999938964844,28.3700008392334,1.1396011114120483,162.281005859375,6.77239990234375,70.58000183105469,6.222499847412109,26.559999465942383,7503.25,30075.25,3029.800048828125,59260.1015625,80.01000213623047,96.4000015258789,109.6999969482422,17.649999618530273,88.70999908447266,68.141,31.709999084472656,24.299999237060547,93.20999908447266,741.0,724.0800170898438,298.9700012207031
2026-06-30T05:30:33,4033.800048828125,368.5799865722656,95.05999755859376,87.44999694824219,109.9000015258789,82.16999816894531,91.63999938964844,28.3700008392334,1.1396011114120483,162.28799438476562,6.771900177001953,70.69999694824219,6.228499889373779,26.559999465942383,7504.0,30077.25,3030.60009765625,59183.69140625,80.01000213623047,96.4000015258789,109.6999969482422,17.6200008392334,88.70999908447266,68.141,31.709999084472656,24.299999237060547,93.20999908447266,741.0,724.0800170898438,298.9700012207031
2026-06-30T05:45:30,4026.89990234375,368.5799865722656,95.05999755859376,87.44999694824219,109.9000015258789,82.16999816894531,91.63999938964844,28.3700008392334,1.1398608684539795,162.29400634765625,6.77370023727417,70.83999633789062,6.223499774932861,26.559999465942383,7501.0,30051.25,3029.0,59270.03125,80.01000213623047,96.4000015258789,109.6999969482422,17.649999618530273,88.70999908447266,68.141,31.709999084472656,24.299999237060547,93.20999908447266,741.0,724.0800170898438,298.9700012207031
2026-06-30T06:00:27,4032.800048828125,368.5799865722656,95.05999755859376,87.44999694824219,109.9000015258789,82.16999816894531,91.63999938964844,28.3700008392334,1.1399909257888794,162.29600524902344,6.773200035095215,70.86000061035156,6.235499858856201,26.559999465942383,7507.25,30088.25,3033.5,59282.76953125,80.01000213623047,96.4000015258789,109.6999969482422,17.579999923706055,88.70999908447266,68.141,31.709999084472656,24.299999237060547,93.20999908447266,741.0,724.0800170898438,298.9700012207031
2026-06-30T06:15:28,4039.5,368.5799865722656,95.05999755859376,87.44999694824219,109.9000015258789,82.16999816894531,91.63999938964844,28.3700008392334,1.1398608684539795,162.3249969482422,6.773099899291992,70.98999786376953,6.239500045776367,26.559999465942383,7506.0,30081.25,3032.89990234375,59288.3515625,80.01000213623047,96.4000015258789,109.6999969482422,17.59000015258789,88.70999908447266,68.141,31.709999084472656,24.299999237060547,93.20999908447266,741.0,724.0800170898438,298.9700012207031
2026-06-30T06:30:28,4038.699951171875,368.5799865722656,95.05999755859376,87.44999694824219,109.9000015258789,82.16999816894531,91.63999938964844,28.3700008392334,1.1398608684539795,162.33900451660156,6.7733001708984375,70.95999908447266,6.236000061035156,26.559999465942383,7508.25,30109.75,3035.5,59266.37890625,80.01000213623047,96.4000015258789,109.6999969482422,17.56999969482422,88.70999908447266,68.141,31.709999084472656,24.299999237060547,93.20999908447266,741.0,724.0800170898438,298.9700012207031
2026-06-30T06:45:26,4040.800048828125,368.5799865722656,95.05999755859376,87.44999694824219,109.9000015258789,82.16999816894531,91.63999938964844,28.3700008392334,1.1402509212493896,162.343994140625,6.773900032043457,70.80999755859375,6.233500003814697,26.559999465942383,7506.0,30098.0,3033.60009765625,59220.2109375,80.01000213623047,96.4000015258789,109.6999969482422,17.559999465942383,88.70999908447266,68.141,31.709999084472656,24.299999237060547,93.20999908447266,741.0,724.0800170898438,298.9700012207031
2026-06-30T07:00:24,4042.699951171875,368.5799865722656,95.05999755859376,87.44999694824219,109.9000015258789,82.16999816894531,91.63999938964844,28.3700008392334,1.1405109167099,162.32699584960938,6.77370023727417,70.66999816894531,6.243000030517578,26.559999465942383,7509.25,30114.0,3034.10009765625,59223.21875,80.01000213623047,96.4000015258789,109.6999969482422,17.56999969482422,88.70999908447266,68.141,31.709999084472656,24.299999237060547,93.20999908447266,741.0,724.0800170898438,298.9700012207031
2026-06-30T07:15:20,4043.60009765625,368.5799865722656,95.05999755859376,87.44999694824219,109.9000015258789,82.16999816894531,91.63999938964844,28.3700008392334,1.1402509212493896,162.3459930419922,6.773600101470947,70.69999694824219,6.249499797821045,26.559999465942383,7514.75,30157.5,3035.60009765625,59287.03125,80.01000213623047,96.4000015258789,109.6999969482422,17.440000534057617,88.70999908447266,68.141,31.709999084472656,24.299999237060547,93.20999908447266,741.0,724.0800170898438,298.9700012207031
2026-06-30T07:30:19,4045.0,368.5799865722656,95.05999755859376,87.44999694824219,109.9000015258789,82.16999816894531,91.63999938964844,28.3700008392334,1.1399909257888794,162.3800048828125,6.773600101470947,70.55999755859375,6.248499870300293,26.559999465942383,7515.75,30151.5,3034.5,59156.98828125,80.01000213623047,96.4000015258789,109.6999969482422,17.40999984741211,88.70999908447266,68.141,31.709999084472656,24.299999237060547,93.20999908447266,741.0,724.0800170898438,298.9700012207031
2026-06-30T07:45:17,4044.60009765625,368.5799865722656,95.05999755859376,87.44999694824219,109.9000015258789,82.16999816894531,91.63999938964844,28.3700008392334,1.1399909257888794,162.38999938964844,6.773799896240234,70.79000091552734,6.251999855041504,26.559999465942383,7511.75,30136.25,3033.199951171875,59168.33984375,80.01000213623047,96.4000015258789,109.6999969482422,17.469999313354492,88.70999908447266,68.141,31.709999084472656,24.299999237060547,93.20999908447266,741.0,724.0800170898438,298.9700012207031
2026-06-30T08:00:14,4046.0,368.5799865722656,95.05999755859376,87.44999694824219,109.9000015258789,82.16999816894531,91.63999938964844,28.3700008392334,1.1396011114120483,162.406005859375,6.773799896240234,70.9800033569336,6.260499954223633,26.559999465942383,7516.0,30165.25,3032.0,59077.66015625,80.01000213623047,96.4000015258789,109.6999969482422,17.43000030517578,88.70999908447266,68.141,31.709999084472656,24.299999237060547,93.20999908447266,741.0,724.0800170898438,298.9700012207031
2026-06-30T08:15:12,4045.39990234375,368.5799865722656,95.05999755859376,87.44999694824219,109.9000015258789,82.16999816894531,91.63999938964844,28.3700008392334,1.1398608684539795,162.427001953125,6.77400016784668,71.1500015258789,6.26200008392334,26.559999465942383,7503.75,30095.0,3026.699951171875,58915.46875,80.01000213623047,96.4000015258789,109.6999969482422,17.440000534057617,88.70999908447266,68.141,31.709999084472656,24.299999237060547,93.20999908447266,741.0,724.0800170898438,298.9700012207031
2026-06-30T08:30:08,4039.89990234375,368.5799865722656,95.05999755859376,87.44999694824219,109.9000015258789,82.16999816894531,91.63999938964844,28.3700008392334,1.1394712924957275,162.46499633789062,6.774499893188477,71.2699966430664,6.249499797821045,26.559999465942383,7500.5,30074.25,3025.39990234375,58756.3203125,80.01000213623047,96.4000015258789,109.6999969482422,17.579999923706055,88.70999908447266,68.141,31.709999084472656,24.299999237060547,93.20999908447266,741.0,724.0800170898438,298.9700012207031
2026-06-30T08:45:12,4030.60009765625,368.5799865722656,95.05999755859376,87.44999694824219,109.9000015258789,82.16999816894531,91.63999938964844,28.3700008392334,1.1401208639144895,162.4199981689453,6.774700164794922,71.08999633789062,6.259500026702881,26.559999465942383,7494.5,30021.0,3023.300048828125,58733.53125,80.01000213623047,96.4000015258789,109.6999969482422,17.68000030517578,88.70999908447266,68.141,31.709999084472656,24.299999237060547,93.20999908447266,741.0,724.0800170898438,298.9700012207031
2026-06-30T09:01:12,4029.0,368.5799865722656,95.05999755859376,87.44999694824219,109.9000015258789,82.16999816894531,91.63999938964844,28.3700008392334,1.1399909257888794,162.41000366210938,6.774700164794922,71.01000213623047,6.257500171661377,26.559999465942383,7500.0,30035.25,3027.0,58309.80859375,80.01000213623047,96.4000015258789,109.6999969482422,17.6200008392334,88.70999908447266,68.141,31.709999084472656,24.299999237060547,93.20999908447266,741.0,724.0800170898438,298.9700012207031
2026-06-30T09:16:11,4032.0,368.5799865722656,95.05999755859376,87.44999694824219,109.9000015258789,82.16999816894531,91.63999938964844,28.3700008392334,1.1405109167099,162.34800720214844,6.774700164794922,71.26000213623047,6.243000030517578,26.559999465942383,7496.75,30018.75,3026.0,58437.671875,80.01000213623047,96.4000015258789,109.6999969482422,17.65999984741211,88.70999908447266,68.141,31.709999084472656,24.299999237060547,93.20999908447266,741.0,724.0800170898438,298.9700012207031
2026-06-30T09:31:21,4046.39990234375,369.5450134277344,94.9000015258789,87.15499877929688,109.8550033569336,82.14510345458984,91.6500015258789,28.4419002532959,1.1405109167099,162.35499572753906,6.774799823760986,71.04000091552734,6.256499767303467,26.76499938964844,7496.25,30021.5,3025.60009765625,58652.30078125,79.95999908447266,96.4000015258789,109.50499725341795,17.639999389648438,88.71,68.141,31.479999542236328,24.309999465942383,92.75,741.79150390625,726.2100219726562,298.1650085449219
2026-06-30T09:46:39,4031.5,369.2300109863281,94.87000274658205,87.1050033569336,109.8550033569336,82.13890075683594,91.64240264892578,28.4419002532959,1.1402509212493896,162.4080047607422,6.775100231170654,70.9000015258789,6.242000102996826,26.709999084472656,7503.75,30225.25,3018.300048828125,58428.19921875,79.9749984741211,96.36000061035156,109.51499938964844,17.579999923706055,89.2699966430664,68.1411,31.475000381469727,24.34499931335449,92.91999816894533,742.0900268554688,728.719970703125,298.2300109863281
2026-06-30T10:01:41,4041.89990234375,369.8200073242188,94.80999755859376,87.0250015258789,109.76000213623048,82.12999725341797,91.6449966430664,28.45039939880371,1.1397310495376587,162.4980010986328,6.775199890136719,70.77999877929688,6.241000175476074,26.70499992370605,7514.5,30264.0,3028.60009765625,58781.05078125,80.0,96.39929962158205,109.44000244140624,17.489999771118164,88.9800033569336,68.1411,31.4950008392334,24.36000061035156,92.94000244140624,743.5999755859375,730.7700805664062,298.9599914550781
2026-06-30T10:16:39,4041.800048828125,371.1900024414063,94.8550033569336,87.08879852294922,109.83499908447266,82.13590240478516,91.63999938964844,28.424999237060547,1.141422152519226,162.427001953125,6.776199817657471,70.87000274658203,6.255000114440918,26.76000022888184,7526.5,30346.5,3031.5,58869.6796875,79.99500274658203,96.40499877929688,109.4749984741211,17.280000686645508,88.37000274658203,68.1411,31.7322998046875,24.63999938964844,93.05500030517578,743.6599731445312,731.5299072265625,299.5799865722656
2026-06-30T10:31:39,4068.199951171875,372.3198852539063,94.83989715576172,87.07499694824219,109.8249969482422,82.13030242919922,91.63999938964844,28.420000076293945,1.1416828632354736,162.40499877929688,6.775599956512451,70.5999984741211,6.287000179290772,26.780000686645508,7526.0,30375.0,3035.5,58836.359375,79.99500274658203,96.41500091552734,109.4749984741211,17.219999313354492,88.12000274658203,68.1411,31.64999961853028,24.52499961853028,93.11000061035156,745.0100708007812,733.5399780273438,300.05499267578125
2026-06-30T10:46:43,4066.10009765625,371.2749938964844,94.84500122070312,87.08000183105469,109.8249969482422,82.13500213623047,91.63999938964844,28.41010093688965,1.1419435739517212,162.44900512695312,6.775400161743164,70.75,6.296500205993652,26.73500061035156,7537.5,30402.0,3037.699951171875,58611.6796875,80.01499938964844,96.44000244140624,109.49500274658205,16.950000762939453,87.62999725341797,68.1411,31.604999542236328,24.475000381469727,93.01000213623048,744.0698852539062,731.5499877929688,299.2250061035156
2026-06-30T11:02:07,4059.10009765625,370.25,94.82029724121094,87.06500244140625,109.80989837646484,82.13009643554688,91.64969635009766,28.375,1.1435105800628662,162.52000427246094,6.774700164794922,70.37999725341797,6.275000095367432,26.70499992370605,7527.5,30360.25,3033.300048828125,58439.98828125,80.00499725341797,96.44499969482422,109.4749984741211,17.06999969482422,87.55999755859375,68.1411,31.614999771118164,24.47010040283203,93.22000122070312,743.9600219726562,731.530029296875,299.3349914550781
2026-06-30T11:16:53,4051.39990234375,369.9849853515625,94.79499816894533,86.99500274658203,109.76499938964844,82.125,91.64869689941406,28.395000457763672,1.1428571939468384,162.51600646972656,6.774099826812744,70.26000213623047,6.281499862670898,26.674999237060547,7527.5,30373.75,3033.89990234375,58141.58984375,80.01499938964844,96.44499969482422,109.44000244140624,17.020000457763672,87.55999755859375,68.1411,31.625,24.479999542236328,93.23500061035156,744.5900268554688,732.530029296875,299.7900085449219
2026-06-30T11:31:44,4039.199951171875,369.6499938964844,94.79010009765624,87.01100158691406,109.7500991821289,82.125,91.6449966430664,28.39999961853028,1.1425960063934326,162.53199768066406,6.7743000984191895,70.29000091552734,6.262499809265137,26.645000457763672,7535.75,30383.5,3039.10009765625,58297.859375,80.02999877929688,96.46499633789062,109.45500183105467,16.950000762939453,87.12000274658203,68.1411,31.6200008392334,24.475000381469727,93.12000274658205,745.2100219726562,733.0399780273438,299.69000244140625
2026-06-30T11:45:38,4043.60009765625,369.9993896484375,94.83499908447266,87.05000305175781,109.79499816894533,82.13500213623047,91.6449966430664,28.409900665283203,1.1422044038772583,162.62899780273438,6.774899959564209,70.11000061035156,6.272500038146973,26.61000061035156,7539.75,30420.5,3036.60009765625,58495.55078125,80.04000091552734,96.47000122070312,109.5250015258789,16.889999389648438,87.08999633789062,68.1411,31.64999961853028,24.49250030517578,93.0779037475586,745.3699951171875,733.4801025390625,299.5199890136719
2026-06-30T12:00:40,4046.199951171875,369.6400146484375,94.84500122070312,87.05000305175781,109.7699966430664,82.13500213623047,91.64250183105467,28.420000076293945,1.1420739889144895,162.6219940185547,6.774899959564209,69.91999816894531,6.256499767303467,26.64999961853028,7542.5,30442.5,3036.39990234375,58314.03125,80.01499938964844,96.45500183105467,109.51499938964844,16.860000610351562,87.02999877929688,68.1411,31.61009979248047,24.45499992370605,93.09500122070312,746.010009765625,734.4149780273438,299.5299987792969
2026-06-30T12:15:39,4042.60009765625,369.8200073242188,94.80999755859376,86.97010040283203,109.74500274658205,82.13500213623047,91.63999938964844,28.41990089416504,1.1418131589889526,162.66000366210938,6.775100231170654,69.91000366210938,6.260499954223633,26.70499992370605,7549.5,30488.25,3037.800048828125,58227.44921875,80.0250015258789,96.45999908447266,109.48999786376952,16.790000915527344,87.13999938964844,68.1411,31.613500595092773,24.45499992370605,93.15070343017578,746.260009765625,734.9500122070312,300.0400085449219
2026-06-30T12:30:40,4044.60009765625,369.8599853515625,94.80999755859376,86.9749984741211,109.74500274658205,82.13999938964844,91.6449966430664,28.424999237060547,1.1418131589889526,162.61599731445312,6.775100231170654,70.06999969482422,6.266499996185303,26.66370010375977,7551.75,30502.75,3040.39990234375,58193.53125,80.04499816894531,96.47000122070312,109.48500061035156,16.729999542236328,86.95999908447266,68.1411,31.614999771118164,24.459999084472656,93.16000366210938,746.3049926757812,735.030029296875,300.1700134277344
2026-06-30T12:45:39,4044.300048828125,370.0450134277344,94.82990264892578,86.98799896240234,109.7698974609375,82.13999938964844,91.6449966430664,28.420000076293945,1.1419435739517212,162.6060028076172,6.775100231170654,69.87999725341797,6.264999866485596,26.674999237060547,7549.25,30492.75,3045.39990234375,58231.4296875,80.04499816894531,96.48500061035156,109.47000122070312,16.75,86.94999694824219,68.1411,31.622499465942383,24.4950008392334,93.1999969482422,746.5599975585938,735.6400146484375,300.3999938964844
2026-06-30T13:00:38,4045.60009765625,369.4400024414063,94.78500366210938,86.92500305175781,109.73999786376952,82.13009643554688,91.64769744873048,28.424999237060547,1.1418131589889526,162.6300048828125,6.775100231170654,69.86000061035156,6.267499923706055,26.61800003051757,7556.75,30538.75,3043.300048828125,58370.6484375,80.0250015258789,96.45500183105467,109.44000244140624,16.649999618530273,86.7300033569336,68.1411,31.625,24.50040054321289,93.22000122070312,746.9099731445312,735.9400024414062,300.3500061035156
2026-06-30T13:15:37,4038.39990234375,369.2200927734375,94.7750015258789,86.875,109.72000122070312,82.13770294189453,91.64199829101562,28.428300857543945,1.1418131589889526,162.62100219726562,6.775100231170654,69.77999877929688,6.250500202178955,26.63999938964844,7556.75,30549.5,3045.800048828125,58310.6015625,80.02999877929688,96.4499969482422,109.38500213623048,16.649999618530273,86.7300033569336,68.1411,31.620100021362305,24.49570083618164,93.2300033569336,746.5599975585938,736.030029296875,300.25
2026-06-30T13:30:34,4040.89990234375,369.5244140625,94.78009796142578,86.91500091552734,109.71499633789062,82.13990020751953,91.6449966430664,28.415000915527344,1.1422044038772583,162.59500122070312,6.775100231170654,69.79000091552734,6.250500202178955,26.6200008392334,7554.75,30548.75,3045.300048828125,58289.48828125,80.04000091552734,96.45999908447266,109.37999725341795,16.65999984741211,86.93000030517578,68.1411,31.625,24.48500061035156,93.30500030517578,746.4099731445312,735.75,300.7200012207031
2026-06-30T13:45:34,4042.800048828125,369.7355041503906,94.77999877929688,86.88999938964844,109.72750091552734,82.13009643554688,91.6449966430664,28.40999984741211,1.1422044038772583,162.5959930419922,6.775199890136719,69.62999725341797,6.25,26.6299991607666,7553.0,30536.75,3047.199951171875,58250.8984375,80.0199966430664,96.45500183105467,109.37999725341795,16.68000030517578,86.9800033569336,68.1411,31.649900436401367,24.51499938964844,93.34500122070312,746.489990234375,736.030029296875,300.7699890136719
2026-06-30T14:00:33,4044.89990234375,369.9299926757813,94.76499938964844,86.86000061035156,109.70999908447266,82.13500213623047,91.6449966430664,28.409900665283203,1.1424654722213743,162.58700561523438,6.775199890136719,69.68000030517578,6.257500171661377,26.63999938964844,7550.75,30520.25,3047.0,58359.8515625,80.00499725341797,96.44000244140624,109.375,16.6299991607666,86.9000015258789,68.1411,31.655000686645508,24.545000076293945,93.35769653320312,746.47998046875,735.75,300.4901123046875
2026-06-30T14:15:32,4048.300048828125,369.9079895019531,94.75,86.83499908447266,109.69000244140624,82.13500213623047,91.6449966430664,28.39640045166016,1.142987847328186,162.60499572753906,6.775300025939941,69.66000366210938,6.261499881744385,26.6033992767334,7553.5,30523.25,3045.89990234375,58347.51953125,80.00499725341797,96.43499755859376,109.33499908447266,16.600000381469727,87.06999969482422,68.1411,31.6697006225586,24.545000076293945,93.37000274658205,746.8099975585938,735.780029296875,300.44000244140625
2026-06-30T14:30:31,4046.39990234375,369.7795104980469,94.74500274658205,86.80000305175781,109.65499877929688,82.13500213623047,91.6449966430664,28.39999961853028,1.142987847328186,162.58599853515625,6.775300025939941,69.43000030517578,6.256999969482422,26.604999542236328,7556.75,30540.75,3045.699951171875,58396.80859375,80.01000213623047,96.43499755859376,109.29499816894533,16.579999923706055,87.08999633789062,68.1411,31.655000686645508,24.540000915527344,93.38999938964844,746.5999755859375,735.7901000976562,300.260009765625
2026-06-30T14:45:33,4046.300048828125,369.7900085449219,94.72570037841795,86.76000213623047,109.66500091552734,82.13500213623047,91.6417007446289,28.40999984741211,1.1424654722213743,162.60400390625,6.775300025939941,69.69999694824219,6.257999897003174,26.64999961853028,7554.75,30535.75,3044.699951171875,58384.421875,80.01499938964844,96.44499969482422,109.26499938964844,16.639999389648438,87.04000091552734,68.1411,31.655000686645508,24.55500030517578,93.43000030517578,746.9199829101562,736.3499755859375,300.45001220703125
2026-06-30T15:00:32,4046.39990234375,369.71978759765625,94.7249984741211,86.83999633789062,109.66339874267578,82.125,91.6449966430664,28.405000686645508,1.1423349380493164,162.58599853515625,6.778299808502197,69.94000244140625,6.26200008392334,26.670000076293945,7560.5,30567.5,3047.60009765625,58553.12890625,80.00569915771484,96.44000244140624,109.29499816894533,16.639999389648438,87.0,68.1411,31.665000915527344,24.549999237060547,93.41000366210938,747.1599731445312,736.6898803710938,300.4949951171875
2026-06-30T15:15:31,4042.10009765625,369.2200012207031,94.66500091552734,86.69499969482422,109.625,82.125,91.64859771728516,28.402299880981445,1.1423349380493164,162.58099365234375,6.784599781036377,69.95999908447266,6.260000228881836,26.655000686645508,7559.75,30562.75,3046.199951171875,58551.19921875,80.0,96.43000030517578,109.23500061035156,16.510000228881836,86.33000183105469,68.1411,31.665000915527344,24.55500030517578,93.43499755859376,747.6920166015625,737.4000244140625,300.7900085449219
2026-06-30T15:30:30,4038.699951171875,369.0,94.63999938964844,86.625,109.56500244140624,82.125,91.64990234375,28.419300079345703,1.1419435739517212,162.61500549316406,6.784599781036377,69.95999908447266,6.260499954223633,26.665000915527344,7564.25,30580.75,3048.60009765625,58535.51171875,80.0,96.4250030517578,109.18499755859376,16.420000076293945,86.0999984741211,68.1411,31.655000686645508,24.53499984741211,93.41999816894533,747.4400024414062,737.0,300.8900146484375
2026-06-30T15:45:30,4036.39990234375,369.0400085449219,94.6449966430664,86.62999725341797,109.54000091552734,82.12999725341797,91.6414031982422,28.415000915527344,1.1422044038772583,162.60400390625,6.784599781036377,70.0999984741211,6.255499839782715,26.670000076293945,7558.0,30563.25,3048.5,58647.8984375,79.98999786376953,96.41500091552734,109.19000244140624,16.440000534057617,86.22000122070312,68.14109802246094,31.645000457763672,24.510099411010746,93.29000091552734,747.010009765625,737.0700073242188,300.5400085449219
2026-06-30T16:00:28,4033.60009765625,368.510009765625,94.56999969482422,86.43000030517578,109.46499633789062,82.0999984741211,91.6449966430664,28.405000686645508,1.142987847328186,162.58799743652344,6.784599781036377,70.08000183105469,6.25,26.665000915527344,7553.75,30548.75,3044.300048828125,58646.28125,79.94499969482422,96.36000061035156,109.09500122070312,16.459999084472656,86.30000305175781,68.14109802246094,31.59499931335449,24.475000381469727,93.2699966430664,747.1900024414062,735.8900146484375,300.4200134277344
2026-06-30T16:15:26,4033.699951171875,368.3800048828125,94.56999969482422,86.41999816894531,109.43000030517578,82.11000061035156,91.63999938964844,28.40999984741211,1.1428571939468384,162.58099365234375,6.784599781036377,70.08999633789062,6.251999855041504,26.65999984741211,7550.25,30530.75,3043.89990234375,58769.48046875,79.97000122070312,96.37000274658205,109.06999969482422,16.450000762939453,86.69999694824219,68.14109802246094,31.59000015258789,24.46999931335449,93.2699966430664,746.77001953125,736.4000244140625,300.45001220703125
2026-06-30T16:30:25,4032.199951171875,368.3800048828125,94.56999969482422,86.41999816894531,109.43000030517578,82.11000061035156,91.63999938964844,28.40999984741211,1.1427265405654907,162.5800018310547,6.784599781036377,70.05000305175781,6.254000186920166,26.65999984741211,7543.75,30502.25,3041.89990234375,58638.890625,79.97000122070312,96.37000274658205,109.06999969482422,16.450000762939453,86.87000274658203,68.14109802246094,31.59000015258789,24.46999931335449,93.2699966430664,746.77001953125,736.4000244140625,300.45001220703125
2026-06-30T16:45:31,4025.89990234375,368.3800048828125,94.56999969482422,86.41999816894531,109.43000030517578,82.11000061035156,91.63999938964844,28.40999984741211,1.1425960063934326,162.5760040283203,6.784599781036377,70.05000305175781,6.248000144958496,26.65999984741211,7542.0,30500.5,3040.60009765625,58568.30859375,79.97000122070312,96.37000274658205,109.06999969482422,16.450000762939453,86.87000274658203,71.95890045166016,31.59000015258789,24.46999931335449,93.2699966430664,746.77001953125,736.4000244140625,300.45001220703125
2026-06-30T17:00:29,4025.5,368.3800048828125,94.56999969482422,86.41999816894531,109.43000030517578,82.11000061035156,91.63999938964844,28.40999984741211,1.1422044038772583,161.92300415039062,6.784599781036377,70.05000305175781,6.249499797821045,26.65999984741211,7540.25,30493.75,3041.39990234375,58651.76953125,79.97000122070312,96.37000274658205,109.06999969482422,16.450000762939453,86.87000274658203,71.95890045166016,31.59000015258789,24.46999931335449,93.2699966430664,746.77001953125,736.4000244140625,300.45001220703125
2026-06-30T17:15:27,4021.800048828125,368.3800048828125,94.56999969482422,86.41999816894531,109.43000030517578,82.11000061035156,91.63999938964844,28.40999984741211,1.1424654722213743,162.57400512695312,6.784599781036377,70.02999877929688,6.247000217437744,26.65999984741211,7542.0,30500.75,3041.60009765625,58518.78125,79.97000122070312,96.37000274658205,109.06999969482422,16.450000762939453,86.87000274658203,71.95890045166016,31.59000015258789,24.46999931335449,93.2699966430664,746.77001953125,736.4000244140625,300.45001220703125
2026-06-30T17:30:34,4021.800048828125,368.3800048828125,94.56999969482422,86.41999816894531,109.43000030517578,82.11000061035156,91.63999938964844,28.40999984741211,1.1423349380493164,162.6009979248047,6.784599781036377,70.02999877929688,6.247000217437744,26.65999984741211,7542.0,30500.75,3041.60009765625,58496.359375,79.97000122070312,96.37000274658205,109.06999969482422,16.450000762939453,86.87000274658203,71.95890045166016,31.59000015258789,24.46999931335449,93.2699966430664,746.77001953125,736.4000244140625,300.45001220703125
2026-06-30T17:45:33,4021.800048828125,368.3800048828125,94.56999969482422,86.41999816894531,109.43000030517578,82.11000061035156,91.63999938964844,28.40999984741211,1.1425960063934326,162.51199340820312,6.778299808502197,70.02999877929688,6.247000217437744,26.65999984741211,7542.0,30500.75,3041.60009765625,58513.48046875,79.97000122070312,96.37000274658205,109.06999969482422,16.450000762939453,86.87000274658203,71.95890045166016,31.59000015258789,24.46999931335449,93.2699966430664,746.77001953125,736.4000244140625,300.45001220703125
2026-06-30T18:00:31,4021.800048828125,368.3800048828125,94.56999969482422,86.41999816894531,109.43000030517578,82.11000061035156,91.63999938964844,28.40999984741211,1.1422044038772583,161.92300415039062,6.778299808502197,70.02999877929688,6.247000217437744,26.65999984741211,7542.0,30500.75,3041.60009765625,58547.80078125,79.97000122070312,96.37000274658205,109.06999969482422,16.450000762939453,86.87000274658203,71.95890045166016,31.59000015258789,24.46999931335449,93.2699966430664,746.77001953125,736.4000244140625,300.45001220703125
2026-06-30T18:15:30,4029.10009765625,368.3800048828125,94.56999969482422,86.41999816894531,109.43000030517578,82.11000061035156,91.63999938964844,28.40999984741211,1.1424654722213743,162.59500122070312,6.778299808502197,69.9800033569336,6.256499767303467,26.65999984741211,7546.5,30521.75,3041.699951171875,58641.12890625,79.97000122070312,96.37000274658205,109.06999969482422,16.450000762939453,86.87000274658203,71.95890045166016,31.59000015258789,24.46999931335449,93.2699966430664,746.77001953125,736.4000244140625,300.45001220703125
2026-06-30T18:30:28,4026.89990234375,368.3800048828125,94.56999969482422,86.41999816894531,109.43000030517578,82.11000061035156,91.63999938964844,28.40999984741211,1.1424654722213743,162.61000061035156,6.778299808502197,69.94999694824219,6.251999855041504,26.65999984741211,7550.25,30531.0,3042.0,58511.0,79.97000122070312,96.37000274658205,109.06999969482422,16.450000762939453,86.87000274658203,71.95890045166016,31.59000015258789,24.46999931335449,93.2699966430664,746.77001953125,736.4000244140625,300.45001220703125
2026-06-30T18:45:25,4028.300048828125,368.3800048828125,94.56999969482422,86.41999816894531,109.43000030517578,82.11000061035156,91.63999938964844,28.40999984741211,1.1424654722213743,162.59800720214844,6.778299808502197,69.9800033569336,6.254499912261963,26.65999984741211,7547.5,30515.0,3041.800048828125,58490.26171875,79.97000122070312,96.37000274658205,109.06999969482422,16.450000762939453,86.87000274658203,71.95890045166016,31.59000015258789,24.46999931335449,93.2699966430664,746.77001953125,736.4000244140625,300.45001220703125
2026-06-30T19:00:22,4025.5,368.3800048828125,94.56999969482422,86.41999816894531,109.43000030517578,82.11000061035156,91.63999938964844,28.40999984741211,1.1423349380493164,162.59300231933594,6.7783,69.91999816894531,6.254000186920166,26.65999984741211,7543.5,30505.0,3040.300048828125,58513.828125,79.97000122070312,96.37000274658205,109.06999969482422,16.450000762939453,86.87000274658203,71.95890045166016,31.59000015258789,24.46999931335449,93.2699966430664,746.77001953125,736.4000244140625,300.45001220703125
2026-06-30T19:15:21,4026.10009765625,368.3800048828125,94.56999969482422,86.41999816894531,109.43000030517578,82.11000061035156,91.63999938964844,28.40999984741211,1.1422044038772583,162.59100341796875,6.7783,70.02999877929688,6.252999782562256,26.65999984741211,7542.5,30516.5,3040.39990234375,58519.9296875,79.97000122070312,96.37000274658205,109.06999969482422,16.450000762939453,86.87000274658203,71.95890045166016,31.59000015258789,24.46999931335449,93.2699966430664,746.77001953125,736.4000244140625,300.45001220703125
2026-06-30T19:30:18,4024.300048828125,368.3800048828125,94.56999969482422,86.41999816894531,109.43000030517578,82.11000061035156,91.63999938964844,28.40999984741211,1.1420739889144895,162.56500244140625,6.7783,70.05999755859375,6.250500202178955,26.65999984741211,7543.75,30525.25,3041.10009765625,58511.98046875,79.97000122070312,96.37000274658205,109.06999969482422,16.450000762939453,86.87000274658203,71.95890045166016,31.59000015258789,24.46999931335449,93.2699966430664,746.77001953125,736.4000244140625,300.45001220703125
2026-06-30T19:45:16,4024.60009765625,368.3800048828125,94.56999969482422,86.41999816894531,109.43000030517578,82.11000061035156,91.63999938964844,28.40999984741211,1.1418131589889526,162.58399963378906,6.7783,70.05000305175781,6.251999855041504,26.65999984741211,7545.75,30538.25,3041.5,58503.96875,79.97000122070312,96.37000274658205,109.06999969482422,16.450000762939453,86.87000274658203,71.95890045166016,31.59000015258789,24.46999931335449,93.2699966430664,746.77001953125,736.4000244140625,300.45001220703125
2026-06-30T20:00:14,4020.800048828125,368.3800048828125,94.56999969482422,86.41999816894531,109.43000030517578,82.11000061035156,91.63999938964844,28.40999984741211,1.1416828632354736,162.63999938964844,6.778299808502197,70.08000183105469,6.25,26.65999984741211,7544.25,30529.25,3040.60009765625,58550.03125,79.97000122070312,96.37000274658205,109.06999969482422,16.450000762939453,86.87000274658203,71.95890045166016,31.59000015258789,24.46999931335449,93.2699966430664,746.77001953125,736.4000244140625,300.45001220703125
2026-06-30T20:15:13,4019.699951171875,368.3800048828125,94.56999969482422,86.41999816894531,109.43000030517578,82.11000061035156,91.63999938964844,28.40999984741211,1.1415525674819946,162.677001953125,6.778299808502197,70.12000274658203,6.249499797821045,26.65999984741211,7545.25,30524.25,3042.0,58584.671875,79.97000122070312,96.37000274658205,109.06999969482422,16.450000762939453,86.87000274658203,71.95890045166016,31.59000015258789,24.46999931335449,93.2699966430664,746.77001953125,736.4000244140625,300.45001220703125
2026-06-30T20:30:11,4015.60009765625,368.3800048828125,94.56999969482422,86.41999816894531,109.43000030517578,82.11000061035156,91.63999938964844,28.40999984741211,1.1416828632354736,162.63999938964844,6.778299808502197,70.11000061035156,6.234499931335449,26.65999984741211,7544.0,30522.5,3042.5,58297.98828125,79.97000122070312,96.37000274658205,109.06999969482422,16.450000762939453,86.87000274658203,71.95890045166016,31.59000015258789,24.46999931335449,93.2699966430664,746.77001953125,736.4000244140625,300.45001220703125
2026-06-30T20:45:10,4016.60009765625,368.3800048828125,94.56999969482422,86.41999816894531,109.43000030517578,82.11000061035156,91.63999938964844,28.40999984741211,1.141291856765747,162.7239990234375,6.778299808502197,70.08999633789062,6.236499786376953,26.65999984741211,7547.5,30541.25,3044.699951171875,58382.26953125,79.97000122070312,96.37000274658205,109.06999969482422,16.450000762939453,86.87000274658203,71.95890045166016,31.59000015258789,24.46999931335449,93.2699966430664,746.77001953125,736.4000244140625,300.45001220703125
2026-06-30T21:01:01,4009.699951171875,368.3800048828125,94.56999969482422,86.41999816894531,109.43000030517578,82.11000061035156,91.63999938964844,28.40999984741211,1.141291856765747,162.69700622558594,6.778299808502197,70.05000305175781,6.228000164031982,26.65999984741211,7548.5,30541.75,3045.60009765625,58455.6484375,79.97000122070312,96.37000274658205,109.06999969482422,16.450000762939453,86.87000274658203,71.95890045166016,31.59000015258789,24.46999931335449,93.2699966430664,746.77001953125,736.4000244140625,300.45001220703125
2026-06-30T21:16:03,3999.699951171875,368.3800048828125,94.56999969482422,86.41999816894531,109.43000030517578,82.11000061035156,91.63999938964844,28.40999984741211,1.1410315036773682,162.71400451660156,6.778299808502197,69.87999725341797,6.201000213623047,26.65999984741211,7541.0,30515.0,3042.300048828125,58121.0,79.97000122070312,96.37000274658205,109.06999969482422,16.450000762939453,86.87000274658203,71.95890045166016,31.59000015258789,24.46999931335449,93.2699966430664,746.77001953125,736.4000244140625,300.45001220703125
2026-06-30T21:30:56,3995.800048828125,368.3800048828125,94.56999969482422,86.41999816894531,109.43000030517578,82.11000061035156,91.63999938964844,28.40999984741211,1.1410315036773682,162.66900634765625,6.778299808502197,69.8499984741211,6.190000057220459,26.65999984741211,7537.5,30485.75,3038.800048828125,58350.0,79.97000122070312,96.37000274658205,109.06999969482422,16.450000762939453,86.87000274658203,71.95890045166016,31.59000015258789,24.46999931335449,93.2699966430664,746.77001953125,736.4000244140625,300.45001220703125
2026-06-30T21:46:44,3993.89990234375,368.3800048828125,94.56999969482422,86.41999816894531,109.43000030517578,82.11000061035156,91.63999938964844,28.40999984741211,1.1409013271331787,162.61399841308594,6.78980016708374,69.87999725341797,6.1875,26.65999984741211,7536.0,30476.0,3037.199951171875,58708.0,79.97000122070312,96.37000274658205,109.06999969482422,16.450000762939453,86.87000274658203,71.95890045166016,31.59000015258789,24.46999931335449,93.2699966430664,746.77001953125,736.4000244140625,300.45001220703125
2026-06-30T22:16:32,3984.89990234375,368.3800048828125,94.56999969482422,86.41999816894531,109.43000030517578,82.11000061035156,91.63999938964844,28.40999984741211,1.1410315036773682,162.66600036621094,6.790200233459473,69.69999694824219,6.152999877929688,26.65999984741211,7528.0,30410.0,3033.39990234375,58761.94140625,79.97000122070312,96.37000274658205,109.06999969482422,16.450000762939453,86.87000274658203,71.95890045166016,31.59000015258789,24.46999931335449,93.2699966430664,746.77001953125,736.4000244140625,300.45001220703125
2026-06-30T22:31:22,3992.89990234375,368.3800048828125,94.56999969482422,86.41999816894531,109.43000030517578,82.11000061035156,91.63999938964844,28.40999984741211,1.1409013271331787,162.68800354003906,6.7916998863220215,69.80000305175781,6.156000137329102,26.65999984741211,7526.5,30409.75,3033.0,58953.78125,79.97000122070312,96.37000274658205,109.06999969482422,16.450000762939453,86.87000274658203,71.95890045166016,31.59000015258789,24.46999931335449,93.2699966430664,746.77001953125,736.4000244140625,300.45001220703125
2026-06-30T22:46:15,3998.10009765625,368.3800048828125,94.56999969482422,86.41999816894531,109.43000030517578,82.11000061035156,91.63999938964844,28.40999984741211,1.1409013271331787,162.72000122070312,6.7906999588012695,69.8499984741211,6.14900016784668,26.65999984741211,7528.0,30420.25,3032.699951171875,59006.640625,79.97000122070312,96.37000274658205,109.06999969482422,16.450000762939453,86.87000274658203,71.95890045166016,31.59000015258789,24.46999931335449,93.2699966430664,746.77001953125,736.4000244140625,300.45001220703125
2026-06-30T23:01:05,3997.300048828125,368.3800048828125,94.56999969482422,86.41999816894531,109.43000030517578,82.11000061035156,91.63999938964844,28.40999984741211,1.1409013271331787,162.75799560546875,6.791999816894531,69.7699966430664,6.151500225067139,26.65999984741211,7529.0,30433.75,3033.10009765625,58964.73828125,79.97000122070312,96.37000274658205,109.06999969482422,16.450000762939453,86.87000274658203,71.95890045166016,31.59000015258789,24.46999931335449,93.2699966430664,746.77001953125,736.4000244140625,300.45001220703125
2026-06-30T23:15:56,3995.5,368.3800048828125,94.56999969482422,86.41999816894531,109.43000030517578,82.11000061035156,91.63999938964844,28.40999984741211,1.1410315036773682,162.77499389648438,6.791299819946289,69.83000183105469,6.139999866485596,26.65999984741211,7530.0,30446.75,3033.10009765625,58911.1015625,79.97000122070312,96.37000274658205,109.06999969482422,16.450000762939453,86.87000274658203,71.95890045166016,31.59000015258789,24.46999931335449,93.2699966430664,746.77001953125,736.4000244140625,300.45001220703125
2026-06-30T23:45:56,3991.60009765625,368.3800048828125,94.56999969482422,86.41999816894531,109.43000030517578,82.11000061035156,91.63999938964844,28.40999984741211,1.1405109167099,162.8300018310547,6.792699813842773,69.80000305175781,6.144000053405762,26.65999984741211,7529.75,30454.25,3033.199951171875,58876.98046875,79.97000122070312,96.37000274658205,109.06999969482422,16.450000762939453,86.87000274658203,71.95890045166016,31.59000015258789,24.46999931335449,93.2699966430664,746.77001953125,736.4000244140625,300.45001220703125
2026-07-01T00:00:59,3990.5,368.3800048828125,94.56999969482422,86.41999816894531,109.43000030517578,82.11000061035156,91.63999938964844,28.40999984741211,1.1407711505889893,162.79100036621094,6.792900085449219,69.78,6.15,26.65999984741211,7533.5,30470.75,3035.4,58997.41015625,79.97000122070312,96.37000274658205,109.06999969482422,16.450000762939453,86.87000274658203,71.9589,31.59000015258789,24.46999931335449,93.2699966430664,746.77001953125,736.4000244140625,300.45001220703125
2026-07-01T00:15:56,3989.699951171875,368.3800048828125,94.56999969482422,86.41999816894531,109.43000030517578,82.11000061035156,91.63999938964844,28.40999984741211,1.1407711505889893,162.78199768066406,6.792600154876709,69.83000183105469,6.143499851226807,26.65999984741211,7532.5,30467.0,3034.8,59042.66015625,79.97000122070312,96.37000274658205,109.06999969482422,16.450000762939453,86.87000274658203,71.9589,31.59000015258789,24.46999931335449,93.2699966430664,746.77001953125,736.4000244140625,300.45001220703125
2026-07-01T00:30:55,3989.0,368.3800048828125,94.56999969482422,86.41999816894531,109.43000030517578,82.11000061035156,91.63999938964844,28.40999984741211,1.1407711505889893,162.69700622558594,6.793099880218506,69.7699966430664,6.138500213623047,26.65999984741211,7528.25,30438.0,3033.300048828125,59176.0390625,79.97000122070312,96.37000274658205,109.06999969482422,16.450000762939453,86.87000274658203,71.9589,31.59000015258789,24.46999931335449,93.2699966430664,746.77001953125,736.4000244140625,300.45001220703125
2026-07-01T00:45:53,3990.60009765625,368.3800048828125,94.56999969482422,86.41999816894531,109.43000030517578,82.11000061035156,91.63999938964844,28.40999984741211,1.1411616802215576,162.69400024414062,6.792500019073486,69.7300033569336,6.144999980926514,26.65999984741211,7529.25,30443.75,3034.60009765625,59323.87109375,79.97000122070312,96.37000274658205,109.06999969482422,16.450000762939453,86.87000274658203,71.9589,31.59000015258789,24.46999931335449,93.2699966430664,746.77001953125,736.4000244140625,300.45001220703125
2026-07-01T01:00:51,3992.89990234375,368.3800048828125,94.56999969482422,86.41999816894531,109.43000030517578,82.11000061035156,91.63999938964844,28.40999984741211,1.1411616802215576,162.72900390625,6.781199932098389,69.68000030517578,6.1504998207092285,26.65999984741211,7534.0,30468.0,3036.10009765625,59222.23828125,79.97000122070312,96.37000274658205,109.06999969482422,16.450000762939453,86.87000274658203,71.9589,31.59000015258789,24.46999931335449,93.2699966430664,746.77001953125,736.4000244140625,300.45001220703125
2026-07-01T01:15:50,3987.10009765625,368.3800048828125,94.56999969482422,86.41999816894531,109.43000030517578,82.11000061035156,91.63999938964844,28.40999984741211,1.141291856765747,162.7259979248047,6.793399810791016,69.7300033569336,6.137499809265137,26.65999984741211,7531.25,30451.5,3035.5,59219.1484375,79.97000122070312,96.37000274658205,109.06999969482422,16.450000762939453,86.87000274658203,71.9589,31.59000015258789,24.46999931335449,93.2699966430664,746.77001953125,736.4000244140625,300.45001220703125
2026-07-01T01:31:44,3985.300048828125,368.3800048828125,94.56999969482422,86.41999816894531,109.43000030517578,82.11000061035156,91.63999938964844,28.40999984741211,1.141422152519226,162.7239990234375,6.7932000160217285,69.83999633789062,6.138500213623047,26.65999984741211,7529.0,30436.5,3035.60009765625,59094.0703125,79.97000122070312,96.37000274658205,109.06999969482422,16.450000762939453,86.87000274658203,71.9589,31.59000015258789,24.46999931335449,93.2699966430664,746.77001953125,736.4000244140625,300.45001220703125
2026-07-01T01:46:44,3989.0,368.3800048828125,94.56999969482422,86.41999816894531,109.43000030517578,82.11000061035156,91.63999938964844,28.40999984741211,1.141291856765747,162.68899536132812,6.792399883270264,69.72000122070312,6.140500068664551,26.65999984741211,7528.0,30432.0,3034.89990234375,59095.3984375,79.97000122070312,96.37000274658205,109.06999969482422,16.450000762939453,86.87000274658203,71.9589,31.59000015258789,24.46999931335449,93.2699966430664,746.77001953125,736.4000244140625,300.45001220703125
2026-07-01T02:01:44,3989.199951171875,368.3800048828125,94.56999969482422,86.41999816894531,109.43000030517578,82.11000061035156,91.63999938964844,28.40999984741211,1.1410315036773682,162.71600341796875,6.792099952697754,69.68000030517578,6.145500183105469,26.65999984741211,7528.5,30438.75,3034.800048828125,58993.9609375,79.97000122070312,96.37000274658205,109.06999969482422,16.450000762939453,86.87000274658203,71.9589,31.59000015258789,24.46999931335449,93.2699966430664,746.77001953125,736.4000244140625,300.45001220703125
2026-07-01T02:16:43,3984.60009765625,368.3800048828125,94.56999969482422,86.41999816894531,109.43000030517578,82.11000061035156,91.63999938964844,28.40999984741211,1.1407711505889893,162.718994140625,6.792300224304199,69.56999969482422,6.136499881744385,26.65999984741211,7526.25,30420.0,3034.0,58881.98828125,79.97000122070312,96.37000274658205,109.06999969482422,16.450000762939453,86.87000274658203,71.9589,31.59000015258789,24.46999931335449,93.2699966430664,746.77001953125,736.4000244140625,300.45001220703125
2026-07-01T02:31:39,3981.10009765625,368.3800048828125,94.56999969482422,86.41999816894531,109.43000030517578,82.11000061035156,91.63999938964844,28.40999984741211,1.1406410932540894,162.70799255371094,6.794899940490723,69.54000091552734,6.128499984741211,26.65999984741211,7526.5,30390.25,3032.699951171875,58697.609375,79.97000122070312,96.37000274658205,109.06999969482422,16.450000762939453,86.87000274658203,71.9589,31.59000015258789,24.46999931335449,93.2699966430664,746.77001953125,736.4000244140625,300.45001220703125
2026-07-01T02:46:40,3979.199951171875,368.3800048828125,94.56999969482422,86.41999816894531,109.43000030517578,82.11000061035156,91.63999938964844,28.40999984741211,1.1405109167099,162.66700744628906,6.796199798583984,69.4800033569336,6.129000186920166,26.65999984741211,7525.75,30396.75,3033.199951171875,58533.66015625,79.97000122070312,96.37000274658205,109.06999969482422,16.450000762939453,86.87000274658203,71.9589,31.59000015258789,24.46999931335449,93.2699966430664,746.77001953125,736.4000244140625,300.45001220703125
2026-07-01T03:01:37,3983.5,368.3800048828125,94.56999969482422,86.41999816894531,109.43000030517578,82.11000061035156,91.63999938964844,28.40999984741211,1.140380859375,162.6739959716797,6.793700218200684,69.47000122070312,6.14300012588501,26.65999984741211,7526.75,30402.0,3034.0,58642.328125,79.97000122070312,96.37000274658205,109.06999969482422,16.45,86.87000274658203,71.9589,31.59000015258789,24.46999931335449,93.2699966430664,746.77001953125,736.4000244140625,300.45001220703125
2026-07-01T03:15:37,3978.39990234375,368.3800048828125,94.56999969482422,86.41999816894531,109.43000030517578,82.11000061035156,91.63999938964844,28.40999984741211,1.1399909257888794,162.63800048828125,6.794400215148926,69.4800033569336,6.144000053405762,26.65999984741211,7521.75,30364.75,3030.300048828125,58580.4296875,79.97000122070312,96.37000274658205,109.06999969482422,16.45,86.87000274658203,71.9589,31.59000015258789,24.46999931335449,93.2699966430664,746.77001953125,736.4000244140625,300.45001220703125
2026-07-01T03:30:39,3983.800048828125,368.3800048828125,94.56999969482422,86.41999816894531,109.43000030517578,82.11000061035156,91.63999938964844,28.40999984741211,1.1396011114120483,162.69400024414062,6.7932000160217285,69.5999984741211,6.151500225067139,26.65999984741211,7513.0,30310.25,3025.300048828125,58577.69140625,79.97000122070312,96.37000274658205,109.06999969482422,17.1200008392334,86.87000274658203,71.9589,31.59000015258789,24.46999931335449,93.2699966430664,746.77001953125,736.4000244140625,300.45001220703125
2026-07-01T03:45:42,3977.5,368.3800048828125,94.56999969482422,86.41999816894531,109.43000030517578,82.11000061035156,91.63999938964844,28.40999984741211,1.1402509212493896,162.6510009765625,6.792200088500977,69.5,6.1595001220703125,26.65999984741211,7520.0,30353.0,3029.39990234375,58594.671875,79.97000122070312,96.37000274658205,109.06999969482422,17.1299991607666,86.87000274658203,71.9589,31.59000015258789,24.46999931335449,93.2699966430664,746.77001953125,736.4000244140625,300.45001220703125
2026-07-01T04:00:44,3986.60009765625,368.3800048828125,94.56999969482422,86.41999816894531,109.43000030517578,82.11000061035156,91.63999938964844,28.40999984741211,1.1405109167099,162.67599487304688,6.792500019073486,69.33999633789062,6.15399980545044,26.65999984741211,7520.75,30368.25,3031.60009765625,58659.859375,79.97000122070312,96.37000274658205,109.06999969482422,17.110000610351562,86.87000274658203,71.9589,31.59000015258789,24.46999931335449,93.2699966430664,746.77001953125,736.4000244140625,300.45001220703125
2026-07-01T04:15:09,3984.199951171875,368.3800048828125,94.56999969482422,86.41999816894531,109.43000030517578,82.11000061035156,91.63999938964844,28.40999984741211,1.140380859375,162.67300415039062,6.793700218200684,69.43000030517578,6.123499870300293,26.65999984741211,7519.5,30334.75,3031.699951171875,58610.28125,79.97000122070312,96.37000274658205,109.06999969482422,17.06999969482422,86.87000274658203,71.9589,31.59000015258789,24.46999931335449,93.2699966430664,746.77001953125,736.4000244140625,300.45001220703125
2026-07-01T04:30:07,3996.0,368.3800048828125,94.56999969482422,86.41999816894531,109.43000030517578,82.11000061035156,91.63999938964844,28.40999984741211,1.1399909257888794,162.6479949951172,6.792900085449219,69.05000305175781,6.138000011444092,26.65999984741211,7526.0,30355.25,3036.89990234375,58539.91015625,79.97000122070312,96.37000274658205,109.06999969482422,16.989999771118164,86.87000274658203,71.9589,31.59000015258789,24.46999931335449,93.2699966430664,746.77001953125,736.4000244140625,300.45001220703125
2026-07-01T04:45:05,3991.199951171875,368.3800048828125,94.56999969482422,86.41999816894531,109.43000030517578,82.11000061035156,91.63999938964844,28.40999984741211,1.1402509212493896,162.64500427246094,6.791299819946289,68.80999755859375,6.122499942779541,26.65999984741211,7525.5,30341.5,3036.39990234375,58644.03125,79.97000122070312,96.37000274658205,109.06999969482422,16.979999542236328,86.87000274658203,71.9589,31.59000015258789,24.46999931335449,93.2699966430664,746.77001953125,736.4000244140625,300.45001220703125
2026-07-01T05:00:06,3988.5,368.3800048828125,94.56999969482422,86.41999816894531,109.43000030517578,82.11000061035156,91.63999938964844,28.40999984741211,1.1397310495376587,162.66900634765625,6.792900085449219,68.72000122070312,6.117499828338623,26.65999984741211,7525.5,30350.5,3036.800048828125,58861.0,79.97000122070312,96.37000274658205,109.06999969482422,16.93000030517578,86.87000274658203,71.9589,31.59000015258789,24.46999931335449,93.2699966430664,746.77001953125,736.4000244140625,300.45001220703125
2026-07-01T05:15:06,3988.699951171875,368.3800048828125,94.56999969482422,86.41999816894531,109.43000030517578,82.11000061035156,91.63999938964844,28.40999984741211,1.1399909257888794,162.6719970703125,6.793900012969971,68.44999694824219,6.116499900817871,26.65999984741211,7524.75,30350.5,3036.199951171875,58866.0,79.97000122070312,96.37000274658205,109.06999969482422,16.90999984741211,86.87000274658203,71.9589,31.59000015258789,24.46999931335449,93.2699966430664,746.77001953125,736.4000244140625,300.45001220703125
2026-07-01T05:30:06,3991.699951171875,368.3800048828125,94.56999969482422,86.41999816894531,109.43000030517578,82.11000061035156,91.63999938964844,28.40999984741211,1.1396011114120483,162.66600036621094,6.793799877166748,68.37999725341797,6.126500129699707,26.65999984741211,7525.75,30357.25,3036.199951171875,58806.53125,79.97000122070312,96.37000274658205,109.06999969482422,16.940000534057617,86.87000274658203,71.9589,31.59000015258789,24.46999931335449,93.2699966430664,746.77001953125,736.4000244140625,300.45001220703125
2026-07-01T05:45:05,3993.300048828125,368.3800048828125,94.56999969482422,86.41999816894531,109.43000030517578,82.11000061035156,91.63999938964844,28.40999984741211,1.139211654663086,162.6820068359375,6.782800197601318,68.5,6.136000156402588,26.65999984741211,7527.25,30364.5,3037.300048828125,58810.5,79.97000122070312,96.37000274658205,109.06999969482422,16.940000534057617,86.87000274658203,71.9589,31.59000015258789,24.46999931335449,93.2699966430664,746.77001953125,736.4000244140625,300.45001220703125
2026-07-01T06:01:02,3998.39990234375,368.3800048828125,94.56999969482422,86.41999816894531,109.43000030517578,82.11000061035156,91.63999938964844,28.40999984741211,1.138952136039734,162.73899841308594,6.78249979019165,68.76000213623047,6.127999782562256,26.65999984741211,7528.25,30371.25,3035.89990234375,58798.9296875,79.97000122070312,96.37000274658205,109.06999969482422,16.899999618530273,86.87000274658203,71.9589,31.59000015258789,24.46999931335449,93.2699966430664,746.77001953125,736.4000244140625,300.45001220703125
2026-07-01T06:15:59,4002.800048828125,368.3800048828125,94.56999969482422,86.41999816894531,109.43000030517578,82.11000061035156,91.63999938964844,28.40999984741211,1.1393414735794067,162.70199584960938,6.782800197601318,68.9800033569336,6.121500015258789,26.65999984741211,7530.25,30378.25,3036.0,58667.359375,79.97000122070312,96.37000274658205,109.06999969482422,16.860000610351562,86.87000274658203,71.9589,31.59000015258789,24.46999931335449,93.2699966430664,746.77001953125,736.4000244140625,300.45001220703125
2026-07-01T06:30:56,3995.39990234375,368.3800048828125,94.56999969482422,86.41999816894531,109.43000030517578,82.11000061035156,91.63999938964844,28.40999984741211,1.1397310495376587,162.68099975585938,6.782800197601318,68.69999694824219,6.101500034332275,26.65999984741211,7534.5,30391.75,3038.5,58661.8515625,79.97000122070312,96.37000274658205,109.06999969482422,16.860000610351562,86.87000274658203,71.9589,31.59000015258789,24.46999931335449,93.2699966430664,746.77001953125,736.4000244140625,300.45001220703125
2026-07-01T06:45:53,4003.0,368.3800048828125,94.56999969482422,86.41999816894531,109.43000030517578,82.11000061035156,91.63999938964844,28.40999984741211,1.1399909257888794,162.69500732421875,6.7820000648498535,68.66000366210938,6.099500179290772,26.65999984741211,7535.5,30391.0,3037.10009765625,58577.3984375,79.97000122070312,96.37000274658205,109.06999969482422,16.780000686645508,86.87000274658203,71.9589,31.59000015258789,24.46999931335449,93.2699966430664,746.77001953125,736.4000244140625,300.45001220703125
2026-07-01T07:00:50,4006.300048828125,368.3800048828125,94.56999969482422,86.41999816894531,109.43000030517578,82.11000061035156,91.63999938964844,28.40999984741211,1.1401208639144895,162.6840057373047,6.781599998474121,68.83000183105469,6.100500106811523,26.65999984741211,7534.75,30397.0,3036.60009765625,58546.69140625,79.97000122070312,96.37000274658205,109.06999969482422,16.739999771118164,86.87000274658203,71.9589,31.59000015258789,24.46999931335449,93.2699966430664,746.77001953125,736.4000244140625,300.45001220703125
2026-07-01T07:15:47,4020.89990234375,368.3800048828125,94.56999969482422,86.41999816894531,109.43000030517578,82.11000061035156,91.63999938964844,28.40999984741211,1.1397310495376587,162.70700073242188,6.781700134277344,68.81999969482422,6.130499839782715,26.65999984741211,7539.0,30430.75,3037.800048828125,58641.05078125,79.97000122070312,96.37000274658205,109.06999969482422,16.670000076293945,86.87000274658203,71.9589,31.59000015258789,24.46999931335449,93.2699966430664,746.77001953125,736.4000244140625,300.45001220703125
2026-07-01T07:30:46,4035.699951171875,368.3800048828125,94.56999969482422,86.41999816894531,109.43000030517578,82.11000061035156,91.63999938964844,28.40999984741211,1.1398608684539795,162.697998046875,6.781700134277344,69.0,6.158999919891357,26.65999984741211,7537.5,30408.75,3037.699951171875,58630.94140625,79.97000122070312,96.37000274658205,109.06999969482422,16.670000076293945,86.87000274658203,71.9589,31.59000015258789,24.46999931335449,93.2699966430664,746.77001953125,736.4000244140625,300.45001220703125
2026-07-01T07:45:45,4039.0,368.3800048828125,94.56999969482422,86.41999816894531,109.43000030517578,82.11000061035156,91.63999938964844,28.40999984741211,1.1398608684539795,162.697998046875,6.781700134277344,69.04000091552734,6.1605000495910645,26.65999984741211,7535.25,30391.0,3035.39990234375,58604.0,79.97000122070312,96.37000274658205,109.06999969482422,16.65999984741211,86.87000274658203,71.9589,31.59000015258789,24.46999931335449,93.2699966430664,746.77001953125,736.4000244140625,300.45001220703125
2026-07-01T08:00:55,4048.300048828125,368.3800048828125,94.56999969482422,86.41999816894531,109.43000030517578,82.11000061035156,91.63999938964844,28.40999984741211,1.138952136039734,162.6959991455078,6.781700134277344,69.06999969482422,6.1595001220703125,26.65999984741211,7531.75,30365.0,3034.0,58544.55859375,79.97000122070312,96.37000274658205,109.06999969482422,16.700000762939453,86.87000274658203,71.9589,31.59000015258789,24.46999931335449,93.2699966430664,746.77001953125,736.4000244140625,300.45001220703125
2026-07-01T08:15:55,4036.89990234375,368.3800048828125,94.56999969482422,86.41999816894531,109.43000030517578,82.11000061035156,91.63999938964844,28.40999984741211,1.1388224363327026,162.677001953125,6.781099796295166,69.0199966430664,6.142000198364258,26.65999984741211,7529.0,30348.5,3031.300048828125,58462.2109375,79.97000122070312,96.37000274658205,109.06999969482422,16.729999542236328,86.87000274658203,71.9589,31.59000015258789,24.46999931335449,93.2699966430664,746.77001953125,736.4000244140625,300.45001220703125
2026-07-01T08:30:57,4039.699951171875,368.3800048828125,94.56999969482422,86.41999816894531,109.43000030517578,82.11000061035156,91.63999938964844,28.40999984741211,1.1384334564208984,162.69000244140625,6.780399799346924,68.91000366210938,6.1504998207092285,26.65999984741211,7536.5,30378.0,3037.699951171875,58410.44921875,79.97000122070312,96.37000274658205,109.06999969482422,16.700000762939453,86.87000274658203,71.9589,31.59000015258789,24.46999931335449,93.2699966430664,746.77001953125,736.4000244140625,300.45001220703125
2026-07-01T08:45:56,4042.699951171875,368.3800048828125,94.56999969482422,86.41999816894531,109.43000030517578,82.11000061035156,91.63999938964844,28.40999984741211,1.1376564502716064,162.72900390625,6.781099796295166,68.83999633789062,6.151000022888184,26.65999984741211,7530.25,30308.75,3036.300048828125,58321.08984375,79.97000122070312,96.37000274658205,109.06999969482422,16.719999313354492,86.87000274658203,71.9589,31.59000015258789,24.46999931335449,93.2699966430664,746.77001953125,736.4000244140625,300.45001220703125
2026-07-01T09:01:57,4042.60009765625,368.3800048828125,94.56999969482422,86.41999816894531,109.43000030517578,82.11000061035156,91.63999938964844,28.40999984741211,1.1376564502716064,162.70399475097656,6.781300067901611,68.69000244140625,6.139999866485596,26.65999984741211,7531.0,30272.5,3035.89990234375,58638.51953125,79.97000122070312,96.37000274658205,109.06999969482422,16.850000381469727,86.87000274658203,71.9589,31.59000015258789,24.46999931335449,93.2699966430664,746.77001953125,736.4000244140625,300.45001220703125
2026-07-01T09:16:52,4031.5,368.3800048828125,94.56999969482422,86.41999816894531,109.43000030517578,82.11000061035156,91.63999938964844,28.40999984741211,1.1367511749267578,162.68800354003906,6.781400203704834,69.12000274658203,6.1585001945495605,26.65999984741211,7526.0,30259.5,3031.5,58593.140625,79.97000122070312,96.37000274658205,109.06999969482422,16.84000015258789,86.87000274658203,71.9589,31.59000015258789,24.46999931335449,93.2699966430664,746.77001953125,736.4000244140625,300.45001220703125
2026-07-01T09:31:55,4042.5,371.2401123046875,94.0500030517578,85.49500274658203,108.3000030517578,81.85179901123047,91.4000015258789,28.46500015258789,1.138952136039734,162.5189971923828,6.781199932098389,68.91999816894531,6.148499965667725,26.584999084472656,7537.0,30290.25,3034.800048828125,58725.44921875,79.53500366210938,95.76000213623048,108.30999755859376,16.889999389648438,86.87,71.9589,31.76000022888184,24.709999084472656,93.43000030517578,744.4500122070312,729.375,300.3399963378906
2026-07-01T09:46:24,4068.199951171875,376.4259948730469,94.08499908447266,85.54499816894531,108.30999755859376,81.87000274658203,91.3949966430664,28.47010040283203,1.1411616802215576,162.3280029296875,6.779600143432617,68.87999725341797,6.168000221252441,26.700000762939453,7510.75,30127.75,3036.699951171875,59098.12890625,79.57499694824219,95.81999969482422,108.45989990234376,17.09000015258789,88.4800033569336,71.9589,31.84000015258789,24.75,93.5500030517578,743.75,728.010009765625,299.70001220703125
2026-07-01T10:01:30,4110.7001953125,375.5799865722656,94.12999725341795,85.62000274658203,108.3949966430664,81.88990020751953,91.39009857177734,28.440000534057617,1.1402509212493896,162.38699340820312,6.7795000076293945,69.01000213623047,6.213500022888184,26.681400299072266,7527.0,30237.5,3045.800048828125,59226.30078125,79.58999633789062,95.83999633789062,108.5199966430664,16.889999389648438,88.5999984741211,71.9589,32.0099983215332,25.084999084472656,93.50499725341795,745.0999755859375,729.6099853515625,301.0199890136719
2026-07-01T10:16:22,4106.2998046875,375.7000122070313,94.18499755859376,85.76000213623047,108.44499969482422,81.88500213623047,91.4000015258789,28.43000030517578,1.1402509212493896,162.3820037841797,6.777599811553955,68.87999725341797,6.214000225067139,26.655000686645508,7543.5,30292.0,3060.0,59838.3203125,79.6449966430664,95.9000015258789,108.58499908447266,16.530000686645508,88.0999984741211,71.9589,32.04499816894531,25.0492000579834,93.54000091552734,746.4450073242188,729.75,301.6000061035156
2026-07-01T10:31:17,4113.60009765625,376.3150024414063,94.16999816894533,85.7249984741211,108.41999816894533,81.88500213623047,91.39990234375,28.45499992370605,1.1394712924957275,162.38699340820312,6.777400016784668,68.81999969482422,6.230500221252441,26.6200008392334,7550.25,30274.25,3062.0,59669.51953125,79.61000061035156,95.86499786376952,108.54499816894533,16.31999969482422,87.93000030517578,71.9589,32.1349983215332,25.0900993347168,93.5000991821289,746.280029296875,729.2000122070312,301.3399963378906
2026-07-01T10:46:20,4127.7998046875,375.3800048828125,94.13269805908205,85.69000244140625,108.38500213623048,81.875,91.3904037475586,28.440099716186523,1.1398608684539795,162.3769989013672,6.7778000831604,68.72000122070312,6.2210001945495605,26.604999542236328,7544.75,30214.5,3052.800048828125,59405.83984375,79.55500030517578,95.8000030517578,108.53500366210938,16.389999389648438,87.95999908447266,71.9589,32.06999969482422,25.03499984741211,93.26000213623048,745.8300170898438,726.8400268554688,300.5400085449219
2026-07-01T11:01:42,4103.2001953125,375.2460021972656,94.16000366210938,85.70500183105469,108.3949966430664,81.875,91.3905029296875,28.45499992370605,1.1397310495376587,162.38900756835938,6.777900218963623,68.31999969482422,6.194499969482422,26.520000457763672,7553.75,30241.25,3051.10009765625,59536.921875,79.58499908447266,95.83000183105467,108.5749969482422,16.5,88.12000274658203,71.9589,32.089900970458984,25.065000534057617,93.27999877929688,747.2098999023438,728.6400146484375,301.15948486328125
2026-07-01T11:16:20,4102.7001953125,375.0499877929688,94.13500213623048,85.65499877929688,108.375,81.87850189208984,91.3949966430664,28.46500015258789,1.138952136039734,162.4250030517578,6.778600215911865,68.31999969482422,6.183499813079834,26.545000076293945,7562.5,30253.25,3056.39990234375,59842.3203125,79.61029815673828,95.86000061035156,108.56999969482422,16.3700008392334,88.27999877929688,71.9589,32.154998779296875,25.1299991607666,93.38999938964844,748.0800170898438,729.989990234375,301.8758850097656
2026-07-01T11:45:18,4092.39990234375,374.7300109863281,94.15499877929688,85.70500183105469,108.3949966430664,81.875,91.3949966430664,28.475000381469727,1.1383039951324463,162.44900512695312,6.77839994430542,68.22000122070312,6.189499855041504,26.54010009765625,7571.5,30319.5,3064.60009765625,60135.19921875,79.5999984741211,95.8550033569336,108.6050033569336,16.110000610351562,87.54000091552734,71.9589,32.154998779296875,25.18000030517578,93.6050033569336,748.8200073242188,730.2100219726562,302.3900146484375
2026-07-01T12:00:20,4101.89990234375,374.6300048828125,94.15499877929688,85.71790313720703,108.39129638671876,81.87010192871094,91.39009857177734,28.464500427246094,1.1386927366256714,162.3979949951172,6.793700218200684,68.19000244140625,6.180500030517578,26.5049991607666,7570.0,30260.0,3060.89990234375,60076.859375,79.5999984741211,95.84500122070312,108.625,16.09000015258789,87.75,71.9589,32.1349983215332,25.165000915527344,93.5500030517578,748.780029296875,729.469970703125,302.07000732421875
2026-07-01T12:15:20,4099.89990234375,374.6950073242188,94.1500015258789,85.71499633789062,108.41000366210938,81.875,91.3917007446289,28.45499992370605,1.1390818357467651,162.39700317382812,6.77839994430542,68.08000183105469,6.190000057220459,26.520000457763672,7572.0,30235.5,3062.10009765625,60063.80859375,79.625,95.875,108.63500213623048,16.079999923706055,87.6500015258789,71.9589,32.20500183105469,25.229999542236328,93.54000091552734,749.114990234375,729.1500244140625,302.1099853515625
2026-07-01T12:30:20,4097.7001953125,374.6000061035156,94.15499877929688,85.75499725341797,108.38500213623048,81.86990356445312,91.3949966430664,28.46500015258789,1.1388224363327026,162.38400268554688,6.77839994430542,68.23999786376953,6.197500228881836,26.53499984741211,7575.25,30251.75,3059.699951171875,60066.48046875,79.625,95.875,108.63500213623048,16.010000228881836,87.62000274658203,71.9589,32.220001220703125,25.2450008392334,93.54000091552734,749.1500244140625,729.2999877929688,302.2799987792969
2026-07-01T12:45:23,4091.10009765625,373.9549865722656,94.125,85.69499969482422,108.375,81.86750030517578,91.39739990234376,28.47220039367676,1.1384334564208984,162.43299865722656,6.778500080108643,68.29000091552734,6.191999912261963,26.545000076293945,7574.5,30248.5,3062.5,59999.8984375,79.59989929199219,95.83999633789062,108.5749969482422,15.970000267028809,87.43000030517578,71.9589,32.21500015258789,25.2450008392334,93.4250030517578,748.4298706054688,728.2999877929688,301.8599853515625
2026-07-01T13:00:26,4086.60009765625,373.5299987792969,94.0814971923828,85.63990020751953,108.34500122070312,81.86499786376953,91.3949966430664,28.46999931335449,1.1385631561279297,162.45899963378906,6.778500080108643,68.37000274658203,6.184000015258789,26.530000686645508,7568.75,30225.75,3058.300048828125,59830.87109375,79.58000183105469,95.80999755859376,108.5167007446289,16.010000228881836,87.47000122070312,71.9589,32.17499923706055,25.225000381469727,93.22000122070312,747.8499755859375,728.5,301.8099975585937
2026-07-01T13:15:29,4084.10009765625,373.6099853515625,94.12000274658205,85.69499969482422,108.375,81.86009979248047,91.39029693603516,28.46999931335449,1.1383039951324463,162.4759979248047,6.778500080108643,68.27999877929688,6.175000190734863,26.51499938964844,7557.0,30166.5,3054.800048828125,59863.9609375,79.58499908447266,95.81999969482422,108.50499725341795,16.350000381469727,88.77999877929688,71.9589,32.14500045776367,25.200000762939453,93.20500183105467,747.8599853515625,728.0399780273438,301.510009765625
2026-07-01T13:30:32,4084.5,373.4450073242188,94.09500122070312,85.66500091552734,108.37000274658205,81.86009979248047,91.39009857177734,28.46500015258789,1.138952136039734,162.48300170898438,6.778500080108643,68.37000274658203,6.176499843597412,26.52499961853028,7565.75,30218.0,3056.300048828125,60086.1015625,79.59500122070312,95.83999633789062,108.49500274658205,16.280000686645508,89.16999816894531,71.9589,32.185001373291016,25.2450008392334,93.33000183105467,748.1300048828125,728.5900268554688,301.6400146484375
2026-07-01T13:45:25,4083.89990234375,373.5450134277344,94.13500213623048,85.75499725341797,108.39990234375,81.86160278320312,91.3949966430664,28.46999931335449,1.1383039951324463,162.50900268554688,6.778500080108643,68.37000274658203,6.177499771118164,26.51000022888184,7562.75,30193.75,3053.199951171875,60118.94921875,79.5999984741211,95.83000183105467,108.54000091552734,16.18000030517578,88.5199966430664,71.9589,32.154998779296875,25.20989990234375,93.23999786376952,747.5599975585938,727.9000244140625,300.9610900878906
2026-07-01T14:00:26,4086.0,373.4299926757813,94.125,85.69999694824219,108.38500213623048,81.86499786376953,91.3949966430664,28.479999542236328,1.1384334564208984,162.52699279785156,6.778600215911865,68.19999694824219,6.17549991607666,26.520000457763672,7560.25,30196.75,3050.10009765625,60135.51953125,79.5999984741211,95.83499908447266,108.49500274658205,16.270000457763672,88.30999755859375,71.9589,32.165000915527344,25.2549991607666,93.23500061035156,747.4210205078125,727.469970703125,300.9150085449219
2026-07-01T14:15:34,4083.300048828125,373.3399963378906,94.11000061035156,85.66999816894531,108.37090301513672,81.86499786376953,91.3949966430664,28.48500061035156,1.1381744146347046,162.53900146484375,6.77869987487793,68.31999969482422,6.174499988555908,26.520000457763672,7560.25,30181.75,3050.800048828125,59986.12109375,79.62000274658203,95.85980224609376,108.48179626464844,16.360000610351562,88.55999755859375,71.9589,32.15999984741211,25.2450008392334,93.12000274658205,746.7999877929688,726.739990234375,300.5400085449219
2026-07-01T14:30:16,4080.199951171875,372.8507995605469,94.07019805908205,85.62000274658203,108.33999633789062,81.8550033569336,91.4000015258789,28.479999542236328,1.138044834136963,162.56900024414062,6.77869987487793,68.36000061035156,6.171000003814697,26.565000534057617,7556.25,30166.25,3047.5,60052.4296875,79.62999725341797,95.87000274658205,108.4801025390625,16.43000030517578,89.04000091552734,71.9589,32.185001373291016,25.295000076293945,93.12000274658205,747.0349731445312,726.8101196289062,300.4200134277344
2026-07-01T14:45:11,4078.699951171875,372.8450012207031,94.05500030517578,85.58999633789062,108.29499816894533,81.85710144042969,91.39009857177734,28.489999771118164,1.1383039951324463,162.54600524902344,6.77869987487793,68.55000305175781,6.171500205993652,26.540000915527344,7558.0,30169.5,3045.800048828125,60146.7890625,79.625,95.86000061035156,108.47799682617188,16.440000534057617,89.02999877929688,71.9589,32.130001068115234,25.229999542236328,93.08999633789062,747.094970703125,726.5499877929688,300.25
2026-07-01T15:00:14,4075.699951171875,372.8900146484375,94.0615005493164,85.63500213623047,108.29989624023438,81.8499984741211,91.3949966430664,28.479999542236328,1.1383039951324463,162.50799560546875,6.7820000648498535,68.38999938964844,6.167500019073486,26.52499961853028,7554.0,30120.5,3042.10009765625,60103.28125,79.62999725341797,95.87999725341795,108.4800033569336,16.389999389648438,89.0199966430664,71.9589,32.095001220703125,25.209999084472656,93.15499877929688,747.0850219726562,726.7899780273438,300.29998779296875
2026-07-01T15:15:12,4080.199951171875,373.0199890136719,94.05999755859376,85.66000366210938,108.26499938964844,81.8416976928711,91.39990234375,28.479999542236328,1.1383039951324463,162.52000427246094,6.7820000648498535,68.26000213623047,6.172500133514404,26.52989959716797,7558.75,30188.0,3044.300048828125,60228.0390625,79.6500015258789,95.8949966430664,108.5,16.399999618530273,88.86000061035156,71.9589,32.10499954223633,25.20499992370605,93.23500061035156,747.3800048828125,727.7301025390625,300.4599914550781
2026-07-01T15:30:10,4075.39990234375,372.4184875488281,94.04000091552734,85.61990356445312,108.23500061035156,81.84989929199219,91.38999938964844,28.480100631713867,1.1383039951324463,162.51499938964844,6.7820000648498535,68.30999755859375,6.172999858856201,26.510099411010746,7558.75,30192.5,3045.800048828125,60094.859375,79.6449966430664,95.8949966430664,108.48500061035156,16.270000457763672,88.63999938964844,71.9589,32.084999084472656,25.20009994506836,93.2699966430664,747.159912109375,728.5499877929688,300.4200134277344
2026-07-01T15:45:18,4069.89990234375,371.9599914550781,94.04499816894533,85.6050033569336,108.20010375976562,81.83499908447266,91.3949966430664,28.479999542236328,1.1383039951324463,162.51800537109375,6.7820000648498535,68.19999694824219,6.170499801635742,26.5,7554.75,30195.0,3045.300048828125,60111.76171875,79.63500213623047,95.87000274658205,108.48999786376952,16.280000686645508,88.4800033569336,71.95890045166016,32.03499984741211,25.149900436401367,93.1750030517578,746.6099853515625,726.6799926757812,300.0899963378906
2026-07-01T16:00:16,4065.0,370.6449890136719,94.04000091552734,85.5199966430664,108.18000030517578,81.83999633789062,91.3904037475586,28.48500061035156,1.1381744146347046,162.5570068359375,6.7820000648498535,68.0999984741211,6.165500164031982,26.45499992370605,7548.5,30133.0,3037.60009765625,59993.8203125,79.62000274658203,95.875,108.48500061035156,16.31999969482422,88.3499984741211,71.95890045166016,31.979999542236328,25.114999771118164,93.05999755859376,745.8300170898438,725.1699829101562,299.3900146484375
2026-07-01T16:15:14,4043.199951171875,370.6000061035156,94.02999877929688,85.5199966430664,108.16999816894533,81.83999633789062,91.4000015258789,28.489999771118164,1.1381744146347046,162.56300354003906,6.793700218200684,68.0199966430664,6.1579999923706055,26.450000762939453,7531.5,30022.0,3030.10009765625,59907.0,79.58999633789062,95.87999725341795,108.45999908447266,16.440000534057617,88.61000061035156,71.95890045166016,31.96999931335449,25.1200008392334,93.0500030517578,745.760009765625,725.1699829101562,299.32000732421875
2026-07-01T16:30:11,4049.60009765625,370.6000061035156,94.02999877929688,85.5199966430664,108.16999816894533,81.83999633789062,91.4000015258789,28.489999771118164,1.138044834136963,162.5970001220703,6.793700218200684,68.08000183105469,6.1570000648498535,26.450000762939453,7532.25,30035.25,3029.60009765625,59912.8203125,79.58999633789062,95.87999725341795,108.45999908447266,16.59000015258789,89.04000091552734,71.95890045166016,31.96999931335449,25.1200008392334,93.0500030517578,745.760009765625,725.1699829101562,299.32000732421875
2026-07-01T16:45:09,4049.5,370.6000061035156,94.02999877929688,85.5199966430664,108.16999816894533,81.83999633789062,91.4000015258789,28.489999771118164,1.1377859115600586,162.5989990234375,6.793700218200684,68.08999633789062,6.15500020980835,26.450000762939453,7528.25,30030.75,3028.60009765625,59996.609375,79.58999633789062,95.87999725341795,108.45999908447266,16.59000015258789,89.04000091552734,71.95890045166016,31.96999931335449,25.1200008392334,93.0500030517578,745.760009765625,725.1699829101562,299.32000732421875
2026-07-01T17:00:08,4047.0,370.6000061035156,94.02999877929688,85.5199966430664,108.16999816894533,81.83999633789062,91.4000015258789,28.489999771118164,1.1413310766220093,162.6280059814453,6.793700218200684,68.12999725341797,6.153500080108643,26.450000762939453,7530.5,30053.5,3029.800048828125,60076.859375,79.58999633789062,95.87999725341795,108.45999908447266,16.59000015258789,89.04000091552734,68.56169891357422,31.96999931335449,25.1200008392334,93.0500030517578,745.760009765625,725.1699829101562,299.32000732421875
2026-07-01T17:15:08,4044.60009765625,370.6000061035156,94.02999877929688,85.5199966430664,108.16999816894533,81.83999633789062,91.4000015258789,28.489999771118164,1.1376564502716064,162.54200744628906,6.793700218200684,68.08999633789062,6.156000137329102,26.450000762939453,7532.75,30064.25,3031.0,60370.140625,79.58999633789062,95.87999725341795,108.45999908447266,16.59000015258789,89.04000091552734,68.56169891357422,31.96999931335449,25.1200008392334,93.0500030517578,745.760009765625,725.1699829101562,299.32000732421875
2026-07-01T17:30:08,4044.60009765625,370.6000061035156,94.02999877929688,85.5199966430664,108.16999816894533,81.83999633789062,91.4000015258789,28.489999771118164,1.1383039951324463,162.5279998779297,6.793700218200684,68.08999633789062,6.156000137329102,26.450000762939453,7532.75,30064.25,3031.0,60488.6796875,79.58999633789062,95.87999725341795,108.45999908447266,16.59000015258789,89.04000091552734,68.56169891357422,31.96999931335449,25.1200008392334,93.0500030517578,745.760009765625,725.1699829101562,299.32000732421875
2026-07-01T17:45:09,4044.60009765625,370.6000061035156,94.02999877929688,85.5199966430664,108.16999816894533,81.83999633789062,91.4000015258789,28.489999771118164,1.1383039951324463,162.52999877929688,6.7820000648498535,68.08999633789062,6.156000137329102,26.450000762939453,7532.75,30064.25,3031.0,60746.328125,79.58999633789062,95.87999725341795,108.45999908447266,16.59000015258789,89.04000091552734,68.56169891357422,31.96999931335449,25.1200008392334,93.0500030517578,745.760009765625,725.1699829101562,299.32000732421875
2026-07-01T18:00:08,4044.60009765625,370.6000061035156,94.02999877929688,85.5199966430664,108.16999816894533,81.83999633789062,91.4000015258789,28.489999771118164,1.1413310766220093,162.6280059814453,6.7820000648498535,68.08999633789062,6.156000137329102,26.450000762939453,7532.75,30064.25,3031.0,60753.83984375,79.58999633789062,95.87999725341795,108.45999908447266,16.59000015258789,89.04000091552734,68.56169891357422,31.96999931335449,25.1200008392334,93.0500030517578,745.760009765625,725.1699829101562,299.32000732421875
2026-07-01T18:15:06,4050.800048828125,370.6000061035156,94.02999877929688,85.5199966430664,108.16999816894533,81.83999633789062,91.4000015258789,28.489999771118164,1.138044834136963,162.55299377441406,6.793799877166748,68.08999633789062,6.1595001220703125,26.450000762939453,7533.5,30067.75,3029.39990234375,60738.76171875,79.58999633789062,95.87999725341795,108.45999908447266,16.59000015258789,89.04000091552734,68.56169891357422,31.96999931335449,25.1200008392334,93.0500030517578,745.760009765625,725.1699829101562,299.32000732421875
2026-07-01T18:30:07,4048.5,370.6000061035156,94.02999877929688,85.5199966430664,108.16999816894533,81.83999633789062,91.4000015258789,28.489999771118164,1.1381744146347046,162.5540008544922,6.793799877166748,68.0199966430664,6.159999847412109,26.450000762939453,7534.75,30073.75,3029.800048828125,60535.1484375,79.58999633789062,95.87999725341795,108.45999908447266,16.59000015258789,89.04000091552734,68.56169891357422,31.96999931335449,25.1200008392334,93.0500030517578,745.760009765625,725.1699829101562,299.32000732421875
2026-07-01T18:45:09,4049.800048828125,370.6000061035156,94.02999877929688,85.5199966430664,108.16999816894533,81.83999633789062,91.4000015258789,28.489999771118164,1.1383039951324463,162.5279998779297,6.7820000648498535,68.0199966430664,6.158999919891357,26.450000762939453,7539.25,30105.75,3032.39990234375,60420.48046875,79.58999633789062,95.87999725341795,108.45999908447266,16.59000015258789,89.04000091552734,68.56169891357422,31.96999931335449,25.1200008392334,93.0500030517578,745.760009765625,725.1699829101562,299.32000732421875
2026-07-01T19:00:08,4056.699951171875,370.6000061035156,94.02999877929688,85.5199966430664,108.16999816894533,81.83999633789062,91.4000015258789,28.489999771118164,1.1381744146347046,162.54200744628906,6.7938,68.05999755859375,6.1595001220703125,26.450000762939453,7537.0,30089.25,3031.10009765625,60381.0703125,79.58999633789062,95.87999725341795,108.45999908447266,16.59000015258789,89.04000091552734,68.56169891357422,31.96999931335449,25.1200008392334,93.0500030517578,745.760009765625,725.1699829101562,299.32000732421875
2026-07-01T19:15:08,4055.199951171875,370.6000061035156,94.02999877929688,85.5199966430664,108.16999816894533,81.83999633789062,91.4000015258789,28.489999771118164,1.1381744146347046,162.5469970703125,6.7938,67.98999786376953,6.159999847412109,26.450000762939453,7538.0,30090.75,3031.699951171875,60174.58984375,79.58999633789062,95.87999725341795,108.45999908447266,16.59000015258789,89.04000091552734,68.56169891357422,31.96999931335449,25.1200008392334,93.0500030517578,745.760009765625,725.1699829101562,299.32000732421875
2026-07-01T19:30:10,4051.199951171875,370.6000061035156,94.02999877929688,85.5199966430664,108.16999816894533,81.83999633789062,91.4000015258789,28.489999771118164,1.1381744146347046,162.56900024414062,6.7938,68.0,6.1570000648498535,26.450000762939453,7536.25,30057.75,3031.199951171875,60151.0,79.58999633789062,95.87999725341795,108.45999908447266,16.59000015258789,89.04000091552734,68.56169891357422,31.96999931335449,25.1200008392334,93.0500030517578,745.760009765625,725.1699829101562,299.32000732421875
2026-07-01T19:45:10,4050.800048828125,370.6000061035156,94.02999877929688,85.5199966430664,108.16999816894533,81.83999633789062,91.4000015258789,28.489999771118164,1.1381744146347046,162.56399536132812,6.7938,68.0199966430664,6.1595001220703125,26.450000762939453,7534.75,30046.25,3030.39990234375,60080.3515625,79.58999633789062,95.87999725341795,108.45999908447266,16.59000015258789,89.04000091552734,68.56169891357422,31.96999931335449,25.1200008392334,93.0500030517578,745.760009765625,725.1699829101562,299.32000732421875
2026-07-01T20:00:13,4047.0,370.6000061035156,94.02999877929688,85.5199966430664,108.16999816894533,81.83999633789062,91.4000015258789,28.489999771118164,1.138044834136963,162.55599975585938,6.7938,68.0199966430664,6.1545000076293945,26.450000762939453,7531.5,30025.5,3027.89990234375,59961.6796875,79.58999633789062,95.87999725341795,108.45999908447266,16.59000015258789,89.04000091552734,68.56169891357422,31.96999931335449,25.1200008392334,93.0500030517578,745.760009765625,725.1699829101562,299.32000732421875
2026-07-01T20:15:16,4045.199951171875,370.6000061035156,94.02999877929688,85.5199966430664,108.16999816894533,81.83999633789062,91.4000015258789,28.489999771118164,1.1384334564208984,162.5229949951172,6.7938,67.80999755859375,6.148499965667725,26.450000762939453,7526.0,29975.25,3027.0,59888.41015625,79.58999633789062,95.87999725341795,108.45999908447266,16.59000015258789,89.04000091552734,68.56169891357422,31.96999931335449,25.1200008392334,93.0500030517578,745.760009765625,725.1699829101562,299.32000732421875
2026-07-01T20:30:15,4053.199951171875,370.6000061035156,94.02999877929688,85.5199966430664,108.16999816894533,81.83999633789062,91.4000015258789,28.489999771118164,1.138044834136963,162.58299255371094,6.7938,67.88999938964844,6.149499893188477,26.450000762939453,7528.25,29986.75,3027.199951171875,59665.58984375,79.58999633789062,95.87999725341795,108.45999908447266,16.59000015258789,89.04000091552734,68.56169891357422,31.96999931335449,25.1200008392334,93.0500030517578,745.760009765625,725.1699829101562,299.32000732421875
2026-07-01T20:45:14,4056.800048828125,370.6000061035156,94.02999877929688,85.5199966430664,108.16999816894533,81.83999633789062,91.4000015258789,28.489999771118164,1.138044834136963,162.56399536132812,6.7938,67.91000366210938,6.15399980545044,26.450000762939453,7535.25,30050.75,3029.199951171875,59584.44921875,79.58999633789062,95.87999725341795,108.45999908447266,16.59000015258789,89.04000091552734,68.56169891357422,31.96999931335449,25.1200008392334,93.0500030517578,745.760009765625,725.1699829101562,299.32000732421875
2026-07-01T21:01:20,4063.5,370.6000061035156,94.02999877929688,85.5199966430664,108.16999816894533,81.83999633789062,91.4000015258789,28.489999771118164,1.138044834136963,162.56300354003906,6.7938,67.80000305175781,6.15500020980835,26.450000762939453,7537.0,30062.75,3029.0,59689.98828125,79.58999633789062,95.87999725341795,108.45999908447266,16.59000015258789,89.04000091552734,68.56169891357422,31.96999931335449,25.1200008392334,93.0500030517578,745.760009765625,725.1699829101562,299.32000732421875
2026-07-01T21:16:36,4075.39990234375,370.6000061035156,94.02999877929688,85.5199966430664,108.16999816894533,81.83999633789062,91.4000015258789,28.489999771118164,1.1383039951324463,162.56199645996094,6.782800197601318,67.86000061035156,6.163000106811523,26.450000762939453,7546.75,30163.25,3032.199951171875,59846.53125,79.58999633789062,95.87999725341795,108.45999908447266,16.59000015258789,89.04000091552734,68.56169891357422,31.96999931335449,25.1200008392334,93.0500030517578,745.760009765625,725.1699829101562,299.32000732421875
2026-07-01T21:31:24,4067.10009765625,370.6000061035156,94.02999877929688,85.5199966430664,108.16999816894533,81.83999633789062,91.4000015258789,28.489999771118164,1.1383039951324463,162.5570068359375,6.790599822998047,67.66000366210938,6.164999961853027,26.450000762939453,7549.0,30183.0,3033.10009765625,60089.3515625,79.58999633789062,95.87999725341795,108.45999908447266,16.59000015258789,89.04000091552734,68.56169891357422,31.96999931335449,25.1200008392334,93.0500030517578,745.760009765625,725.1699829101562,299.32000732421875
2026-07-01T21:46:16,4061.10009765625,370.6000061035156,94.02999877929688,85.5199966430664,108.16999816894533,81.83999633789062,91.4000015258789,28.489999771118164,1.1385631561279297,162.54200744628906,6.786799907684326,67.72000122070312,6.167500019073486,26.450000762939453,7551.0,30202.25,3034.60009765625,60157.26171875,79.58999633789062,95.87999725341795,108.45999908447266,16.59000015258789,89.04000091552734,68.56169891357422,31.96999931335449,25.1200008392334,93.0500030517578,745.760009765625,725.1699829101562,299.32000732421875
2026-07-01T22:01:08,4064.699951171875,370.6000061035156,94.02999877929688,85.5199966430664,108.16999816894533,81.83999633789062,91.4000015258789,28.489999771118164,1.1386927366256714,162.52099609375,6.786099910736084,67.69000244140625,6.173500061035156,26.450000762939453,7555.0,30221.0,3037.10009765625,60065.37109375,79.58999633789062,95.87999725341795,108.45999908447266,16.59000015258789,89.04000091552734,68.56169891357422,31.96999931335449,25.1200008392334,93.0500030517578,745.760009765625,725.1699829101562,299.32000732421875
2026-07-01T22:16:13,4055.0,370.6000061035156,94.02999877929688,85.5199966430664,108.16999816894533,81.83999633789062,91.4000015258789,28.489999771118164,1.1390818357467651,162.51800537109375,6.77269983291626,67.83999633789062,6.170499801635742,26.450000762939453,7553.5,30208.0,3036.10009765625,60122.21875,79.58999633789062,95.87999725341795,108.45999908447266,16.59000015258789,89.04000091552734,68.56169891357422,31.96999931335449,25.1200008392334,93.0500030517578,745.760009765625,725.1699829101562,299.32000732421875
2026-07-01T22:31:11,4066.60009765625,370.6000061035156,94.02999877929688,85.5199966430664,108.16999816894533,81.83999633789062,91.4000015258789,28.489999771118164,1.1388224363327026,162.51400756835938,6.785099983215332,67.83000183105469,6.183000087738037,26.450000762939453,7556.25,30214.5,3037.89990234375,60176.4296875,79.58999633789062,95.87999725341795,108.45999908447266,16.59000015258789,89.04000091552734,68.56169891357422,31.96999931335449,25.1200008392334,93.0500030517578,745.760009765625,725.1699829101562,299.32000732421875
2026-07-01T22:46:11,4063.199951171875,370.6000061035156,94.02999877929688,85.5199966430664,108.16999816894533,81.83999633789062,91.4000015258789,28.489999771118164,1.1388224363327026,162.49899291992188,6.783999919891357,67.87000274658203,6.177499771118164,26.450000762939453,7556.5,30216.0,3037.5,60366.640625,79.58999633789062,95.87999725341795,108.45999908447266,16.59000015258789,89.04000091552734,68.56169891357422,31.96999931335449,25.1200008392334,93.0500030517578,745.760009765625,725.1699829101562,299.32000732421875
2026-07-01T23:01:19,4070.5,370.6000061035156,94.02999877929688,85.5199966430664,108.16999816894533,81.83999633789062,91.4000015258789,28.489999771118164,1.1386927366256714,162.5240020751953,6.785799980163574,67.79000091552734,6.177000045776367,26.450000762939453,7556.0,30199.0,3036.699951171875,60373.51953125,79.58999633789062,95.87999725341795,108.45999908447266,16.59000015258789,89.04000091552734,68.56169891357422,31.96999931335449,25.1200008392334,93.0500030517578,745.760009765625,725.1699829101562,299.32000732421875
2026-07-01T23:16:14,4069.39990234375,370.6000061035156,94.02999877929688,85.5199966430664,108.16999816894533,81.83999633789062,91.4000015258789,28.489999771118164,1.1383039951324463,162.51499938964844,6.775899887084961,67.73999786376953,6.171000003814697,26.450000762939453,7555.5,30188.75,3037.10009765625,60363.0390625,79.58999633789062,95.87999725341795,108.45999908447266,16.59000015258789,89.04000091552734,68.56169891357422,31.96999931335449,25.1200008392334,93.0500030517578,745.760009765625,725.1699829101562,299.32000732421875
2026-07-01T23:31:12,4073.800048828125,370.6000061035156,94.02999877929688,85.5199966430664,108.16999816894533,81.83999633789062,91.4000015258789,28.489999771118164,1.1384334564208984,162.51800537109375,6.784900188446045,67.6500015258789,6.1585001945495605,26.450000762939453,7551.75,30153.75,3035.300048828125,60463.69140625,79.58999633789062,95.87999725341795,108.45999908447266,16.59000015258789,89.04000091552734,68.56169891357422,31.96999931335449,25.1200008392334,93.0500030517578,745.760009765625,725.1699829101562,299.32000732421875
2026-07-01T23:45:10,4076.10009765625,370.6000061035156,94.02999877929688,85.5199966430664,108.16999816894533,81.83999633789062,91.4000015258789,28.489999771118164,1.1384334564208984,162.51600646972656,6.7845001220703125,67.70999908447266,6.160999774932861,26.450000762939453,7556.25,30185.5,3037.300048828125,60722.51171875,79.58999633789062,95.87999725341795,108.45999908447266,16.59000015258789,89.04000091552734,68.56169891357422,31.96999931335449,25.1200008392334,93.0500030517578,745.760009765625,725.1699829101562,299.32000732421875
2026-07-02T00:15:24,4082.800048828125,370.6000061035156,94.02999877929688,85.5199966430664,108.16999816894533,81.83999633789062,91.4000015258789,28.489999771118164,1.138952136039734,162.4199981689453,6.783899784088135,67.77999877929688,6.17549991607666,26.450000762939453,7554.5,30172.0,3035.5,60827.2109375,79.58999633789062,95.87999725341795,108.45999908447266,16.59000015258789,89.04000091552734,68.5617,31.96999931335449,25.1200008392334,93.0500030517578,745.760009765625,725.1699829101562,299.32000732421875
2026-07-02T00:30:44,4079.199951171875,370.6000061035156,94.02999877929688,85.5199966430664,108.16999816894533,81.83999633789062,91.4000015258789,28.489999771118164,1.1388224363327026,162.43600463867188,6.785099983215332,67.80000305175781,6.165999889373779,26.450000762939453,7547.5,30108.75,3031.5,60743.7890625,79.58999633789062,95.87999725341795,108.45999908447266,16.59000015258789,89.04000091552734,68.5617,31.96999931335449,25.1200008392334,93.0500030517578,745.760009765625,725.1699829101562,299.32000732421875
2026-07-02T00:45:15,4075.0,370.6000061035156,94.02999877929688,85.5199966430664,108.16999816894533,81.83999633789062,91.4000015258789,28.489999771118164,1.138952136039734,162.4239959716797,6.784299850463867,67.86000061035156,6.1579999923706055,26.450000762939453,7545.0,30096.0,3030.199951171875,60675.62109375,79.58999633789062,95.87999725341795,108.45999908447266,16.59000015258789,89.04000091552734,68.5617,31.96999931335449,25.1200008392334,93.0500030517578,745.760009765625,725.1699829101562,299.32000732421875
2026-07-02T01:00:31,4074.39990234375,370.6000061035156,94.02999877929688,85.5199966430664,108.16999816894533,81.83999633789062,91.4000015258789,28.489999771118164,1.1390818357467651,162.41200256347656,6.784200191497803,67.88999938964844,6.152500152587891,26.450000762939453,7544.0,30077.5,3030.5,60671.0,79.58999633789062,95.87999725341795,108.45999908447266,16.59000015258789,89.04000091552734,68.5617,31.96999931335449,25.1200008392334,93.0500030517578,745.760009765625,725.1699829101562,299.32000732421875
2026-07-02T01:15:35,4071.199951171875,370.6000061035156,94.02999877929688,85.5199966430664,108.16999816894533,81.83999633789062,91.4000015258789,28.489999771118164,1.138952136039734,162.39999389648438,6.78380012512207,67.87999725341797,6.1479997634887695,26.450000762939453,7551.0,30137.0,3033.199951171875,60744.51953125,79.58999633789062,95.87999725341795,108.45999908447266,16.59000015258789,89.04000091552734,68.5617,31.96999931335449,25.1200008392334,93.0500030517578,745.760009765625,725.1699829101562,299.32000732421875
2026-07-02T03:15:53,4080.89990234375,370.6000061035156,94.02999877929688,85.5199966430664,108.16999816894533,81.83999633789062,91.4000015258789,28.489999771118164,1.1398608684539795,161.68499755859375,6.787000179290772,67.52999877929688,6.125999927520752,26.450000762939453,7526.25,29900.25,3024.10009765625,60123.05078125,79.58999633789062,95.87999725341795,108.45999908447266,16.59,89.04000091552734,68.5617,31.96999931335449,25.1200008392334,93.0500030517578,745.760009765625,725.1699829101562,299.32000732421875
2026-07-02T03:30:55,4078.0,370.6000061035156,94.02999877929688,85.5199966430664,108.16999816894533,81.83999633789062,91.4000015258789,28.489999771118164,1.1405109167099,161.69900512695312,6.786099910736084,67.58000183105469,6.125500202178955,26.450000762939453,7524.75,29854.5,3026.800048828125,60061.96875,79.58999633789062,95.87999725341795,108.45999908447266,17.020000457763672,89.04000091552734,68.5617,31.96999931335449,25.1200008392334,93.0500030517578,745.760009765625,725.1699829101562,299.32000732421875
2026-07-02T03:45:51,4077.0,370.6000061035156,94.02999877929688,85.5199966430664,108.16999816894533,81.83999633789062,91.4000015258789,28.489999771118164,1.1409013271331787,161.5850067138672,6.786900043487549,67.9800033569336,6.131499767303467,26.450000762939453,7528.0,29894.0,3028.0,60051.640625,79.58999633789062,95.87999725341795,108.45999908447266,16.959999084472656,89.04000091552734,68.5617,31.96999931335449,25.1200008392334,93.0500030517578,745.760009765625,725.1699829101562,299.32000732421875
2026-07-02T04:00:14,4082.300048828125,370.6000061035156,94.02999877929688,85.5199966430664,108.16999816894533,81.83999633789062,91.4000015258789,28.489999771118164,1.1411616802215576,161.41400146484375,6.786799907684326,68.1500015258789,6.138000011444092,26.450000762939453,7535.75,29934.0,3032.5,60047.44140625,79.58999633789062,95.87999725341795,108.45999908447266,16.790000915527344,89.04000091552734,68.5617,31.96999931335449,25.1200008392334,93.0500030517578,745.760009765625,725.1699829101562,299.32000732421875
2026-07-02T04:15:48,4081.0,370.6000061035156,94.02999877929688,85.5199966430664,108.16999816894533,81.83999633789062,91.4000015258789,28.489999771118164,1.1420739889144895,161.22999572753906,6.7754998207092285,67.9800033569336,6.138500213623047,26.450000762939453,7531.75,29903.75,3030.0,60278.30078125,79.58999633789062,95.87999725341795,108.45999908447266,16.899999618530273,89.04000091552734,68.5617,31.96999931335449,25.1200008392334,93.0500030517578,745.760009765625,725.1699829101562,299.32000732421875
2026-07-02T04:30:48,4085.699951171875,370.6000061035156,94.02999877929688,85.5199966430664,108.16999816894533,81.83999633789062,91.4000015258789,28.489999771118164,1.1418131589889526,161.23599243164062,6.785799980163574,68.06999969482422,6.145999908447266,26.450000762939453,7530.25,29887.5,3031.5,60252.58984375,79.58999633789062,95.87999725341795,108.45999908447266,16.950000762939453,89.04000091552734,68.5617,31.96999931335449,25.1200008392334,93.0500030517578,745.760009765625,725.1699829101562,299.32000732421875
2026-07-02T04:45:48,4085.60009765625,370.6000061035156,94.02999877929688,85.5199966430664,108.16999816894533,81.83999633789062,91.4000015258789,28.489999771118164,1.1419435739517212,161.24000549316406,6.786600112915039,67.91000366210938,6.1605000495910645,26.450000762939453,7542.0,30002.75,3034.60009765625,60351.08984375,79.58999633789062,95.87999725341795,108.45999908447266,16.760000228881836,89.04000091552734,68.5617,31.96999931335449,25.1200008392334,93.0500030517578,745.760009765625,725.1699829101562,299.32000732421875
2026-07-02T05:00:50,4088.300048828125,370.6000061035156,94.02999877929688,85.5199966430664,108.16999816894533,81.83999633789062,91.4000015258789,28.489999771118164,1.1423349380493164,161.03900146484375,6.776500225067139,67.88999938964844,6.164500236511231,26.450000762939453,7542.25,30000.75,3035.89990234375,60383.12890625,79.58999633789062,95.87999725341795,108.45999908447266,16.729999542236328,89.04000091552734,68.5617,31.96999931335449,25.1200008392334,93.0500030517578,745.760009765625,725.1699829101562,299.32000732421875
2026-07-02T05:15:49,4086.60009765625,370.6000061035156,94.02999877929688,85.5199966430664,108.16999816894533,81.83999633789062,91.4000015258789,28.489999771118164,1.1416828632354736,161.30599975585938,6.787600040435791,67.87999725341797,6.146999835968018,26.450000762939453,7536.75,29980.5,3034.39990234375,60364.0,79.58999633789062,95.87999725341795,108.45999908447266,16.75,89.04000091552734,68.5617,31.96999931335449,25.1200008392334,93.0500030517578,745.760009765625,725.1699829101562,299.32000732421875
2026-07-02T05:30:49,4084.0,370.6000061035156,94.02999877929688,85.5199966430664,108.16999816894533,81.83999633789062,91.4000015258789,28.489999771118164,1.141291856765747,161.24099731445312,6.788099765777588,67.5999984741211,6.141499996185303,26.450000762939453,7538.0,29979.75,3035.39990234375,60606.69921875,79.58999633789062,95.87999725341795,108.45999908447266,16.809999465942383,89.04000091552734,68.5617,31.96999931335449,25.1200008392334,93.0500030517578,745.760009765625,725.1699829101562,299.32000732421875
2026-07-02T05:45:49,4079.300048828125,370.6000061035156,94.02999877929688,85.5199966430664,108.16999816894533,81.83999633789062,91.4000015258789,28.489999771118164,1.1415525674819946,161.1999969482422,6.777299880981445,67.55000305175781,6.138999938964844,26.450000762939453,7539.75,29993.5,3037.199951171875,60816.140625,79.58999633789062,95.87999725341795,108.45999908447266,16.780000686645508,89.04000091552734,68.5617,31.96999931335449,25.1200008392334,93.0500030517578,745.760009765625,725.1699829101562,299.32000732421875
2026-07-02T06:00:49,4082.199951171875,370.6000061035156,94.02999877929688,85.5199966430664,108.16999816894533,81.83999633789062,91.4000015258789,28.489999771118164,1.141291856765747,161.23599243164062,6.777400016784668,67.5199966430664,6.144000053405762,26.450000762939453,7539.25,29990.5,3037.5,61025.76171875,79.58999633789062,95.87999725341795,108.45999908447266,16.68000030517578,89.04000091552734,68.5617,31.96999931335449,25.1200008392334,93.0500030517578,745.760009765625,725.1699829101562,299.32000732421875
2026-07-02T06:15:49,4077.89990234375,370.6000061035156,94.02999877929688,85.5199966430664,108.16999816894533,81.83999633789062,91.4000015258789,28.489999771118164,1.1410315036773682,161.29600524902344,6.77810001373291,67.5199966430664,6.13700008392334,26.450000762939453,7533.75,29937.75,3036.800048828125,61150.23828125,79.58999633789062,95.87999725341795,108.45999908447266,16.739999771118164,89.04000091552734,68.5617,31.96999931335449,25.1200008392334,93.0500030517578,745.760009765625,725.1699829101562,299.32000732421875
2026-07-02T06:30:50,4077.199951171875,370.6000061035156,94.02999877929688,85.5199966430664,108.16999816894533,81.83999633789062,91.4000015258789,28.489999771118164,1.1409013271331787,161.44500732421875,6.77839994430542,67.69000244140625,6.145500183105469,26.450000762939453,7535.75,29940.0,3036.199951171875,61160.7109375,79.58999633789062,95.87999725341795,108.45999908447266,16.770000457763672,89.04000091552734,68.5617,31.96999931335449,25.1200008392334,93.0500030517578,745.760009765625,725.1699829101562,299.32000732421875
2026-07-02T06:45:50,4078.800048828125,370.6000061035156,94.02999877929688,85.5199966430664,108.16999816894533,81.83999633789062,91.4000015258789,28.489999771118164,1.1409013271331787,161.4250030517578,6.779600143432617,67.62999725341797,6.145999908447266,26.450000762939453,7541.5,29977.75,3039.39990234375,61115.33984375,79.58999633789062,95.87999725341795,108.45999908447266,16.75,89.04000091552734,68.5617,31.96999931335449,25.1200008392334,93.0500030517578,745.760009765625,725.1699829101562,299.32000732421875
2026-07-02T07:00:50,4076.5,370.6000061035156,94.02999877929688,85.5199966430664,108.16999816894533,81.83999633789062,91.4000015258789,28.489999771118164,1.141422152519226,161.34300231933594,6.779600143432617,67.62999725341797,6.139999866485596,26.450000762939453,7540.75,29986.5,3040.39990234375,61197.53125,79.58999633789062,95.87999725341795,108.45999908447266,16.690000534057617,89.04000091552734,68.5617,31.96999931335449,25.1200008392334,93.0500030517578,745.760009765625,725.1699829101562,299.32000732421875
2026-07-02T07:15:50,4072.5,370.6000061035156,94.02999877929688,85.5199966430664,108.16999816894533,81.83999633789062,91.4000015258789,28.489999771118164,1.141422152519226,161.38099670410156,6.779600143432617,67.5999984741211,6.138999938964844,26.450000762939453,7539.25,29972.0,3038.699951171875,61200.0,79.58999633789062,95.87999725341795,108.45999908447266,16.639999389648438,89.04000091552734,68.5617,31.96999931335449,25.1200008392334,93.0500030517578,745.760009765625,725.1699829101562,299.32000732421875
2026-07-02T07:30:51,4075.199951171875,370.6000061035156,94.02999877929688,85.5199966430664,108.16999816894533,81.83999633789062,91.4000015258789,28.489999771118164,1.1416828632354736,161.3679962158203,6.779799938201904,67.41999816894531,6.138999938964844,26.450000762939453,7540.25,29977.5,3039.5,61201.359375,79.58999633789062,95.87999725341795,108.45999908447266,16.6200008392334,89.04000091552734,68.5617,31.96999931335449,25.1200008392334,93.0500030517578,745.760009765625,725.1699829101562,299.32000732421875
2026-07-02T07:45:51,4076.60009765625,370.6000061035156,94.02999877929688,85.5199966430664,108.16999816894533,81.83999633789062,91.4000015258789,28.489999771118164,1.1411616802215576,161.44500732421875,6.780200004577637,67.05999755859375,6.136000156402588,26.450000762939453,7542.25,29997.0,3040.39990234375,61224.33984375,79.58999633789062,95.87999725341795,108.45999908447266,16.600000381469727,89.04000091552734,68.5617,31.96999931335449,25.1200008392334,93.0500030517578,745.760009765625,725.1699829101562,299.32000732421875
2026-07-02T08:00:51,4082.5,370.6000061035156,94.02999877929688,85.5199966430664,108.16999816894533,81.83999633789062,91.4000015258789,28.489999771118164,1.1406410932540894,161.47500610351562,6.780300140380859,67.26000213623047,6.151000022888184,26.450000762939453,7548.0,30067.0,3043.800048828125,61234.41015625,79.58999633789062,95.87999725341795,108.45999908447266,16.530000686645508,89.04000091552734,68.5617,31.96999931335449,25.1200008392334,93.0500030517578,745.760009765625,725.1699829101562,299.32000732421875
2026-07-02T08:15:51,4080.10009765625,370.6000061035156,94.02999877929688,85.5199966430664,108.16999816894533,81.83999633789062,91.4000015258789,28.489999771118164,1.1402509212493896,161.5919952392578,6.780300140380859,67.29000091552734,6.146999835968018,26.450000762939453,7546.5,30075.0,3043.0,61274.30859375,79.58999633789062,95.87999725341795,108.45999908447266,16.6299991607666,89.04000091552734,68.5617,31.96999931335449,25.1200008392334,93.0500030517578,745.760009765625,725.1699829101562,299.32000732421875
2026-07-02T08:30:51,4080.60009765625,370.6000061035156,94.02999877929688,85.5199966430664,108.16999816894533,81.83999633789062,91.4000015258789,28.489999771118164,1.141422152519226,161.14199829101562,6.780399799346924,67.12999725341797,6.138000011444092,26.450000762939453,7553.25,30149.5,3045.10009765625,61467.71875,79.58999633789062,95.87999725341795,108.45999908447266,16.510000228881836,89.04000091552734,68.5617,31.96999931335449,25.1200008392334,93.0500030517578,745.760009765625,725.1699829101562,299.32000732421875
2026-07-02T08:45:52,4143.2001953125,370.6000061035156,94.02999877929688,85.5199966430664,108.16999816894533,81.83999633789062,91.4000015258789,28.489999771118164,1.147446870803833,160.77200317382812,6.773099899291992,67.33000183105469,6.190000057220459,26.450000762939453,7574.75,30293.75,3061.10009765625,61322.01171875,79.58999633789062,95.87999725341795,108.45999908447266,16.059999465942383,89.04000091552734,68.5617,31.96999931335449,25.1200008392334,93.0500030517578,745.760009765625,725.1699829101562,299.32000732421875
2026-07-02T09:27:57,4132.7998046875,370.6000061035156,94.02999877929688,85.5199966430664,108.16999816894533,81.83999633789062,91.4000015258789,28.489999771118164,1.144688606262207,161.08299255371094,6.788099765777588,67.52999877929688,6.188499927520752,26.450000762939453,7555.0,30149.75,3046.60009765625,61764.26171875,79.58999633789062,95.87999725341795,108.45999908447266,16.209999084472656,89.04000091552734,68.5617,31.96999931335449,25.1200008392334,93.0500030517578,745.760009765625,725.1699829101562,299.32000732421875
2026-07-02T09:35:11,4127.89990234375,378.864990234375,94.15499877929688,85.4749984741211,108.33499908447266,81.95500183105469,91.4250030517578,28.290000915527344,1.145213007926941,160.9459991455078,6.774199962615967,67.68000030517578,6.189499855041504,26.5049991607666,7560.25,30168.0,3048.60009765625,61858.890625,79.75,96.01499938964844,108.5999984741211,16.15999984741211,89.04,68.5617,32.005001068115234,25.049999237060547,94.12000274658205,748.4600219726562,726.9500122070312,300.5299987792969
2026-07-02T10:00:41,4155.7001953125,379.260009765625,94.08999633789062,85.41999816894531,108.33999633789062,81.9301986694336,91.4250030517578,28.290000915527344,1.1453442573547363,160.87100219726562,6.77209997177124,67.87999725341797,6.223499774932861,26.565000534057617,7586.25,30180.25,3056.5,61834.44140625,79.76499938964844,96.02999877929688,108.5749969482422,15.989999771118164,87.70999908447266,68.5617,32.02000045776367,25.125,94.375,750.5399780273438,729.7000122070312,301.31500244140625
2026-07-02T10:31:00,4136.60009765625,377.9599914550781,94.11499786376952,85.48999786376953,108.3249969482422,81.9343032836914,91.42990112304688,28.295000076293945,1.1445575952529907,161.03199768066406,6.77239990234375,67.66000366210938,6.190499782562256,26.459999084472656,7581.5,30115.0,3042.10009765625,61640.62890625,79.75499725341797,96.01000213623048,108.5749969482422,15.84000015258789,86.83999633789062,68.5617,31.90999984741211,25.01000022888184,93.6999969482422,748.77001953125,723.219970703125,299.864990234375
2026-07-02T10:50:50,4130.7998046875,378.4400939941406,94.1750030517578,85.61000061035156,108.36499786376952,81.94000244140625,91.42990112304688,28.30010032653809,1.1442956924438477,161.02999877929688,6.77400016784668,67.61000061035156,6.185999870300293,26.475000381469727,7563.0,29901.0,3032.699951171875,61569.73828125,79.75,96.0250015258789,108.66000366210938,16.239999771118164,86.86000061035156,68.5617,31.8799991607666,25.0,93.72000122070312,747.2150268554688,719.1300048828125,298.94000244140625
2026-07-02T11:08:13,4140.60009765625,377.9700012207031,94.2249984741211,85.68000030517578,108.4000015258789,81.95500183105469,91.4280014038086,28.29010009765625,1.1449507474899292,160.9320068359375,6.774099826812744,67.69999694824219,6.192500114440918,26.43000030517578,7550.0,29791.25,3023.0,61413.91015625,79.7249984741211,95.9800033569336,108.6449966430664,16.34000015258789,88.02999877929688,68.5617,31.84499931335449,24.950000762939453,93.47000122070312,744.8499755859375,715.7899780273438,297.135009765625
2026-07-02T11:21:58,4141.10009765625,378.6210021972656,94.2249984741211,85.67009735107422,108.38999938964844,81.95500183105469,91.41999816894533,28.290000915527344,1.144688606262207,160.8979949951172,6.774099826812744,67.58000183105469,6.183499813079834,26.46999931335449,7544.25,29763.25,3017.60009765625,61565.8984375,79.74500274658203,96.00499725341795,108.66999816894533,16.540000915527344,89.79000091552734,68.5617,31.84000015258789,24.940000534057617,93.4000015258789,745.2449951171875,715.8599853515625,297.2250061035156
2026-07-02T11:36:27,4142.0,379.0201110839844,94.25499725341795,85.74500274658203,108.41000366210938,81.96499633789062,91.43000030517578,28.2863998413086,1.145213007926941,160.78199768066406,6.774199962615967,67.73999786376953,6.1875,26.48500061035156,7539.25,29722.0,3017.300048828125,61649.98828125,79.78500366210938,96.04499816894533,108.70500183105467,16.809999465942383,91.12000274658205,68.5617,31.875,24.989999771118164,93.61000061035156,746.5700073242188,718.8400268554688,298.40899658203125
2026-07-02T11:46:06,4142.7998046875,378.8800048828125,94.25499725341795,85.76000213623047,108.4198989868164,81.95140075683594,91.427001953125,28.290000915527344,1.144819736480713,160.86099243164062,6.774199962615967,67.61000061035156,6.197999954223633,26.46500015258789,7545.25,29791.0,3022.60009765625,61660.140625,79.7698974609375,96.0250015258789,108.70999908447266,16.690000534057617,91.37000274658205,68.5617,31.864999771118164,24.96999931335449,93.4800033569336,745.52001953125,717.3900146484375,298.1400146484375
2026-07-02T21:19:28,4186.89990234375,378.1300048828125,94.12000274658205,85.51000213623047,108.33000183105467,81.94000244140625,91.44000244140624,28.34000015258789,1.1442956924438477,161.02999877929688,6.776700019836426,68.5,6.2129998207092285,26.56999969482422,7549.0,29687.75,3020.199951171875,61440.359375,79.70999908447266,95.98999786376952,108.63999938964844,16.149999618530273,88.80000305175781,65.39749908447266,31.90999984741211,24.989999771118164,93.13999938964844,744.780029296875,712.5999755859375,297.5799865722656
2026-07-02T21:34:04,4198.2001953125,378.1300048828125,94.12000274658205,85.51000213623047,108.33000183105467,81.94000244140625,91.44000244140624,28.34000015258789,1.144426703453064,161.11599731445312,6.770299911499023,68.41999816894531,6.230000019073486,26.56999969482422,7548.0,29660.0,3020.39990234375,61505.37109375,79.70999908447266,95.98999786376952,108.63999938964844,16.149999618530273,88.80000305175781,65.39749908447266,31.90999984741211,24.989999771118164,93.13999938964844,744.780029296875,712.5999755859375,297.5799865722656
2026-07-02T21:48:06,4198.5,378.1300048828125,94.12000274658205,85.51000213623047,108.33000183105467,81.94000244140625,91.44000244140624,28.34000015258789,1.144164800643921,161.2209930419922,6.78000020980835,68.61000061035156,6.245500087738037,26.56999969482422,7548.5,29659.0,3019.199951171875,61546.26171875,79.70999908447266,95.98999786376952,108.63999938964844,16.149999618530273,88.80000305175781,65.39749908447266,31.90999984741211,24.989999771118164,93.13999938964844,744.780029296875,712.5999755859375,297.5799865722656
2026-07-02T22:02:54,4189.39990234375,378.1300048828125,94.12000274658205,85.51000213623047,108.33000183105467,81.94000244140625,91.44000244140624,28.34000015258789,1.1440337896347046,161.23899841308594,6.78000020980835,68.81999969482422,6.245999813079834,26.56999969482422,7550.0,29690.75,3019.699951171875,61530.421875,79.70999908447266,95.98999786376952,108.63999938964844,16.149999618530273,88.80000305175781,65.39749908447266,31.90999984741211,24.989999771118164,93.13999938964844,744.780029296875,712.5999755859375,297.5799865722656
2026-07-02T22:18:06,4193.5,378.1300048828125,94.12000274658205,85.51000213623047,108.33000183105467,81.94000244140625,91.44000244140624,28.34000015258789,1.1445575952529907,161.1490020751953,6.77869987487793,68.91999816894531,6.254499912261963,26.56999969482422,7551.5,29705.75,3020.300048828125,61460.7109375,79.70999908447266,95.98999786376952,108.63999938964844,16.149999618530273,88.80000305175781,65.39749908447266,31.90999984741211,24.989999771118164,93.13999938964844,744.780029296875,712.5999755859375,297.5799865722656
2026-07-02T22:32:55,4192.10009765625,378.1300048828125,94.12000274658205,85.51000213623047,108.33000183105467,81.94000244140625,91.44000244140624,28.34000015258789,1.144819736480713,161.2010040283203,6.779799938201904,68.91000366210938,6.246500015258789,26.56999969482422,7551.0,29716.75,3019.300048828125,61287.80078125,79.70999908447266,95.98999786376952,108.63999938964844,16.149999618530273,88.80000305175781,65.39749908447266,31.90999984741211,24.989999771118164,93.13999938964844,744.780029296875,712.5999755859375,297.5799865722656
2026-07-02T22:47:44,4192.60009765625,378.1300048828125,94.12000274658205,85.51000213623047,108.33000183105467,81.94000244140625,91.44000244140624,28.34000015258789,1.1445575952529907,161.1529998779297,6.780300140380859,69.0199966430664,6.257500171661377,26.56999969482422,7550.0,29709.5,3019.10009765625,61225.26171875,79.70999908447266,95.98999786376952,108.63999938964844,16.149999618530273,88.80000305175781,65.39749908447266,31.90999984741211,24.989999771118164,93.13999938964844,744.780029296875,712.5999755859375,297.5799865722656
2026-07-02T23:02:38,4195.7001953125,378.1300048828125,94.12000274658205,85.51000213623047,108.33000183105467,81.94000244140625,91.44000244140624,28.34000015258789,1.1442956924438477,161.14999389648438,6.78000020980835,68.9800033569336,6.265999794006348,26.56999969482422,7552.25,29742.75,3020.0,61314.03125,79.70999908447266,95.98999786376952,108.63999938964844,16.149999618530273,88.80000305175781,65.39749908447266,31.90999984741211,24.989999771118164,93.13999938964844,744.780029296875,712.5999755859375,297.5799865722656
2026-07-02T23:18:23,4194.39990234375,378.1300048828125,94.12000274658205,85.51000213623047,108.33000183105467,81.94000244140625,91.44000244140624,28.34000015258789,1.1442956924438477,161.1929931640625,6.780399799346924,68.95999908447266,6.252999782562256,26.56999969482422,7551.0,29741.25,3019.300048828125,61321.7109375,79.70999908447266,95.98999786376952,108.63999938964844,16.149999618530273,88.80000305175781,65.39749908447266,31.90999984741211,24.989999771118164,93.13999938964844,744.780029296875,712.5999755859375,297.5799865722656
2026-07-02T23:33:14,4193.7001953125,378.1300048828125,94.12000274658205,85.51000213623047,108.33000183105467,81.94000244140625,91.44000244140624,28.34000015258789,1.144164800643921,161.18899536132812,6.780700206756592,69.12999725341797,6.25600004196167,26.56999969482422,7553.0,29755.25,3020.5,61450.4296875,79.70999908447266,95.98999786376952,108.63999938964844,16.149999618530273,88.80000305175781,65.39749908447266,31.90999984741211,24.989999771118164,93.13999938964844,744.780029296875,712.5999755859375,297.5799865722656
2026-07-02T23:45:43,4195.10009765625,378.1300048828125,94.12000274658205,85.51000213623047,108.33000183105467,81.94000244140625,91.44000244140624,28.34000015258789,1.1442956924438477,161.1840057373047,6.780900001525879,69.0199966430664,6.25600004196167,26.56999969482422,7552.25,29752.5,3020.89990234375,61311.58984375,79.70999908447266,95.98999786376952,108.63999938964844,16.149999618530273,88.80000305175781,65.39749908447266,31.90999984741211,24.989999771118164,93.13999938964844,744.780029296875,712.5999755859375,297.5799865722656
2026-07-03T00:00:11,4189.7001953125,378.1300048828125,94.12000274658205,85.51000213623047,108.33000183105467,81.94000244140625,91.44000244140624,28.34000015258789,1.144426703453064,161.17300415039062,6.780799865722656,68.9800033569336,6.248499870300293,26.56999969482422,7551.75,29751.75,3020.10009765625,61385.01953125,79.70999908447266,95.98999786376952,108.63999938964844,16.149999618530273,88.80000305175781,65.3975,31.90999984741211,24.989999771118164,93.13999938964844,744.780029296875,712.5999755859375,297.5799865722656
2026-07-03T00:15:39,4187.2998046875,378.1300048828125,94.12000274658205,85.51000213623047,108.33000183105467,81.94000244140625,91.44000244140624,28.34000015258789,1.1445575952529907,161.16700744628906,6.780700206756592,69.01000213623047,6.249499797821045,26.56999969482422,7554.0,29767.5,3021.0,61298.1796875,79.70999908447266,95.98999786376952,108.63999938964844,16.149999618530273,88.80000305175781,65.3975,31.90999984741211,24.989999771118164,93.13999938964844,744.780029296875,712.5999755859375,297.5799865722656
2026-07-03T00:31:09,4193.7998046875,378.1300048828125,94.12000274658205,85.51000213623047,108.33000183105467,81.94000244140625,91.44000244140624,28.34000015258789,1.1445575952529907,161.18099975585938,6.780700206756592,68.9800033569336,6.25600004196167,26.56999969482422,7555.25,29789.0,3021.60009765625,61342.51953125,79.70999908447266,95.98999786376952,108.63999938964844,16.149999618530273,88.80000305175781,65.3975,31.90999984741211,24.989999771118164,93.13999938964844,744.780029296875,712.5999755859375,297.5799865722656
2026-07-03T00:45:37,4189.39990234375,378.1300048828125,94.12000274658205,85.51000213623047,108.33000183105467,81.94000244140625,91.44000244140624,28.34000015258789,1.144819736480713,161.1790008544922,6.780300140380859,69.06999969482422,6.253499984741211,26.56999969482422,7554.0,29791.75,3021.300048828125,61403.0703125,79.70999908447266,95.98999786376952,108.63999938964844,16.149999618530273,88.80000305175781,65.3975,31.90999984741211,24.989999771118164,93.13999938964844,744.780029296875,712.5999755859375,297.5799865722656
2026-07-03T01:00:09,4188.7998046875,378.1300048828125,94.12000274658205,85.51000213623047,108.33000183105467,81.94000244140625,91.44000244140624,28.34000015258789,1.1449507474899292,161.10699462890625,6.780300140380859,69.04000091552734,6.250500202178955,26.56999969482422,7554.5,29792.0,3021.5,61362.37890625,79.70999908447266,95.98999786376952,108.63999938964844,16.149999618530273,88.80000305175781,65.3975,31.90999984741211,24.989999771118164,93.13999938964844,744.780029296875,712.5999755859375,297.5799865722656
2026-07-03T01:15:38,4192.5,378.1300048828125,94.12000274658205,85.51000213623047,108.33000183105467,81.94000244140625,91.44000244140624,28.34000015258789,1.1456066370010376,161.05099487304688,6.779600143432617,69.0199966430664,6.256499767303467,26.56999969482422,7553.0,29818.75,3021.199951171875,61447.1015625,79.70999908447266,95.98999786376952,108.63999938964844,16.149999618530273,88.80000305175781,65.3975,31.90999984741211,24.989999771118164,93.13999938964844,744.780029296875,712.5999755859375,297.5799865722656
2026-07-03T01:33:28,4186.2998046875,378.1300048828125,94.12000274658205,85.51000213623047,108.33000183105467,81.94000244140625,91.44000244140624,28.34000015258789,1.1456066370010376,161.0570068359375,6.779799938201904,69.05999755859375,6.245999813079834,26.56999969482422,7550.75,29799.5,3020.5,61631.80859375,79.70999908447266,95.98999786376952,108.63999938964844,16.149999618530273,88.80000305175781,65.3975,31.90999984741211,24.989999771118164,93.13999938964844,744.780029296875,712.5999755859375,297.5799865722656
2026-07-03T01:48:21,4188.5,378.1300048828125,94.12000274658205,85.51000213623047,108.33000183105467,81.94000244140625,91.44000244140624,28.34000015258789,1.1456066370010376,161.1300048828125,6.778900146484375,69.05000305175781,6.23799991607666,26.56999969482422,7554.5,29832.75,3021.60009765625,61606.16015625,79.70999908447266,95.98999786376952,108.63999938964844,16.149999618530273,88.80000305175781,65.3975,31.90999984741211,24.989999771118164,93.13999938964844,744.780029296875,712.5999755859375,297.5799865722656
2026-07-03T02:03:18,4186.10009765625,378.1300048828125,94.12000274658205,85.51000213623047,108.33000183105467,81.94000244140625,91.44000244140624,28.34000015258789,1.145213007926941,161.13900756835938,6.77869987487793,69.19999694824219,6.246500015258789,26.56999969482422,7554.0,29816.5,3021.10009765625,61671.69921875,79.70999908447266,95.98999786376952,108.63999938964844,16.149999618530273,88.80000305175781,65.3975,31.90999984741211,24.989999771118164,93.13999938964844,744.780029296875,712.5999755859375,297.5799865722656
2026-07-03T02:18:09,4182.0,378.1300048828125,94.12000274658205,85.51000213623047,108.33000183105467,81.94000244140625,91.44000244140624,28.34000015258789,1.1461317539215088,160.96200561523438,6.777200222015381,69.11000061035156,6.248000144958496,26.56999969482422,7560.75,29884.0,3023.89990234375,61705.01171875,79.70999908447266,95.98999786376952,108.63999938964844,16.149999618530273,88.80000305175781,65.3975,31.90999984741211,24.989999771118164,93.13999938964844,744.780029296875,712.5999755859375,297.5799865722656
2026-07-03T02:33:02,4178.7998046875,378.1300048828125,94.12000274658205,85.51000213623047,108.33000183105467,81.94000244140625,91.44000244140624,28.34000015258789,1.1458691358566284,161.01100158691406,6.778500080108643,68.94000244140625,6.244999885559082,26.56999969482422,7557.25,29848.25,3022.199951171875,61681.87109375,79.70999908447266,95.98999786376952,108.63999938964844,16.149999618530273,88.80000305175781,65.3975,31.90999984741211,24.989999771118164,93.13999938964844,744.780029296875,712.5999755859375,297.5799865722656
2026-07-03T02:48:01,4185.5,378.1300048828125,94.12000274658205,85.51000213623047,108.33000183105467,81.94000244140625,91.44000244140624,28.34000015258789,1.1462632417678833,160.7239990234375,6.77810001373291,68.98999786376953,6.254499912261963,26.56999969482422,7562.25,29867.75,3024.89990234375,61588.62109375,79.70999908447266,95.98999786376952,108.63999938964844,16.149999618530273,88.80000305175781,65.3975,31.90999984741211,24.989999771118164,93.13999938964844,744.780029296875,712.5999755859375,297.5799865722656
2026-07-03T03:03:06,4186.7001953125,378.1300048828125,94.12000274658205,85.51000213623047,108.33000183105467,81.94000244140625,91.44000244140624,28.34000015258789,1.1456066370010376,160.86000061035156,6.779900074005127,68.94000244140625,6.236000061035156,26.56999969482422,7559.0,29839.5,3022.89990234375,61663.078125,79.70999908447266,95.98999786376952,108.63999938964844,16.15,88.80000305175781,65.3975,31.90999984741211,24.989999771118164,93.13999938964844,744.780029296875,712.5999755859375,297.5799865722656
2026-07-03T03:15:35,4189.39990234375,378.1300048828125,94.12000274658205,85.51000213623047,108.33000183105467,81.94000244140625,91.44000244140624,28.34000015258789,1.145737886428833,160.77499389648438,6.779900074005127,68.87000274658203,6.238500118255615,26.56999969482422,7558.25,29835.25,3023.199951171875,61631.12890625,79.70999908447266,95.98999786376952,108.63999938964844,16.15,88.80000305175781,65.3975,31.90999984741211,24.989999771118164,93.13999938964844,744.780029296875,712.5999755859375,297.5799865722656
2026-07-03T03:31:07,4184.5,378.1300048828125,94.12000274658205,85.51000213623047,108.33000183105467,81.94000244140625,91.44000244140624,28.34000015258789,1.145737886428833,160.8159942626953,6.7820000648498535,68.75,6.242000102996826,26.56999969482422,7557.25,29849.0,3023.39990234375,61709.48046875,79.70999908447266,95.98999786376952,108.63999938964844,15.779999732971191,88.80000305175781,65.3975,31.90999984741211,24.989999771118164,93.13999938964844,744.780029296875,712.5999755859375,297.5799865722656
2026-07-03T03:45:53,4190.0,378.1300048828125,94.12000274658205,85.51000213623047,108.33000183105467,81.94000244140625,91.44000244140624,28.34000015258789,1.1454753875732422,160.947998046875,6.781899929046631,68.62000274658203,6.242499828338623,26.56999969482422,7555.5,29862.75,3022.39990234375,61732.44140625,79.70999908447266,95.98999786376952,108.63999938964844,15.760000228881836,88.80000305175781,65.3975,31.90999984741211,24.989999771118164,93.13999938964844,744.780029296875,712.5999755859375,297.5799865722656
2026-07-03T04:00:28,4193.0,378.1300048828125,94.12000274658205,85.51000213623047,108.33000183105467,81.94000244140625,91.44000244140624,28.34000015258789,1.1458691358566284,160.80299377441406,6.780099868774414,68.52999877929688,6.244999885559082,26.56999969482422,7553.25,29854.25,3019.39990234375,61687.359375,79.70999908447266,95.98999786376952,108.63999938964844,15.84000015258789,88.80000305175781,65.3975,31.90999984741211,24.989999771118164,93.13999938964844,744.780029296875,712.5999755859375,297.5799865722656
2026-07-03T04:15:52,4197.7998046875,378.1300048828125,94.12000274658205,85.51000213623047,108.33000183105467,81.94000244140625,91.44000244140624,28.34000015258789,1.145737886428833,160.8780059814453,6.779900074005127,68.62000274658203,6.245500087738037,26.56999969482422,7552.0,29852.25,3017.800048828125,61677.98046875,79.70999908447266,95.98999786376952,108.63999938964844,15.890000343322754,88.80000305175781,65.3975,31.90999984741211,24.989999771118164,93.13999938964844,744.780029296875,712.5999755859375,297.5799865722656
2026-07-03T04:30:25,4197.2998046875,378.1300048828125,94.12000274658205,85.51000213623047,108.33000183105467,81.94000244140625,91.44000244140624,28.34000015258789,1.1456066370010376,160.88600158691406,6.779699802398682,68.55000305175781,6.241000175476074,26.56999969482422,7551.25,29845.75,3017.10009765625,61671.28125,79.70999908447266,95.98999786376952,108.63999938964844,15.899999618530272,88.80000305175781,65.3975,31.90999984741211,24.989999771118164,93.13999938964844,744.780029296875,712.5999755859375,297.5799865722656
2026-07-03T04:45:54,4197.39990234375,378.1300048828125,94.12000274658205,85.51000213623047,108.33000183105467,81.94000244140625,91.44000244140624,28.34000015258789,1.145737886428833,160.93099975585938,6.7795000076293945,68.19000244140625,6.23199987411499,26.56999969482422,7551.0,29853.5,3018.39990234375,61763.30078125,79.70999908447266,95.98999786376952,108.63999938964844,15.9399995803833,88.80000305175781,65.3975,31.90999984741211,24.989999771118164,93.13999938964844,744.780029296875,712.5999755859375,297.5799865722656
2026-07-03T05:00:25,4190.0,378.1300048828125,94.12000274658205,85.51000213623047,108.33000183105467,81.94000244140625,91.44000244140624,28.34000015258789,1.1456066370010376,161.0500030517578,6.769999980926514,68.5999984741211,6.224500179290772,26.56999969482422,7547.0,29842.25,3015.5,61486.0390625,79.70999908447266,95.98999786376952,108.63999938964844,15.90999984741211,88.80000305175781,65.3975,31.90999984741211,24.989999771118164,93.13999938964844,744.780029296875,712.5999755859375,297.5799865722656
2026-07-03T05:16:07,4193.0,378.1300048828125,94.12000274658205,85.51000213623047,108.33000183105467,81.94000244140625,91.44000244140624,28.34000015258789,1.1453442573547363,160.95899963378906,6.780300140380859,68.54000091552734,6.230000019073486,26.56999969482422,7546.5,29832.5,3016.60009765625,61658.51171875,79.70999908447266,95.98999786376952,108.63999938964844,15.979999542236328,88.80000305175781,65.3975,31.90999984741211,24.989999771118164,93.13999938964844,744.780029296875,712.5999755859375,297.5799865722656
2026-07-03T05:30:37,4189.10009765625,378.1300048828125,94.12000274658205,85.51000213623047,108.33000183105467,81.94000244140625,91.44000244140624,28.34000015258789,1.145081877708435,161.04200744628906,6.780300140380859,68.75,6.228000164031982,26.56999969482422,7551.0,29884.0,3018.60009765625,61581.21875,79.70999908447266,95.98999786376952,108.63999938964844,15.93000030517578,88.80000305175781,65.3975,31.90999984741211,24.989999771118164,93.13999938964844,744.780029296875,712.5999755859375,297.5799865722656
2026-07-03T05:46:08,4181.89990234375,378.1300048828125,94.12000274658205,85.51000213623047,108.33000183105467,81.94000244140625,91.44000244140624,28.34000015258789,1.1449507474899292,161.04600524902344,6.780600070953369,68.69000244140625,6.22599983215332,26.56999969482422,7550.0,29878.5,3018.300048828125,61594.98828125,79.70999908447266,95.98999786376952,108.63999938964844,15.93000030517578,88.80000305175781,65.3975,31.90999984741211,24.989999771118164,93.13999938964844,744.780029296875,712.5999755859375,297.5799865722656
2026-07-03T06:00:38,4184.7001953125,378.1300048828125,94.12000274658205,85.51000213623047,108.33000183105467,81.94000244140625,91.44000244140624,28.34000015258789,1.144426703453064,161.12399291992188,6.7718000411987305,68.75,6.230000019073486,26.56999969482422,7549.75,29877.0,3021.0,61655.44140625,79.70999908447266,95.98999786376952,108.63999938964844,15.90999984741211,88.80000305175781,65.3975,31.90999984741211,24.989999771118164,93.13999938964844,744.780029296875,712.5999755859375,297.5799865722656
2026-07-03T06:16:07,4189.0,378.1300048828125,94.12000274658205,85.51000213623047,108.33000183105467,81.94000244140625,91.44000244140624,28.34000015258789,1.1449507474899292,161.1280059814453,6.770899772644043,68.63999938964844,6.22599983215332,26.56999969482422,7548.5,29872.5,3019.89990234375,61618.73046875,79.70999908447266,95.98999786376952,108.63999938964844,15.979999542236328,88.80000305175781,65.3975,31.90999984741211,24.989999771118164,93.13999938964844,744.780029296875,712.5999755859375,297.5799865722656
2026-07-03T06:30:36,4192.2998046875,378.1300048828125,94.12000274658205,85.51000213623047,108.33000183105467,81.94000244140625,91.44000244140624,28.34000015258789,1.144688606262207,161.12899780273438,6.7708001136779785,68.58000183105469,6.221499919891357,26.56999969482422,7549.75,29870.25,3020.39990234375,61656.98046875,79.70999908447266,95.98999786376952,108.63999938964844,15.9399995803833,88.80000305175781,65.3975,31.90999984741211,24.989999771118164,93.13999938964844,744.780029296875,712.5999755859375,297.5799865722656
2026-07-03T06:46:04,4188.89990234375,378.1300048828125,94.12000274658205,85.51000213623047,108.33000183105467,81.94000244140625,91.44000244140624,28.34000015258789,1.145081877708435,161.1230010986328,6.781099796295166,68.44000244140625,6.2204999923706055,26.56999969482422,7552.0,29879.5,3019.5,61848.01171875,79.70999908447266,95.98999786376952,108.63999938964844,15.93000030517578,88.80000305175781,65.3975,31.90999984741211,24.989999771118164,93.13999938964844,744.780029296875,712.5999755859375,297.5799865722656
2026-07-03T07:00:36,4188.60009765625,378.1300048828125,94.12000274658205,85.51000213623047,108.33000183105467,81.94000244140625,91.44000244140624,28.34000015258789,1.1449507474899292,161.1179962158203,6.770699977874756,68.5999984741211,6.229000091552734,26.56999969482422,7552.25,29883.5,3018.300048828125,61790.9609375,79.70999908447266,95.98999786376952,108.63999938964844,15.899999618530272,88.80000305175781,65.3975,31.90999984741211,24.989999771118164,93.13999938964844,744.780029296875,712.5999755859375,297.5799865722656
2026-07-03T07:15:09,4191.2001953125,378.1300048828125,94.12000274658205,85.51000213623047,108.33000183105467,81.94000244140625,91.44000244140624,28.34000015258789,1.145737886428833,161.06199645996094,6.770199775695801,68.63999938964844,6.224500179290772,26.56999969482422,7549.75,29876.75,3019.10009765625,61958.44140625,79.70999908447266,95.98999786376952,108.63999938964844,15.9399995803833,88.80000305175781,65.3975,31.90999984741211,24.989999771118164,93.13999938964844,744.780029296875,712.5999755859375,297.5799865722656
2026-07-03T07:30:41,4196.2998046875,378.1300048828125,94.12000274658205,85.51000213623047,108.33000183105467,81.94000244140625,91.44000244140624,28.34000015258789,1.1458691358566284,161.10400390625,6.769800186157227,68.51000213623047,6.225500106811523,26.56999969482422,7549.25,29881.25,3018.5,61882.5390625,79.70999908447266,95.98999786376952,108.63999938964844,15.979999542236328,88.80000305175781,65.3975,31.90999984741211,24.989999771118164,93.13999938964844,744.780029296875,712.5999755859375,297.5799865722656
2026-07-03T07:45:10,4196.2001953125,378.1300048828125,94.12000274658205,85.51000213623047,108.33000183105467,81.94000244140625,91.44000244140624,28.34000015258789,1.1453442573547363,161.125,6.769700050354004,68.5,6.2220001220703125,26.56999969482422,7549.25,29885.75,3017.800048828125,61832.5390625,79.70999908447266,95.98999786376952,108.63999938964844,16.0,88.80000305175781,65.3975,31.90999984741211,24.989999771118164,93.13999938964844,744.780029296875,712.5999755859375,297.5799865722656
2026-07-03T08:00:40,4195.5,378.1300048828125,94.12000274658205,85.51000213623047,108.33000183105467,81.94000244140625,91.44000244140624,28.34000015258789,1.1453442573547363,161.1199951171875,6.769700050354004,68.38999938964844,6.228499889373779,26.56999969482422,7550.25,29883.0,3019.199951171875,61948.05078125,79.70999908447266,95.98999786376952,108.63999938964844,15.979999542236328,88.80000305175781,65.3975,31.90999984741211,24.989999771118164,93.13999938964844,744.780029296875,712.5999755859375,297.5799865722656
2026-07-03T08:15:09,4191.2998046875,378.1300048828125,94.12000274658205,85.51000213623047,108.33000183105467,81.94000244140625,91.44000244140624,28.34000015258789,1.1453442573547363,161.1300048828125,6.769400119781494,68.27999877929688,6.21750020980835,26.56999969482422,7556.0,29912.5,3022.0,62038.51953125,79.70999908447266,95.98999786376952,108.63999938964844,15.920000076293944,88.80000305175781,65.3975,31.90999984741211,24.989999771118164,93.13999938964844,744.780029296875,712.5999755859375,297.5799865722656
2026-07-03T08:30:41,4186.2001953125,378.1300048828125,94.12000274658205,85.51000213623047,108.33000183105467,81.94000244140625,91.44000244140624,28.34000015258789,1.145081877708435,161.1280059814453,6.769100189208984,68.33999633789062,6.2170000076293945,26.56999969482422,7549.75,29879.25,3019.10009765625,61863.6015625,79.70999908447266,95.98999786376952,108.63999938964844,15.970000267028809,88.80000305175781,65.3975,31.90999984741211,24.989999771118164,93.13999938964844,744.780029296875,712.5999755859375,297.5799865722656
2026-07-03T08:45:11,4189.60009765625,378.1300048828125,94.12000274658205,85.51000213623047,108.33000183105467,81.94000244140625,91.44000244140624,28.34000015258789,1.145081877708435,161.1300048828125,6.769199848175049,68.19000244140625,6.215000152587891,26.56999969482422,7550.25,29878.0,3018.60009765625,61868.23828125,79.70999908447266,95.98999786376952,108.63999938964844,15.960000038146973,88.80000305175781,65.3975,31.90999984741211,24.989999771118164,93.13999938964844,744.780029296875,712.5999755859375,297.5799865722656
2026-07-03T09:03:36,4187.5,378.1300048828125,94.12000274658205,85.51000213623047,108.33000183105467,81.94000244140625,91.44000244140624,28.34000015258789,1.145081877708435,161.17999267578125,6.769199848175049,68.23999786376953,6.214000225067139,26.56999969482422,7551.75,29893.0,3017.10009765625,61923.37890625,79.70999908447266,95.98999786376952,108.63999938964844,15.9399995803833,88.80000305175781,65.3975,31.90999984741211,24.989999771118164,93.13999938964844,744.780029296875,712.5999755859375,297.5799865722656
2026-07-03T09:18:56,4182.10009765625,378.1300048828125,94.12000274658205,85.51000213623047,108.33000183105467,81.94000244140625,91.44000244140624,28.34000015258789,1.1445575952529907,161.24000549316406,6.769199848175049,68.5,6.218500137329102,26.56999969482422,7553.0,29900.25,3017.300048828125,61966.51953125,79.70999908447266,95.98999786376952,108.63999938964844,15.90999984741211,88.80000305175781,65.3975,31.90999984741211,24.989999771118164,93.13999938964844,744.780029296875,712.5999755859375,297.5799865722656
2026-07-03T09:33:04,4179.89990234375,378.1300048828125,94.12000274658205,85.51000213623047,108.33000183105467,81.94000244140625,91.44000244140624,28.34000015258789,1.144426703453064,161.24200439453125,6.769199848175049,68.62000274658203,6.2204999923706055,26.56999969482422,7553.25,29904.75,3015.699951171875,62027.98046875,79.70999908447266,95.98999786376952,108.63999938964844,15.960000038146973,88.80000305175781,65.3975,31.90999984741211,24.989999771118164,93.13999938964844,744.780029296875,712.5999755859375,297.5799865722656
2026-07-03T09:48:24,4180.2998046875,378.1300048828125,94.12000274658205,85.51000213623047,108.33000183105467,81.94000244140625,91.44000244140624,28.34000015258789,1.1445575952529907,161.23199462890625,6.769400119781494,68.58000183105469,6.210000038146973,26.56999969482422,7554.5,29909.5,3017.699951171875,62065.078125,79.70999908447266,95.98999786376952,108.63999938964844,15.850000381469728,88.80000305175781,65.3975,31.90999984741211,24.989999771118164,93.13999938964844,744.780029296875,712.5999755859375,297.5799865722656
2026-07-03T10:06:36,4180.2998046875,378.1300048828125,94.12000274658205,85.51000213623047,108.33000183105467,81.94000244140625,91.44000244140624,28.34000015258789,1.144426703453064,161.2530059814453,6.769700050354004,68.66999816894531,6.215000152587891,26.56999969482422,7551.5,29928.75,3015.89990234375,61917.8515625,79.70999908447266,95.98999786376952,108.63999938964844,15.970000267028809,88.80000305175781,65.3975,31.90999984741211,24.989999771118164,93.13999938964844,744.780029296875,712.5999755859375,297.5799865722656
2026-07-03T10:18:56,4170.39990234375,378.1300048828125,94.12000274658205,85.51000213623047,108.33000183105467,81.94000244140625,91.44000244140624,28.34000015258789,1.144688606262207,161.2239990234375,6.769700050354004,68.86000061035156,6.213500022888184,26.56999969482422,7552.0,29913.25,3018.0,61737.94140625,79.70999908447266,95.98999786376952,108.63999938964844,15.93000030517578,88.80000305175781,65.3975,31.90999984741211,24.989999771118164,93.13999938964844,744.780029296875,712.5999755859375,297.5799865722656
2026-07-03T10:33:10,4176.0,378.1300048828125,94.12000274658205,85.51000213623047,108.33000183105467,81.94000244140625,91.44000244140624,28.34000015258789,1.144819736480713,161.2169952392578,6.769400119781494,68.5999984741211,6.21750020980835,26.56999969482422,7554.75,29912.5,3020.199951171875,61884.55859375,79.70999908447266,95.98999786376952,108.63999938964844,15.899999618530272,88.80000305175781,65.3975,31.90999984741211,24.989999771118164,93.13999938964844,744.780029296875,712.5999755859375,297.5799865722656
2026-07-03T10:48:26,4177.0,378.1300048828125,94.12000274658205,85.51000213623047,108.33000183105467,81.94000244140625,91.44000244140624,28.34000015258789,1.144819736480713,161.2220001220703,6.769400119781494,68.77999877929688,6.214000225067139,26.56999969482422,7556.25,29904.5,3021.39990234375,61994.6015625,79.70999908447266,95.98999786376952,108.63999938964844,15.890000343322754,88.80000305175781,65.3975,31.90999984741211,24.989999771118164,93.13999938964844,744.780029296875,712.5999755859375,297.5799865722656
2026-07-03T11:07:14,4180.10009765625,378.1300048828125,94.12000274658205,85.51000213623047,108.33000183105467,81.94000244140625,91.44000244140624,28.34000015258789,1.144426703453064,161.3209991455078,6.769299983978272,68.6500015258789,6.2220001220703125,26.56999969482422,7560.0,29918.75,3023.0,62241.08984375,79.70999908447266,95.98999786376952,108.63999938964844,15.81999969482422,88.80000305175781,65.3975,31.90999984741211,24.989999771118164,93.13999938964844,744.780029296875,712.5999755859375,297.5799865722656
2026-07-03T11:18:23,4184.5,378.1300048828125,94.12000274658205,85.51000213623047,108.33000183105467,81.94000244140625,91.44000244140624,28.34000015258789,1.144688606262207,161.2790069580078,6.769199848175049,68.62000274658203,6.223999977111816,26.56999969482422,7558.75,29912.25,3022.300048828125,62068.4609375,79.70999908447266,95.98999786376952,108.63999938964844,15.779999732971191,88.80000305175781,65.3975,31.90999984741211,24.989999771118164,93.13999938964844,744.780029296875,712.5999755859375,297.5799865722656
2026-07-03T11:33:33,4182.10009765625,378.1300048828125,94.12000274658205,85.51000213623047,108.33000183105467,81.94000244140625,91.44000244140624,28.34000015258789,1.144426703453064,161.29800415039062,6.769299983978272,68.5199966430664,6.215499877929688,26.56999969482422,7557.75,29914.0,3021.199951171875,61994.23828125,79.70999908447266,95.98999786376952,108.63999938964844,15.760000228881836,88.80000305175781,65.3975,31.90999984741211,24.989999771118164,93.13999938964844,744.780029296875,712.5999755859375,297.5799865722656
2026-07-03T11:46:03,4179.2001953125,378.1300048828125,94.12000274658205,85.51000213623047,108.33000183105467,81.94000244140625,91.44000244140624,28.34000015258789,1.1442956924438477,161.29600524902344,6.769199848175049,68.62000274658203,6.208000183105469,26.56999969482422,7557.0,29901.25,3021.699951171875,61827.921875,79.70999908447266,95.98999786376952,108.63999938964844,15.8100004196167,88.80000305175781,65.3975,31.90999984741211,24.989999771118164,93.13999938964844,744.780029296875,712.5999755859375,297.5799865722656
2026-07-03T12:06:32,4177.2998046875,378.1300048828125,94.12000274658205,85.51000213623047,108.33000183105467,81.94000244140625,91.44000244140624,28.34000015258789,1.1440337896347046,161.3300018310547,6.769199848175049,68.70999908447266,6.209000110626221,26.56999969482422,7559.5,29910.0,3022.89990234375,61898.37109375,79.70999908447266,95.98999786376952,108.63999938964844,15.8100004196167,88.80000305175781,65.3975,31.90999984741211,24.989999771118164,93.13999938964844,744.780029296875,712.5999755859375,297.5799865722656
2026-07-03T12:16:00,4176.39990234375,378.1300048828125,94.12000274658205,85.51000213623047,108.33000183105467,81.94000244140625,91.44000244140624,28.34000015258789,1.144164800643921,161.33200073242188,6.769199848175049,68.70999908447266,6.211999893188477,26.56999969482422,7557.75,29902.5,3022.5,61913.78125,79.70999908447266,95.98999786376952,108.63999938964844,15.8100004196167,88.80000305175781,65.3975,31.90999984741211,24.989999771118164,93.13999938964844,744.780029296875,712.5999755859375,297.5799865722656
2026-07-03T12:30:32,4177.7998046875,378.1300048828125,94.12000274658205,85.51000213623047,108.33000183105467,81.94000244140625,91.44000244140624,28.34000015258789,1.1440337896347046,161.36900329589844,6.768700122833252,68.70999908447266,6.2170000076293945,26.56999969482422,7556.25,29901.75,3023.5,62037.359375,79.70999908447266,95.98999786376952,108.63999938964844,15.8100004196167,88.80000305175781,65.3975,31.90999984741211,24.989999771118164,93.13999938964844,744.780029296875,712.5999755859375,297.5799865722656
2026-07-03T12:46:02,4181.5,378.1300048828125,94.12000274658205,85.51000213623047,108.33000183105467,81.94000244140625,91.44000244140624,28.34000015258789,1.1439030170440674,161.37100219726562,6.768499851226807,68.62000274658203,6.2179999351501465,26.56999969482422,7555.5,29901.25,3022.89990234375,61968.8203125,79.70999908447266,95.98999786376952,108.63999938964844,15.8100004196167,88.80000305175781,65.3975,31.90999984741211,24.989999771118164,93.13999938964844,744.780029296875,712.5999755859375,297.5799865722656
2026-07-03T13:00:11,4183.60009765625,378.1300048828125,94.12000274658205,85.51000213623047,108.33000183105467,81.94000244140625,91.44000244140624,28.34000015258789,1.144164800643921,161.32699584960938,6.768499851226807,68.68000030517578,6.2230000495910645,26.56999969482422,7555.5,29901.75,3022.5,62028.69921875,79.70999908447266,95.98999786376952,108.63999938964844,15.8100004196167,88.80000305175781,65.3975,31.90999984741211,24.989999771118164,93.13999938964844,744.780029296875,712.5999755859375,297.5799865722656
2026-07-03T13:15:41,4187.2998046875,378.1300048828125,94.12000274658205,85.51000213623047,108.33000183105467,81.94000244140625,91.44000244140624,28.34000015258789,1.1442956924438477,161.33799743652344,6.768400192260742,68.77999877929688,6.223999977111816,26.56999969482422,7557.0,29901.75,3023.5,62160.51953125,79.70999908447266,95.98999786376952,108.63999938964844,15.8100004196167,88.80000305175781,65.3975,31.90999984741211,24.989999771118164,93.13999938964844,744.780029296875,712.5999755859375,297.5799865722656
2026-07-03T13:30:10,4187.2998046875,378.1300048828125,94.12000274658205,85.51000213623047,108.33000183105467,81.94000244140625,91.44000244140624,28.34000015258789,1.1442956924438477,161.30299377441406,6.768400192260742,68.77999877929688,6.223999977111816,26.56999969482422,7557.0,29901.75,3023.5,62113.96875,79.70999908447266,95.98999786376952,108.63999938964844,15.8100004196167,88.80000305175781,65.3975,31.90999984741211,24.989999771118164,93.13999938964844,744.780029296875,712.5999755859375,297.5799865722656
2026-07-03T13:45:40,4187.2998046875,378.1300048828125,94.12000274658205,85.51000213623047,108.33000183105467,81.94000244140625,91.44000244140624,28.34000015258789,1.144426703453064,161.2989959716797,6.768099784851074,68.77999877929688,6.223999977111816,26.56999969482422,7557.0,29901.75,3023.5,62177.30078125,79.70999908447266,95.98999786376952,108.63999938964844,15.8100004196167,88.80000305175781,65.3975,31.90999984741211,24.989999771118164,93.13999938964844,744.780029296875,712.5999755859375,297.5799865722656
2026-07-03T14:03:04,4187.2998046875,378.1300048828125,94.12000274658205,85.51000213623047,108.33000183105467,81.94000244140625,91.44000244140624,28.34000015258789,1.144426703453064,161.30599975585938,6.76800012588501,68.77999877929688,6.223999977111816,26.56999969482422,7557.0,29901.75,3023.5,62123.96875,79.70999908447266,95.98999786376952,108.63999938964844,15.8100004196167,88.80000305175781,65.3975,31.90999984741211,24.989999771118164,93.13999938964844,744.780029296875,712.5999755859375,297.5799865722656
2026-07-03T14:15:30,4187.2998046875,378.1300048828125,94.12000274658205,85.51000213623047,108.33000183105467,81.94000244140625,91.44000244140624,28.34000015258789,1.1442956924438477,161.3280029296875,6.7677001953125,68.77999877929688,6.223999977111816,26.56999969482422,7557.0,29901.75,3023.5,62129.98828125,79.70999908447266,95.98999786376952,108.63999938964844,15.8100004196167,88.80000305175781,65.3975,31.90999984741211,24.989999771118164,93.13999938964844,744.780029296875,712.5999755859375,297.5799865722656
2026-07-03T14:31:00,4187.2998046875,378.1300048828125,94.12000274658205,85.51000213623047,108.33000183105467,81.94000244140625,91.44000244140624,28.34000015258789,1.1442956924438477,161.31399536132812,6.7677001953125,68.77999877929688,6.223999977111816,26.56999969482422,7557.0,29901.75,3023.5,62144.98046875,79.70999908447266,95.98999786376952,108.63999938964844,15.8100004196167,88.80000305175781,65.3975,31.90999984741211,24.989999771118164,93.13999938964844,744.780029296875,712.5999755859375,297.5799865722656
2026-07-03T14:45:28,4187.2998046875,378.1300048828125,94.12000274658205,85.51000213623047,108.33000183105467,81.94000244140625,91.44000244140624,28.34000015258789,1.1442956924438477,161.3209991455078,6.767199993133545,68.77999877929688,6.223999977111816,26.56999969482422,7557.0,29901.75,3023.5,62169.23046875,79.70999908447266,95.98999786376952,108.63999938964844,15.8100004196167,88.80000305175781,65.3975,31.90999984741211,24.989999771118164,93.13999938964844,744.780029296875,712.5999755859375,297.5799865722656
2026-07-03T15:00:58,4187.2998046875,378.1300048828125,94.12000274658205,85.51000213623047,108.33000183105467,81.94000244140625,91.44000244140624,28.34000015258789,1.144164800643921,161.35499572753906,6.770199775695801,68.77999877929688,6.223999977111816,26.56999969482422,7557.0,29901.75,3023.5,62153.3984375,79.70999908447266,95.98999786376952,108.63999938964844,15.8100004196167,88.80000305175781,65.3975,31.90999984741211,24.989999771118164,93.13999938964844,744.780029296875,712.5999755859375,297.5799865722656
2026-07-03T15:15:31,4187.2998046875,378.1300048828125,94.12000274658205,85.51000213623047,108.33000183105467,81.94000244140625,91.44000244140624,28.34000015258789,1.1442956924438477,161.3489990234375,6.770199775695801,68.77999877929688,6.223999977111816,26.56999969482422,7557.0,29901.75,3023.5,62137.171875,79.70999908447266,95.98999786376952,108.63999938964844,15.8100004196167,88.80000305175781,65.3975,31.90999984741211,24.989999771118164,93.13999938964844,744.780029296875,712.5999755859375,297.5799865722656
2026-07-03T15:30:57,4187.2998046875,378.1300048828125,94.12000274658205,85.51000213623047,108.33000183105467,81.94000244140625,91.44000244140624,28.34000015258789,1.144164800643921,161.35699462890625,6.770199775695801,68.77999877929688,6.223999977111816,26.56999969482422,7557.0,29901.75,3023.5,62130.01953125,79.70999908447266,95.98999786376952,108.63999938964844,15.8100004196167,88.80000305175781,65.3975,31.90999984741211,24.989999771118164,93.13999938964844,744.780029296875,712.5999755859375,297.5799865722656
2026-07-03T15:45:29,4187.2998046875,378.1300048828125,94.12000274658205,85.51000213623047,108.33000183105467,81.94000244140625,91.44000244140624,28.34000015258789,1.144164800643921,161.3489990234375,6.770199775695801,68.77999877929688,6.223999977111816,26.56999969482422,7557.0,29901.75,3023.5,62151.12109375,79.70999908447266,95.98999786376952,108.63999938964844,15.8100004196167,88.80000305175781,65.3975,31.90999984741211,24.989999771118164,93.13999938964844,744.780029296875,712.5999755859375,297.5799865722656
2026-07-03T16:00:58,4187.2998046875,378.1300048828125,94.12000274658205,85.51000213623047,108.33000183105467,81.94000244140625,91.44000244140624,28.34000015258789,1.1439030170440674,161.36700439453125,6.770199775695801,68.77999877929688,6.223999977111816,26.56999969482422,7557.0,29901.75,3023.5,62156.78125,79.70999908447266,95.98999786376952,108.63999938964844,15.8100004196167,88.80000305175781,65.3975,31.90999984741211,24.989999771118164,93.13999938964844,744.780029296875,712.5999755859375,297.5799865722656
2026-07-03T16:15:30,4187.2998046875,378.1300048828125,94.12000274658205,85.51000213623047,108.33000183105467,81.94000244140625,91.44000244140624,28.34000015258789,1.1440337896347046,161.36399841308594,6.779200077056885,68.77999877929688,6.223999977111816,26.56999969482422,7557.0,29901.75,3023.5,62378.359375,79.70999908447266,95.98999786376952,108.63999938964844,15.8100004196167,88.80000305175781,65.3975,31.90999984741211,24.989999771118164,93.13999938964844,744.780029296875,712.5999755859375,297.5799865722656
2026-07-03T16:30:59,4187.2998046875,378.1300048828125,94.12000274658205,85.51000213623047,108.33000183105467,81.94000244140625,91.44000244140624,28.34000015258789,1.1440337896347046,161.3350067138672,6.779200077056885,68.77999877929688,6.223999977111816,26.56999969482422,7557.0,29901.75,3023.5,62551.01171875,79.70999908447266,95.98999786376952,108.63999938964844,15.8100004196167,88.80000305175781,65.3975,31.90999984741211,24.989999771118164,93.13999938964844,744.780029296875,712.5999755859375,297.5799865722656
2026-07-03T16:45:27,4187.2998046875,378.1300048828125,94.12000274658205,85.51000213623047,108.33000183105467,81.94000244140625,91.44000244140624,28.34000015258789,1.1439030170440674,161.3280029296875,6.779200077056885,68.77999877929688,6.223999977111816,26.56999969482422,7557.0,29901.75,3023.5,62665.6796875,79.70999908447266,95.98999786376952,108.63999938964844,15.8100004196167,88.80000305175781,65.3975,31.90999984741211,24.989999771118164,93.13999938964844,744.780029296875,712.5999755859375,297.5799865722656
2026-07-03T17:00:57,4187.2998046875,378.1300048828125,94.12000274658205,85.51000213623047,108.33000183105467,81.94000244140625,91.44000244140624,28.34000015258789,1.1422696113586426,161.33700561523438,6.770199775695801,68.77999877929688,6.223999977111816,26.56999969482422,7557.0,29901.75,3023.5,62702.98046875,79.70999908447266,95.98999786376952,108.63999938964844,15.8100004196167,88.80000305175781,65.3975,31.90999984741211,24.989999771118164,93.13999938964844,744.780029296875,712.5999755859375,297.5799865722656
2026-07-03T17:15:28,4187.2998046875,378.1300048828125,94.12000274658205,85.51000213623047,108.33000183105467,81.94000244140625,91.44000244140624,28.34000015258789,1.1440337896347046,161.33700561523438,6.770199775695801,68.77999877929688,6.223999977111816,26.56999969482422,7557.0,29901.75,3023.5,62716.91015625,79.70999908447266,95.98999786376952,108.63999938964844,15.8100004196167,88.80000305175781,65.3975,31.90999984741211,24.989999771118164,93.13999938964844,744.780029296875,712.5999755859375,297.5799865722656
2026-07-03T17:30:56,4187.2998046875,378.1300048828125,94.12000274658205,85.51000213623047,108.33000183105467,81.94000244140625,91.44000244140624,28.34000015258789,1.1440337896347046,161.33700561523438,6.770199775695801,68.77999877929688,6.223999977111816,26.56999969482422,7557.0,29901.75,3023.5,62557.2890625,79.70999908447266,95.98999786376952,108.63999938964844,15.8100004196167,88.80000305175781,65.3975,31.90999984741211,24.989999771118164,93.13999938964844,744.780029296875,712.5999755859375,297.5799865722656
2026-07-03T17:45:25,4187.2998046875,378.1300048828125,94.12000274658205,85.51000213623047,108.33000183105467,81.94000244140625,91.44000244140624,28.34000015258789,1.1440337896347046,161.33700561523438,6.770199775695801,68.77999877929688,6.223999977111816,26.56999969482422,7557.0,29901.75,3023.5,62561.2890625,79.70999908447266,95.98999786376952,108.63999938964844,15.8100004196167,88.80000305175781,65.3975,31.90999984741211,24.989999771118164,93.13999938964844,744.780029296875,712.5999755859375,297.5799865722656
2026-07-03T18:03:55,4187.2998046875,378.1300048828125,94.12000274658205,85.51000213623047,108.33000183105467,81.94000244140625,91.44000244140624,28.34000015258789,1.1440337896347046,161.33700561523438,6.770199775695801,68.77999877929688,6.223999977111816,26.56999969482422,7557.0,29901.75,3023.5,62630.7109375,79.70999908447266,95.98999786376952,108.63999938964844,15.8100004196167,88.80000305175781,65.3975,31.90999984741211,24.989999771118164,93.13999938964844,744.780029296875,712.5999755859375,297.5799865722656
2026-07-03T18:15:26,4187.2998046875,378.1300048828125,94.12000274658205,85.51000213623047,108.33000183105467,81.94000244140625,91.44000244140624,28.34000015258789,1.1440337896347046,161.33700561523438,6.770199775695801,68.77999877929688,6.223999977111816,26.56999969482422,7557.0,29901.75,3023.5,62575.0,79.70999908447266,95.98999786376952,108.63999938964844,15.8100004196167,88.80000305175781,65.3975,31.90999984741211,24.989999771118164,93.13999938964844,744.780029296875,712.5999755859375,297.5799865722656
2026-07-03T18:30:56,4187.2998046875,378.1300048828125,94.12000274658205,85.51000213623047,108.33000183105467,81.94000244140625,91.44000244140624,28.34000015258789,1.1440337896347046,161.33700561523438,6.770199775695801,68.77999877929688,6.223999977111816,26.56999969482422,7557.0,29901.75,3023.5,62554.80078125,79.70999908447266,95.98999786376952,108.63999938964844,15.8100004196167,88.80000305175781,65.3975,31.90999984741211,24.989999771118164,93.13999938964844,744.780029296875,712.5999755859375,297.5799865722656
2026-07-03T18:45:24,4187.2998046875,378.1300048828125,94.12000274658205,85.51000213623047,108.33000183105467,81.94000244140625,91.44000244140624,28.34000015258789,1.1440337896347046,161.33700561523438,6.770199775695801,68.77999877929688,6.223999977111816,26.56999969482422,7557.0,29901.75,3023.5,62565.5,79.70999908447266,95.98999786376952,108.63999938964844,15.8100004196167,88.80000305175781,65.3975,31.90999984741211,24.989999771118164,93.13999938964844,744.780029296875,712.5999755859375,297.5799865722656
2026-07-03T19:03:56,4187.2998046875,378.1300048828125,94.12000274658205,85.51000213623047,108.33000183105467,81.94000244140625,91.44000244140624,28.34000015258789,1.1440337896347046,161.33700561523438,6.770199775695801,68.77999877929688,6.223999977111816,26.56999969482422,7557.0,29901.75,3023.5,62530.171875,79.70999908447266,95.98999786376952,108.63999938964844,15.8100004196167,88.80000305175781,65.3975,31.90999984741211,24.989999771118164,93.13999938964844,744.780029296875,712.5999755859375,297.5799865722656
2026-07-03T19:15:24,4187.2998046875,378.1300048828125,94.12000274658205,85.51000213623047,108.33000183105467,81.94000244140625,91.44000244140624,28.34000015258789,1.1440337896347046,161.33700561523438,6.770199775695801,68.77999877929688,6.223999977111816,26.56999969482422,7557.0,29901.75,3023.5,62496.6796875,79.70999908447266,95.98999786376952,108.63999938964844,15.8100004196167,88.80000305175781,65.3975,31.90999984741211,24.989999771118164,93.13999938964844,744.780029296875,712.5999755859375,297.5799865722656
2026-07-03T19:30:55,4187.2998046875,378.1300048828125,94.12000274658205,85.51000213623047,108.33000183105467,81.94000244140625,91.44000244140624,28.34000015258789,1.1440337896347046,161.33700561523438,6.770199775695801,68.77999877929688,6.223999977111816,26.56999969482422,7557.0,29901.75,3023.5,62587.359375,79.70999908447266,95.98999786376952,108.63999938964844,15.8100004196167,88.80000305175781,65.3975,31.90999984741211,24.989999771118164,93.13999938964844,744.780029296875,712.5999755859375,297.5799865722656
2026-07-03T19:45:23,4187.2998046875,378.1300048828125,94.12000274658205,85.51000213623047,108.33000183105467,81.94000244140625,91.44000244140624,28.34000015258789,1.1440337896347046,161.33700561523438,6.770199775695801,68.77999877929688,6.223999977111816,26.56999969482422,7557.0,29901.75,3023.5,62622.1484375,79.70999908447266,95.98999786376952,108.63999938964844,15.8100004196167,88.80000305175781,65.3975,31.90999984741211,24.989999771118164,93.13999938964844,744.780029296875,712.5999755859375,297.5799865722656
2026-07-03T20:03:50,4187.2998046875,378.1300048828125,94.12000274658205,85.51000213623047,108.33000183105467,81.94000244140625,91.44000244140624,28.34000015258789,1.1440337896347046,161.33700561523438,6.770199775695801,68.77999877929688,6.223999977111816,26.56999969482422,7557.0,29901.75,3023.5,62538.0,79.70999908447266,95.98999786376952,108.63999938964844,15.8100004196167,88.80000305175781,65.3975,31.90999984741211,24.989999771118164,93.13999938964844,744.780029296875,712.5999755859375,297.5799865722656
2026-07-03T20:15:31,4187.2998046875,378.1300048828125,94.12000274658205,85.51000213623047,108.33000183105467,81.94000244140625,91.44000244140624,28.34000015258789,1.1440337896347046,161.33700561523438,6.770199775695801,68.77999877929688,6.223999977111816,26.56999969482422,7557.0,29901.75,3023.5,62778.01171875,79.70999908447266,95.98999786376952,108.63999938964844,15.8100004196167,88.80000305175781,65.3975,31.90999984741211,24.989999771118164,93.13999938964844,744.780029296875,712.5999755859375,297.5799865722656
2026-07-03T20:31:02,4187.2998046875,378.1300048828125,94.12000274658205,85.51000213623047,108.33000183105467,81.94000244140625,91.44000244140624,28.34000015258789,1.1440337896347046,161.33700561523438,6.770199775695801,68.77999877929688,6.223999977111816,26.56999969482422,7557.0,29901.75,3023.5,62723.859375,79.70999908447266,95.98999786376952,108.63999938964844,15.8100004196167,88.80000305175781,65.3975,31.90999984741211,24.989999771118164,93.13999938964844,744.780029296875,712.5999755859375,297.5799865722656
2026-07-03T20:45:33,4187.2998046875,378.1300048828125,94.12000274658205,85.51000213623047,108.33000183105467,81.94000244140625,91.44000244140624,28.34000015258789,1.1440337896347046,161.33700561523438,6.770199775695801,68.77999877929688,6.223999977111816,26.56999969482422,7557.0,29901.75,3023.5,62666.5390625,79.70999908447266,95.98999786376952,108.63999938964844,15.8100004196167,88.80000305175781,65.3975,31.90999984741211,24.989999771118164,93.13999938964844,744.780029296875,712.5999755859375,297.5799865722656
2026-07-03T21:04:06,4187.2998046875,378.1300048828125,94.12000274658205,85.51000213623047,108.33000183105467,81.94000244140625,91.44000244140624,28.34000015258789,1.1440337896347046,161.33700561523438,6.770199775695801,68.77999877929688,6.223999977111816,26.56999969482422,7557.0,29901.75,3023.5,62511.6796875,79.70999908447266,95.98999786376952,108.63999938964844,15.8100004196167,88.80000305175781,65.3975,31.90999984741211,24.989999771118164,93.13999938964844,744.780029296875,712.5999755859375,297.5799865722656
2026-07-03T21:15:39,4187.2998046875,378.1300048828125,94.12000274658205,85.51000213623047,108.33000183105467,81.94000244140625,91.44000244140624,28.34000015258789,1.1440337896347046,161.33700561523438,6.770199775695801,68.77999877929688,6.223999977111816,26.56999969482422,7557.0,29901.75,3023.5,62428.0,79.70999908447266,95.98999786376952,108.63999938964844,15.8100004196167,88.80000305175781,65.3975,31.90999984741211,24.989999771118164,93.13999938964844,744.780029296875,712.5999755859375,297.5799865722656
2026-07-03T21:30:09,4187.2998046875,378.1300048828125,94.12000274658205,85.51000213623047,108.33000183105467,81.94000244140625,91.44000244140624,28.34000015258789,1.1440337896347046,161.33700561523438,6.770199775695801,68.77999877929688,6.223999977111816,26.56999969482422,7557.0,29901.75,3023.5,62435.08984375,79.70999908447266,95.98999786376952,108.63999938964844,15.8100004196167,88.80000305175781,65.3975,31.90999984741211,24.989999771118164,93.13999938964844,744.780029296875,712.5999755859375,297.5799865722656
2026-07-03T21:45:39,4187.2998046875,378.1300048828125,94.12000274658205,85.51000213623047,108.33000183105467,81.94000244140625,91.44000244140624,28.34000015258789,1.1440337896347046,161.33700561523438,6.770199775695801,68.77999877929688,6.223999977111816,26.56999969482422,7557.0,29901.75,3023.5,62405.51171875,79.70999908447266,95.98999786376952,108.63999938964844,15.8100004196167,88.80000305175781,65.3975,31.90999984741211,24.989999771118164,93.13999938964844,744.780029296875,712.5999755859375,297.5799865722656
2026-07-03T22:00:10,4187.2998046875,378.1300048828125,94.12000274658205,85.51000213623047,108.33000183105467,81.94000244140625,91.44000244140624,28.34000015258789,1.1440337896347046,161.33700561523438,6.770199775695801,68.77999877929688,6.223999977111816,26.56999969482422,7557.0,29901.75,3023.5,62423.640625,79.70999908447266,95.98999786376952,108.63999938964844,15.8100004196167,88.80000305175781,65.3975,31.90999984741211,24.989999771118164,93.13999938964844,744.780029296875,712.5999755859375,297.5799865722656
2026-07-03T22:15:39,4187.2998046875,378.1300048828125,94.12000274658205,85.51000213623047,108.33000183105467,81.94000244140625,91.44000244140624,28.34000015258789,1.1440337896347046,161.33700561523438,6.770199775695801,68.77999877929688,6.223999977111816,26.56999969482422,7557.0,29901.75,3023.5,62462.53125,79.70999908447266,95.98999786376952,108.63999938964844,15.8100004196167,88.80000305175781,65.3975,31.90999984741211,24.989999771118164,93.13999938964844,744.780029296875,712.5999755859375,297.5799865722656
2026-07-03T22:30:10,4187.2998046875,378.1300048828125,94.12000274658205,85.51000213623047,108.33000183105467,81.94000244140625,91.44000244140624,28.34000015258789,1.1440337896347046,161.33700561523438,6.770199775695801,68.77999877929688,6.223999977111816,26.56999969482422,7557.0,29901.75,3023.5,62416.19921875,79.70999908447266,95.98999786376952,108.63999938964844,15.8100004196167,88.80000305175781,65.3975,31.90999984741211,24.989999771118164,93.13999938964844,744.780029296875,712.5999755859375,297.5799865722656
2026-07-03T22:45:42,4187.2998046875,378.1300048828125,94.12000274658205,85.51000213623047,108.33000183105467,81.94000244140625,91.44000244140624,28.34000015258789,1.1440337896347046,161.33700561523438,6.770199775695801,68.77999877929688,6.223999977111816,26.56999969482422,7557.0,29901.75,3023.5,62455.73046875,79.70999908447266,95.98999786376952,108.63999938964844,15.8100004196167,88.80000305175781,65.3975,31.90999984741211,24.989999771118164,93.13999938964844,744.780029296875,712.5999755859375,297.5799865722656
2026-07-03T23:00:10,4187.2998046875,378.1300048828125,94.12000274658205,85.51000213623047,108.33000183105467,81.94000244140625,91.44000244140624,28.34000015258789,1.1440337896347046,161.33700561523438,6.770199775695801,68.77999877929688,6.223999977111816,26.56999969482422,7557.0,29901.75,3023.5,62491.05078125,79.70999908447266,95.98999786376952,108.63999938964844,15.8100004196167,88.80000305175781,65.3975,31.90999984741211,24.989999771118164,93.13999938964844,744.780029296875,712.5999755859375,297.5799865722656
2026-07-03T23:15:37,4187.2998046875,378.1300048828125,94.12000274658205,85.51000213623047,108.33000183105467,81.94000244140625,91.44000244140624,28.34000015258789,1.1440337896347046,161.33700561523438,6.770199775695801,68.77999877929688,6.223999977111816,26.56999969482422,7557.0,29901.75,3023.5,62499.62890625,79.70999908447266,95.98999786376952,108.63999938964844,15.8100004196167,88.80000305175781,65.3975,31.90999984741211,24.989999771118164,93.13999938964844,744.780029296875,712.5999755859375,297.5799865722656
2026-07-03T23:31:07,4187.2998046875,378.1300048828125,94.12000274658205,85.51000213623047,108.33000183105467,81.94000244140625,91.44000244140624,28.34000015258789,1.1440337896347046,161.33700561523438,6.770199775695801,68.77999877929688,6.223999977111816,26.56999969482422,7557.0,29901.75,3023.5,62478.94921875,79.70999908447266,95.98999786376952,108.63999938964844,15.8100004196167,88.80000305175781,65.3975,31.90999984741211,24.989999771118164,93.13999938964844,744.780029296875,712.5999755859375,297.5799865722656
2026-07-03T23:45:35,4187.2998046875,378.1300048828125,94.12000274658205,85.51000213623047,108.33000183105467,81.94000244140625,91.44000244140624,28.34000015258789,1.1440337896347046,161.33700561523438,6.770199775695801,68.77999877929688,6.223999977111816,26.56999969482422,7557.0,29901.75,3023.5,62643.2109375,79.70999908447266,95.98999786376952,108.63999938964844,15.8100004196167,88.80000305175781,65.3975,31.90999984741211,24.989999771118164,93.13999938964844,744.780029296875,712.5999755859375,297.5799865722656
2026-07-04T00:01:03,4187.2998046875,378.1300048828125,94.12000274658205,85.51000213623047,108.33000183105467,81.94000244140625,91.44000244140624,28.34000015258789,1.1440337896347046,161.33700561523438,6.770199775695801,68.77999877929688,6.223999977111816,26.56999969482422,7557.0,29901.75,3023.5,62577.05859375,79.70999908447266,95.98999786376952,108.63999938964844,15.8100004196167,88.80000305175781,65.3975,31.90999984741211,24.989999771118164,93.13999938964844,744.780029296875,712.5999755859375,297.5799865722656
2026-07-04T00:15:34,4187.2998046875,378.1300048828125,94.12000274658205,85.51000213623047,108.33000183105467,81.94000244140625,91.44000244140624,28.34000015258789,1.1440337896347046,161.33700561523438,6.770199775695801,68.77999877929688,6.223999977111816,26.56999969482422,7557.0,29901.75,3023.5,62577.2890625,79.70999908447266,95.98999786376952,108.63999938964844,15.8100004196167,88.80000305175781,65.3975,31.90999984741211,24.989999771118164,93.13999938964844,744.780029296875,712.5999755859375,297.5799865722656
2026-07-04T00:31:03,4187.2998046875,378.1300048828125,94.12000274658205,85.51000213623047,108.33000183105467,81.94000244140625,91.44000244140624,28.34000015258789,1.1440337896347046,161.33700561523438,6.770199775695801,68.77999877929688,6.223999977111816,26.56999969482422,7557.0,29901.75,3023.5,62604.1796875,79.70999908447266,95.98999786376952,108.63999938964844,15.8100004196167,88.80000305175781,65.3975,31.90999984741211,24.989999771118164,93.13999938964844,744.780029296875,712.5999755859375,297.5799865722656
2026-07-04T00:45:35,4187.2998046875,378.1300048828125,94.12000274658205,85.51000213623047,108.33000183105467,81.94000244140625,91.44000244140624,28.34000015258789,1.1440337896347046,161.33700561523438,6.770199775695801,68.77999877929688,6.223999977111816,26.56999969482422,7557.0,29901.75,3023.5,62640.48828125,79.70999908447266,95.98999786376952,108.63999938964844,15.8100004196167,88.80000305175781,65.3975,31.90999984741211,24.989999771118164,93.13999938964844,744.780029296875,712.5999755859375,297.5799865722656
2026-07-04T01:01:04,4187.2998046875,378.1300048828125,94.12000274658205,85.51000213623047,108.33000183105467,81.94000244140625,91.44000244140624,28.34000015258789,1.1440337896347046,161.33700561523438,6.770199775695801,68.77999877929688,6.223999977111816,26.56999969482422,7557.0,29901.75,3023.5,62571.171875,79.70999908447266,95.98999786376952,108.63999938964844,15.81,88.80000305175781,65.3975,31.90999984741211,24.989999771118164,93.13999938964844,744.780029296875,712.5999755859375,297.5799865722656
2026-07-04T01:15:32,4187.2998046875,378.1300048828125,94.12000274658205,85.51000213623047,108.33000183105467,81.94000244140625,91.44000244140624,28.34000015258789,1.1440337896347046,161.33700561523438,6.770199775695801,68.77999877929688,6.223999977111816,26.56999969482422,7557.0,29901.75,3023.5,62521.83984375,79.70999908447266,95.98999786376952,108.63999938964844,15.81,88.80000305175781,65.3975,31.90999984741211,24.989999771118164,93.13999938964844,744.780029296875,712.5999755859375,297.5799865722656
2026-07-04T01:31:00,4187.2998046875,378.1300048828125,94.12000274658205,85.51000213623047,108.33000183105467,81.94000244140625,91.44000244140624,28.34000015258789,1.1440337896347046,161.33700561523438,6.770199775695801,68.77999877929688,6.223999977111816,26.56999969482422,7557.0,29901.75,3023.5,62450.66015625,79.70999908447266,95.98999786376952,108.63999938964844,15.81,88.80000305175781,65.3975,31.90999984741211,24.989999771118164,93.13999938964844,744.780029296875,712.5999755859375,297.5799865722656
2026-07-04T01:45:31,4187.2998046875,378.1300048828125,94.12000274658205,85.51000213623047,108.33000183105467,81.94000244140625,91.44000244140624,28.34000015258789,1.1440337896347046,161.33700561523438,6.770199775695801,68.77999877929688,6.223999977111816,26.56999969482422,7557.0,29901.75,3023.5,62527.078125,79.70999908447266,95.98999786376952,108.63999938964844,15.81,88.80000305175781,65.3975,31.90999984741211,24.989999771118164,93.13999938964844,744.780029296875,712.5999755859375,297.5799865722656
2026-07-04T02:01:03,4187.2998046875,378.1300048828125,94.12000274658205,85.51000213623047,108.33000183105467,81.94000244140625,91.44000244140624,28.34000015258789,1.1440337896347046,161.33700561523438,6.770199775695801,68.77999877929688,6.223999977111816,26.56999969482422,7557.0,29901.75,3023.5,62425.4296875,79.70999908447266,95.98999786376952,108.63999938964844,15.81,88.80000305175781,65.3975,31.90999984741211,24.989999771118164,93.13999938964844,744.780029296875,712.5999755859375,297.5799865722656
2026-07-04T02:15:33,4187.2998046875,378.1300048828125,94.12000274658205,85.51000213623047,108.33000183105467,81.94000244140625,91.44000244140624,28.34000015258789,1.1440337896347046,161.33700561523438,6.770199775695801,68.77999877929688,6.223999977111816,26.56999969482422,7557.0,29901.75,3023.5,62388.37109375,79.70999908447266,95.98999786376952,108.63999938964844,15.81,88.80000305175781,65.3975,31.90999984741211,24.989999771118164,93.13999938964844,744.780029296875,712.5999755859375,297.5799865722656
2026-07-04T02:31:03,4187.2998046875,378.1300048828125,94.12000274658205,85.51000213623047,108.33000183105467,81.94000244140625,91.44000244140624,28.34000015258789,1.1440337896347046,161.33700561523438,6.770199775695801,68.77999877929688,6.223999977111816,26.56999969482422,7557.0,29901.75,3023.5,62437.73828125,79.70999908447266,95.98999786376952,108.63999938964844,15.81,88.80000305175781,65.3975,31.90999984741211,24.989999771118164,93.13999938964844,744.780029296875,712.5999755859375,297.5799865722656
2026-07-04T02:45:35,4187.2998046875,378.1300048828125,94.12000274658205,85.51000213623047,108.33000183105467,81.94000244140625,91.44000244140624,28.34000015258789,1.1440337896347046,161.33700561523438,6.770199775695801,68.77999877929688,6.223999977111816,26.56999969482422,7557.0,29901.75,3023.5,62403.96875,79.70999908447266,95.98999786376952,108.63999938964844,15.81,88.80000305175781,65.3975,31.90999984741211,24.989999771118164,93.13999938964844,744.780029296875,712.5999755859375,297.5799865722656
2026-07-04T03:01:03,4187.2998046875,378.1300048828125,94.12000274658205,85.51000213623047,108.33000183105467,81.94000244140625,91.44000244140624,28.34000015258789,1.1440337896347046,161.33700561523438,6.770199775695801,68.77999877929688,6.223999977111816,26.56999969482422,7557.0,29901.75,3023.5,62429.26171875,79.70999908447266,95.98999786376952,108.63999938964844,15.81,88.80000305175781,65.3975,31.90999984741211,24.989999771118164,93.13999938964844,744.780029296875,712.5999755859375,297.5799865722656
2026-07-04T03:15:36,4187.2998046875,378.1300048828125,94.12000274658205,85.51000213623047,108.33000183105467,81.94000244140625,91.44000244140624,28.34000015258789,1.1440337896347046,161.33700561523438,6.770199775695801,68.77999877929688,6.223999977111816,26.56999969482422,7557.0,29901.75,3023.5,62460.921875,79.70999908447266,95.98999786376952,108.63999938964844,15.81,88.80000305175781,65.3975,31.90999984741211,24.989999771118164,93.13999938964844,744.780029296875,712.5999755859375,297.5799865722656
2026-07-04T03:31:06,4187.2998046875,378.1300048828125,94.12000274658205,85.51000213623047,108.33000183105467,81.94000244140625,91.44000244140624,28.34000015258789,1.1440337896347046,161.33700561523438,6.770199775695801,68.77999877929688,6.223999977111816,26.56999969482422,7557.0,29901.75,3023.5,62486.8203125,79.70999908447266,95.98999786376952,108.63999938964844,15.81,88.80000305175781,65.3975,31.90999984741211,24.989999771118164,93.13999938964844,744.780029296875,712.5999755859375,297.5799865722656
2026-07-04T03:45:34,4187.2998046875,378.1300048828125,94.12000274658205,85.51000213623047,108.33000183105467,81.94000244140625,91.44000244140624,28.34000015258789,1.1440337896347046,161.33700561523438,6.770199775695801,68.77999877929688,6.223999977111816,26.56999969482422,7557.0,29901.75,3023.5,62443.98828125,79.70999908447266,95.98999786376952,108.63999938964844,15.81,88.80000305175781,65.3975,31.90999984741211,24.989999771118164,93.13999938964844,744.780029296875,712.5999755859375,297.5799865722656
2026-07-04T04:01:05,4187.2998046875,378.1300048828125,94.12000274658205,85.51000213623047,108.33000183105467,81.94000244140625,91.44000244140624,28.34000015258789,1.1440337896347046,161.33700561523438,6.770199775695801,68.77999877929688,6.223999977111816,26.56999969482422,7557.0,29901.75,3023.5,62493.78125,79.70999908447266,95.98999786376952,108.63999938964844,15.81,88.80000305175781,65.3975,31.90999984741211,24.989999771118164,93.13999938964844,744.780029296875,712.5999755859375,297.5799865722656
2026-07-04T04:15:33,4187.2998046875,378.1300048828125,94.12000274658205,85.51000213623047,108.33000183105467,81.94000244140625,91.44000244140624,28.34000015258789,1.1440337896347046,161.33700561523438,6.770199775695801,68.77999877929688,6.223999977111816,26.56999969482422,7557.0,29901.75,3023.5,62471.640625,79.70999908447266,95.98999786376952,108.63999938964844,15.81,88.80000305175781,65.3975,31.90999984741211,24.989999771118164,93.13999938964844,744.780029296875,712.5999755859375,297.5799865722656
2026-07-04T04:31:03,4187.2998046875,378.1300048828125,94.12000274658205,85.51000213623047,108.33000183105467,81.94000244140625,91.44000244140624,28.34000015258789,1.1440337896347046,161.33700561523438,6.770199775695801,68.77999877929688,6.223999977111816,26.56999969482422,7557.0,29901.75,3023.5,62493.328125,79.70999908447266,95.98999786376952,108.63999938964844,15.81,88.80000305175781,65.3975,31.90999984741211,24.989999771118164,93.13999938964844,744.780029296875,712.5999755859375,297.5799865722656
2026-07-04T04:45:32,4187.2998046875,378.1300048828125,94.12000274658205,85.51000213623047,108.33000183105467,81.94000244140625,91.44000244140624,28.34000015258789,1.1440337896347046,161.33700561523438,6.770199775695801,68.77999877929688,6.223999977111816,26.56999969482422,7557.0,29901.75,3023.5,62542.46875,79.70999908447266,95.98999786376952,108.63999938964844,15.81,88.80000305175781,65.3975,31.90999984741211,24.989999771118164,93.13999938964844,744.780029296875,712.5999755859375,297.5799865722656
2026-07-04T05:01:02,4187.2998046875,378.1300048828125,94.12000274658205,85.51000213623047,108.33000183105467,81.94000244140625,91.44000244140624,28.34000015258789,1.1440337896347046,161.33700561523438,6.770199775695801,68.77999877929688,6.223999977111816,26.56999969482422,7557.0,29901.75,3023.5,62472.23046875,79.70999908447266,95.98999786376952,108.63999938964844,15.81,88.80000305175781,65.3975,31.90999984741211,24.989999771118164,93.13999938964844,744.780029296875,712.5999755859375,297.5799865722656
2026-07-04T05:15:30,4187.2998046875,378.1300048828125,94.12000274658205,85.51000213623047,108.33000183105467,81.94000244140625,91.44000244140624,28.34000015258789,1.1440337896347046,161.33700561523438,6.770199775695801,68.77999877929688,6.223999977111816,26.56999969482422,7557.0,29901.75,3023.5,62422.359375,79.70999908447266,95.98999786376952,108.63999938964844,15.81,88.80000305175781,65.3975,31.90999984741211,24.989999771118164,93.13999938964844,744.780029296875,712.5999755859375,297.5799865722656
2026-07-04T05:31:01,4187.2998046875,378.1300048828125,94.12000274658205,85.51000213623047,108.33000183105467,81.94000244140625,91.44000244140624,28.34000015258789,1.1440337896347046,161.33700561523438,6.770199775695801,68.77999877929688,6.223999977111816,26.56999969482422,7557.0,29901.75,3023.5,62414.3984375,79.70999908447266,95.98999786376952,108.63999938964844,15.81,88.80000305175781,65.3975,31.90999984741211,24.989999771118164,93.13999938964844,744.780029296875,712.5999755859375,297.5799865722656
2026-07-04T05:45:28,4187.2998046875,378.1300048828125,94.12000274658205,85.51000213623047,108.33000183105467,81.94000244140625,91.44000244140624,28.34000015258789,1.1440337896347046,161.33700561523438,6.770199775695801,68.77999877929688,6.223999977111816,26.56999969482422,7557.0,29901.75,3023.5,62402.94921875,79.70999908447266,95.98999786376952,108.63999938964844,15.81,88.80000305175781,65.3975,31.90999984741211,24.989999771118164,93.13999938964844,744.780029296875,712.5999755859375,297.5799865722656
2026-07-04T06:03:58,4187.2998046875,378.1300048828125,94.12000274658205,85.51000213623047,108.33000183105467,81.94000244140625,91.44000244140624,28.34000015258789,1.1440337896347046,161.33700561523438,6.770199775695801,68.77999877929688,6.223999977111816,26.56999969482422,7557.0,29901.75,3023.5,62412.51953125,79.70999908447266,95.98999786376952,108.63999938964844,15.81,88.80000305175781,65.3975,31.90999984741211,24.989999771118164,93.13999938964844,744.780029296875,712.5999755859375,297.5799865722656
2026-07-04T06:15:26,4187.2998046875,378.1300048828125,94.12000274658205,85.51000213623047,108.33000183105467,81.94000244140625,91.44000244140624,28.34000015258789,1.1440337896347046,161.33700561523438,6.770199775695801,68.77999877929688,6.223999977111816,26.56999969482422,7557.0,29901.75,3023.5,62401.5390625,79.70999908447266,95.98999786376952,108.63999938964844,15.81,88.80000305175781,65.3975,31.90999984741211,24.989999771118164,93.13999938964844,744.780029296875,712.5999755859375,297.5799865722656
2026-07-04T06:30:58,4187.2998046875,378.1300048828125,94.12000274658205,85.51000213623047,108.33000183105467,81.94000244140625,91.44000244140624,28.34000015258789,1.1440337896347046,161.33700561523438,6.770199775695801,68.77999877929688,6.223999977111816,26.56999969482422,7557.0,29901.75,3023.5,62431.58984375,79.70999908447266,95.98999786376952,108.63999938964844,15.81,88.80000305175781,65.3975,31.90999984741211,24.989999771118164,93.13999938964844,744.780029296875,712.5999755859375,297.5799865722656
2026-07-04T06:45:28,4187.2998046875,378.1300048828125,94.12000274658205,85.51000213623047,108.33000183105467,81.94000244140625,91.44000244140624,28.34000015258789,1.1440337896347046,161.33700561523438,6.770199775695801,68.77999877929688,6.223999977111816,26.56999969482422,7557.0,29901.75,3023.5,62429.26171875,79.70999908447266,95.98999786376952,108.63999938964844,15.81,88.80000305175781,65.3975,31.90999984741211,24.989999771118164,93.13999938964844,744.780029296875,712.5999755859375,297.5799865722656
2026-07-04T07:03:57,4187.2998046875,378.1300048828125,94.12000274658205,85.51000213623047,108.33000183105467,81.94000244140625,91.44000244140624,28.34000015258789,1.1440337896347046,161.33700561523438,6.770199775695801,68.77999877929688,6.223999977111816,26.56999969482422,7557.0,29901.75,3023.5,62430.3515625,79.70999908447266,95.98999786376952,108.63999938964844,15.81,88.80000305175781,65.3975,31.90999984741211,24.989999771118164,93.13999938964844,744.780029296875,712.5999755859375,297.5799865722656
2026-07-04T07:15:28,4187.2998046875,378.1300048828125,94.12000274658205,85.51000213623047,108.33000183105467,81.94000244140625,91.44000244140624,28.34000015258789,1.1440337896347046,161.33700561523438,6.770199775695801,68.77999877929688,6.223999977111816,26.56999969482422,7557.0,29901.75,3023.5,62477.7890625,79.70999908447266,95.98999786376952,108.63999938964844,15.81,88.80000305175781,65.3975,31.90999984741211,24.989999771118164,93.13999938964844,744.780029296875,712.5999755859375,297.5799865722656
2026-07-04T07:30:55,4187.2998046875,378.1300048828125,94.12000274658205,85.51000213623047,108.33000183105467,81.94000244140625,91.44000244140624,28.34000015258789,1.1440337896347046,161.33700561523438,6.770199775695801,68.77999877929688,6.223999977111816,26.56999969482422,7557.0,29901.75,3023.5,62422.62890625,79.70999908447266,95.98999786376952,108.63999938964844,15.81,88.80000305175781,65.3975,31.90999984741211,24.989999771118164,93.13999938964844,744.780029296875,712.5999755859375,297.5799865722656
2026-07-04T07:45:23,4187.2998046875,378.1300048828125,94.12000274658205,85.51000213623047,108.33000183105467,81.94000244140625,91.44000244140624,28.34000015258789,1.1440337896347046,161.33700561523438,6.770199775695801,68.77999877929688,6.223999977111816,26.56999969482422,7557.0,29901.75,3023.5,62422.08984375,79.70999908447266,95.98999786376952,108.63999938964844,15.81,88.80000305175781,65.3975,31.90999984741211,24.989999771118164,93.13999938964844,744.780029296875,712.5999755859375,297.5799865722656
2026-07-04T08:00:53,4187.2998046875,378.1300048828125,94.12000274658205,85.51000213623047,108.33000183105467,81.94000244140625,91.44000244140624,28.34000015258789,1.1440337896347046,161.33700561523438,6.770199775695801,68.77999877929688,6.223999977111816,26.56999969482422,7557.0,29901.75,3023.5,62456.53125,79.70999908447266,95.98999786376952,108.63999938964844,15.81,88.80000305175781,65.3975,31.90999984741211,24.989999771118164,93.13999938964844,744.780029296875,712.5999755859375,297.5799865722656
2026-07-04T08:15:23,4187.2998046875,378.1300048828125,94.12000274658205,85.51000213623047,108.33000183105467,81.94000244140625,91.44000244140624,28.34000015258789,1.1440337896347046,161.33700561523438,6.770199775695801,68.77999877929688,6.223999977111816,26.56999969482422,7557.0,29901.75,3023.5,62512.78125,79.70999908447266,95.98999786376952,108.63999938964844,15.81,88.80000305175781,65.3975,31.90999984741211,24.989999771118164,93.13999938964844,744.780029296875,712.5999755859375,297.5799865722656
2026-07-04T08:30:55,4187.2998046875,378.1300048828125,94.12000274658205,85.51000213623047,108.33000183105467,81.94000244140625,91.44000244140624,28.34000015258789,1.1440337896347046,161.33700561523438,6.770199775695801,68.77999877929688,6.223999977111816,26.56999969482422,7557.0,29901.75,3023.5,62538.9609375,79.70999908447266,95.98999786376952,108.63999938964844,15.81,88.80000305175781,65.3975,31.90999984741211,24.989999771118164,93.13999938964844,744.780029296875,712.5999755859375,297.5799865722656
2026-07-04T08:45:24,4187.2998046875,378.1300048828125,94.12000274658205,85.51000213623047,108.33000183105467,81.94000244140625,91.44000244140624,28.34000015258789,1.1440337896347046,161.33700561523438,6.770199775695801,68.77999877929688,6.223999977111816,26.56999969482422,7557.0,29901.75,3023.5,62565.71875,79.70999908447266,95.98999786376952,108.63999938964844,15.81,88.80000305175781,65.3975,31.90999984741211,24.989999771118164,93.13999938964844,744.780029296875,712.5999755859375,297.5799865722656
2026-07-04T09:00:53,4187.2998046875,378.1300048828125,94.12000274658205,85.51000213623047,108.33000183105467,81.94000244140625,91.44000244140624,28.34000015258789,1.1440337896347046,161.33700561523438,6.770199775695801,68.77999877929688,6.223999977111816,26.56999969482422,7557.0,29901.75,3023.5,62579.7890625,79.70999908447266,95.98999786376952,108.63999938964844,15.81,88.80000305175781,65.3975,31.90999984741211,24.989999771118164,93.13999938964844,744.780029296875,712.5999755859375,297.5799865722656
2026-07-04T09:15:22,4187.2998046875,378.1300048828125,94.12000274658205,85.51000213623047,108.33000183105467,81.94000244140625,91.44000244140624,28.34000015258789,1.1440337896347046,161.33700561523438,6.770199775695801,68.77999877929688,6.223999977111816,26.56999969482422,7557.0,29901.75,3023.5,62561.0390625,79.70999908447266,95.98999786376952,108.63999938964844,15.81,88.80000305175781,65.3975,31.90999984741211,24.989999771118164,93.13999938964844,744.780029296875,712.5999755859375,297.5799865722656
2026-07-04T09:30:52,4187.2998046875,378.1300048828125,94.12000274658205,85.51000213623047,108.33000183105467,81.94000244140625,91.44000244140624,28.34000015258789,1.1440337896347046,161.33700561523438,6.770199775695801,68.77999877929688,6.223999977111816,26.56999969482422,7557.0,29901.75,3023.5,62559.03125,79.70999908447266,95.98999786376952,108.63999938964844,15.81,88.80000305175781,65.3975,31.90999984741211,24.989999771118164,93.13999938964844,744.780029296875,712.5999755859375,297.5799865722656
2026-07-04T09:45:24,4187.2998046875,378.1300048828125,94.12000274658205,85.51000213623047,108.33000183105467,81.94000244140625,91.44000244140624,28.34000015258789,1.1440337896347046,161.33700561523438,6.770199775695801,68.77999877929688,6.223999977111816,26.56999969482422,7557.0,29901.75,3023.5,62491.9609375,79.70999908447266,95.98999786376952,108.63999938964844,15.81,88.80000305175781,65.3975,31.90999984741211,24.989999771118164,93.13999938964844,744.780029296875,712.5999755859375,297.5799865722656
2026-07-04T10:00:56,4187.2998046875,378.1300048828125,94.12000274658205,85.51000213623047,108.33000183105467,81.94000244140625,91.44000244140624,28.34000015258789,1.1440337896347046,161.33700561523438,6.770199775695801,68.77999877929688,6.223999977111816,26.56999969482422,7557.0,29901.75,3023.5,62557.87109375,79.70999908447266,95.98999786376952,108.63999938964844,15.81,88.80000305175781,65.3975,31.90999984741211,24.989999771118164,93.13999938964844,744.780029296875,712.5999755859375,297.5799865722656
2026-07-04T10:15:23,4187.2998046875,378.1300048828125,94.12000274658205,85.51000213623047,108.33000183105467,81.94000244140625,91.44000244140624,28.34000015258789,1.1440337896347046,161.33700561523438,6.770199775695801,68.77999877929688,6.223999977111816,26.56999969482422,7557.0,29901.75,3023.5,62617.21875,79.70999908447266,95.98999786376952,108.63999938964844,15.81,88.80000305175781,65.3975,31.90999984741211,24.989999771118164,93.13999938964844,744.780029296875,712.5999755859375,297.5799865722656
2026-07-04T10:30:50,4187.2998046875,378.1300048828125,94.12000274658205,85.51000213623047,108.33000183105467,81.94000244140625,91.44000244140624,28.34000015258789,1.1440337896347046,161.33700561523438,6.770199775695801,68.77999877929688,6.223999977111816,26.56999969482422,7557.0,29901.75,3023.5,62604.0,79.70999908447266,95.98999786376952,108.63999938964844,15.81,88.80000305175781,65.3975,31.90999984741211,24.989999771118164,93.13999938964844,744.780029296875,712.5999755859375,297.5799865722656
2026-07-04T10:45:18,4187.2998046875,378.1300048828125,94.12000274658205,85.51000213623047,108.33000183105467,81.94000244140625,91.44000244140624,28.34000015258789,1.1440337896347046,161.33700561523438,6.770199775695801,68.77999877929688,6.223999977111816,26.56999969482422,7557.0,29901.75,3023.5,62630.109375,79.70999908447266,95.98999786376952,108.63999938964844,15.81,88.80000305175781,65.3975,31.90999984741211,24.989999771118164,93.13999938964844,744.780029296875,712.5999755859375,297.5799865722656
2026-07-04T11:00:53,4187.2998046875,378.1300048828125,94.12000274658205,85.51000213623047,108.33000183105467,81.94000244140625,91.44000244140624,28.34000015258789,1.1440337896347046,161.33700561523438,6.770199775695801,68.77999877929688,6.223999977111816,26.56999969482422,7557.0,29901.75,3023.5,62648.828125,79.70999908447266,95.98999786376952,108.63999938964844,15.81,88.80000305175781,65.3975,31.90999984741211,24.989999771118164,93.13999938964844,744.780029296875,712.5999755859375,297.5799865722656
2026-07-04T11:15:23,4187.2998046875,378.1300048828125,94.12000274658205,85.51000213623047,108.33000183105467,81.94000244140625,91.44000244140624,28.34000015258789,1.1440337896347046,161.33700561523438,6.770199775695801,68.77999877929688,6.223999977111816,26.56999969482422,7557.0,29901.75,3023.5,62718.41015625,79.70999908447266,95.98999786376952,108.63999938964844,15.81,88.80000305175781,65.3975,31.90999984741211,24.989999771118164,93.13999938964844,744.780029296875,712.5999755859375,297.5799865722656
2026-07-04T11:30:52,4187.2998046875,378.1300048828125,94.12000274658205,85.51000213623047,108.33000183105467,81.94000244140625,91.44000244140624,28.34000015258789,1.1440337896347046,161.33700561523438,6.770199775695801,68.77999877929688,6.223999977111816,26.56999969482422,7557.0,29901.75,3023.5,62814.12109375,79.70999908447266,95.98999786376952,108.63999938964844,15.81,88.80000305175781,65.3975,31.90999984741211,24.989999771118164,93.13999938964844,744.780029296875,712.5999755859375,297.5799865722656
2026-07-04T11:45:24,4187.2998046875,378.1300048828125,94.12000274658205,85.51000213623047,108.33000183105467,81.94000244140625,91.44000244140624,28.34000015258789,1.1440337896347046,161.33700561523438,6.770199775695801,68.77999877929688,6.223999977111816,26.56999969482422,7557.0,29901.75,3023.5,62892.75,79.70999908447266,95.98999786376952,108.63999938964844,15.81,88.80000305175781,65.3975,31.90999984741211,24.989999771118164,93.13999938964844,744.780029296875,712.5999755859375,297.5799865722656
2026-07-04T12:06:59,4187.2998046875,378.1300048828125,94.12000274658205,85.51000213623047,108.33000183105467,81.94000244140625,91.44000244140624,28.34000015258789,1.1440337896347046,161.33700561523438,6.770199775695801,68.77999877929688,6.223999977111816,26.56999969482422,7557.0,29901.75,3023.5,62850.46875,79.70999908447266,95.98999786376952,108.63999938964844,15.81,88.80000305175781,65.3975,31.90999984741211,24.989999771118164,93.13999938964844,744.780029296875,712.5999755859375,297.5799865722656
2026-07-04T12:15:31,4187.2998046875,378.1300048828125,94.12000274658205,85.51000213623047,108.33000183105467,81.94000244140625,91.44000244140624,28.34000015258789,1.1440337896347046,161.33700561523438,6.770199775695801,68.77999877929688,6.223999977111816,26.56999969482422,7557.0,29901.75,3023.5,62747.76953125,79.70999908447266,95.98999786376952,108.63999938964844,15.81,88.80000305175781,65.3975,31.90999984741211,24.989999771118164,93.13999938964844,744.780029296875,712.5999755859375,297.5799865722656
2026-07-04T12:31:00,4187.2998046875,378.1300048828125,94.12000274658205,85.51000213623047,108.33000183105467,81.94000244140625,91.44000244140624,28.34000015258789,1.1440337896347046,161.33700561523438,6.770199775695801,68.77999877929688,6.223999977111816,26.56999969482422,7557.0,29901.75,3023.5,62846.390625,79.70999908447266,95.98999786376952,108.63999938964844,15.81,88.80000305175781,65.3975,31.90999984741211,24.989999771118164,93.13999938964844,744.780029296875,712.5999755859375,297.5799865722656
2026-07-04T12:45:31,4187.2998046875,378.1300048828125,94.12000274658205,85.51000213623047,108.33000183105467,81.94000244140625,91.44000244140624,28.34000015258789,1.1440337896347046,161.33700561523438,6.770199775695801,68.77999877929688,6.223999977111816,26.56999969482422,7557.0,29901.75,3023.5,62834.0,79.70999908447266,95.98999786376952,108.63999938964844,15.81,88.80000305175781,65.3975,31.90999984741211,24.989999771118164,93.13999938964844,744.780029296875,712.5999755859375,297.5799865722656
2026-07-04T13:01:07,4187.2998046875,378.1300048828125,94.12000274658205,85.51000213623047,108.33000183105467,81.94000244140625,91.44000244140624,28.34000015258789,1.1440337896347046,161.33700561523438,6.770199775695801,68.77999877929688,6.223999977111816,26.56999969482422,7557.0,29901.75,3023.5,62788.87109375,79.70999908447266,95.98999786376952,108.63999938964844,15.81,88.80000305175781,65.3975,31.90999984741211,24.989999771118164,93.13999938964844,744.780029296875,712.5999755859375,297.5799865722656
2026-07-04T13:15:35,4187.2998046875,378.1300048828125,94.12000274658205,85.51000213623047,108.33000183105467,81.94000244140625,91.44000244140624,28.34000015258789,1.1440337896347046,161.33700561523438,6.770199775695801,68.77999877929688,6.223999977111816,26.56999969482422,7557.0,29901.75,3023.5,62828.33984375,79.70999908447266,95.98999786376952,108.63999938964844,15.81,88.80000305175781,65.3975,31.90999984741211,24.989999771118164,93.13999938964844,744.780029296875,712.5999755859375,297.5799865722656
2026-07-04T13:31:05,4187.2998046875,378.1300048828125,94.12000274658205,85.51000213623047,108.33000183105467,81.94000244140625,91.44000244140624,28.34000015258789,1.1440337896347046,161.33700561523438,6.770199775695801,68.77999877929688,6.223999977111816,26.56999969482422,7557.0,29901.75,3023.5,62958.69921875,79.70999908447266,95.98999786376952,108.63999938964844,15.81,88.80000305175781,65.3975,31.90999984741211,24.989999771118164,93.13999938964844,744.780029296875,712.5999755859375,297.5799865722656
2026-07-04T13:45:32,4187.2998046875,378.1300048828125,94.12000274658205,85.51000213623047,108.33000183105467,81.94000244140625,91.44000244140624,28.34000015258789,1.1440337896347046,161.33700561523438,6.770199775695801,68.77999877929688,6.223999977111816,26.56999969482422,7557.0,29901.75,3023.5,63131.98828125,79.70999908447266,95.98999786376952,108.63999938964844,15.81,88.80000305175781,65.3975,31.90999984741211,24.989999771118164,93.13999938964844,744.780029296875,712.5999755859375,297.5799865722656
2026-07-04T14:01:02,4187.2998046875,378.1300048828125,94.12000274658205,85.51000213623047,108.33000183105467,81.94000244140625,91.44000244140624,28.34000015258789,1.1440337896347046,161.33700561523438,6.770199775695801,68.77999877929688,6.223999977111816,26.56999969482422,7557.0,29901.75,3023.5,63183.12109375,79.70999908447266,95.98999786376952,108.63999938964844,15.81,88.80000305175781,65.3975,31.90999984741211,24.989999771118164,93.13999938964844,744.780029296875,712.5999755859375,297.5799865722656
2026-07-04T14:15:32,4187.2998046875,378.1300048828125,94.12000274658205,85.51000213623047,108.33000183105467,81.94000244140625,91.44000244140624,28.34000015258789,1.1440337896347046,161.33700561523438,6.770199775695801,68.77999877929688,6.223999977111816,26.56999969482422,7557.0,29901.75,3023.5,63291.19140625,79.70999908447266,95.98999786376952,108.63999938964844,15.81,88.80000305175781,65.3975,31.90999984741211,24.989999771118164,93.13999938964844,744.780029296875,712.5999755859375,297.5799865722656
2026-07-04T14:31:02,4187.2998046875,378.1300048828125,94.12000274658205,85.51000213623047,108.33000183105467,81.94000244140625,91.44000244140624,28.34000015258789,1.1440337896347046,161.33700561523438,6.770199775695801,68.77999877929688,6.223999977111816,26.56999969482422,7557.0,29901.75,3023.5,63095.859375,79.70999908447266,95.98999786376952,108.63999938964844,15.81,88.80000305175781,65.3975,31.90999984741211,24.989999771118164,93.13999938964844,744.780029296875,712.5999755859375,297.5799865722656
2026-07-04T14:45:30,4187.2998046875,378.1300048828125,94.12000274658205,85.51000213623047,108.33000183105467,81.94000244140625,91.44000244140624,28.34000015258789,1.1440337896347046,161.33700561523438,6.770199775695801,68.77999877929688,6.223999977111816,26.56999969482422,7557.0,29901.75,3023.5,63088.7890625,79.70999908447266,95.98999786376952,108.63999938964844,15.81,88.80000305175781,65.3975,31.90999984741211,24.989999771118164,93.13999938964844,744.780029296875,712.5999755859375,297.5799865722656
2026-07-04T15:00:58,4187.2998046875,378.1300048828125,94.12000274658205,85.51000213623047,108.33000183105467,81.94000244140625,91.44000244140624,28.34000015258789,1.1440337896347046,161.33700561523438,6.770199775695801,68.77999877929688,6.223999977111816,26.56999969482422,7557.0,29901.75,3023.5,63142.6484375,79.70999908447266,95.98999786376952,108.63999938964844,15.81,88.80000305175781,65.39749908447266,31.90999984741211,24.989999771118164,93.13999938964844,744.780029296875,712.5999755859375,297.5799865722656
2026-07-04T15:15:27,4187.2998046875,378.1300048828125,94.12000274658205,85.51000213623047,108.33000183105467,81.94000244140625,91.44000244140624,28.34000015258789,1.1440337896347046,161.33700561523438,6.770199775695801,68.77999877929688,6.223999977111816,26.56999969482422,7557.0,29901.75,3023.5,63127.9296875,79.70999908447266,95.98999786376952,108.63999938964844,15.81,88.80000305175781,65.3975,31.90999984741211,24.989999771118164,93.13999938964844,744.780029296875,712.5999755859375,297.5799865722656
2026-07-04T15:30:54,4187.2998046875,378.1300048828125,94.12000274658205,85.51000213623047,108.33000183105467,81.94000244140625,91.44000244140624,28.34000015258789,1.1440337896347046,161.33700561523438,6.770199775695801,68.77999877929688,6.223999977111816,26.56999969482422,7557.0,29901.75,3023.5,63281.671875,79.70999908447266,95.98999786376952,108.63999938964844,15.81,88.80000305175781,65.3975,31.90999984741211,24.989999771118164,93.13999938964844,744.780029296875,712.5999755859375,297.5799865722656
2026-07-04T15:45:24,4187.2998046875,378.1300048828125,94.12000274658205,85.51000213623047,108.33000183105467,81.94000244140625,91.44000244140624,28.34000015258789,1.1440337896347046,161.33700561523438,6.770199775695801,68.77999877929688,6.223999977111816,26.56999969482422,7557.0,29901.75,3023.5,63279.1484375,79.70999908447266,95.98999786376952,108.63999938964844,15.81,88.80000305175781,65.3975,31.90999984741211,24.989999771118164,93.13999938964844,744.780029296875,712.5999755859375,297.5799865722656
2026-07-04T16:00:55,4187.2998046875,378.1300048828125,94.12000274658205,85.51000213623047,108.33000183105467,81.94000244140625,91.44000244140624,28.34000015258789,1.1440337896347046,161.33700561523438,6.770199775695801,68.77999877929688,6.223999977111816,26.56999969482422,7557.0,29901.75,3023.5,63244.69140625,79.70999908447266,95.98999786376952,108.63999938964844,15.81,88.80000305175781,65.3975,31.90999984741211,24.989999771118164,93.13999938964844,744.780029296875,712.5999755859375,297.5799865722656
2026-07-04T16:15:24,4187.2998046875,378.1300048828125,94.12000274658205,85.51000213623047,108.33000183105467,81.94000244140625,91.44000244140624,28.34000015258789,1.1440337896347046,161.33700561523438,6.770199775695801,68.77999877929688,6.223999977111816,26.56999969482422,7557.0,29901.75,3023.5,63285.859375,79.70999908447266,95.98999786376952,108.63999938964844,15.81,88.80000305175781,65.3975,31.90999984741211,24.989999771118164,93.13999938964844,744.780029296875,712.5999755859375,297.5799865722656
2026-07-04T16:30:53,4187.2998046875,378.1300048828125,94.12000274658205,85.51000213623047,108.33000183105467,81.94000244140625,91.44000244140624,28.34000015258789,1.1440337896347046,161.33700561523438,6.770199775695801,68.77999877929688,6.223999977111816,26.56999969482422,7557.0,29901.75,3023.5,63122.5,79.70999908447266,95.98999786376952,108.63999938964844,15.81,88.80000305175781,65.3975,31.90999984741211,24.989999771118164,93.13999938964844,744.780029296875,712.5999755859375,297.5799865722656
2026-07-04T16:45:22,4187.2998046875,378.1300048828125,94.12000274658205,85.51000213623047,108.33000183105467,81.94000244140625,91.44000244140624,28.34000015258789,1.1440337896347046,161.33700561523438,6.770199775695801,68.77999877929688,6.223999977111816,26.56999969482422,7557.0,29901.75,3023.5,63249.98828125,79.70999908447266,95.98999786376952,108.63999938964844,15.81,88.80000305175781,65.3975,31.90999984741211,24.989999771118164,93.13999938964844,744.780029296875,712.5999755859375,297.5799865722656
2026-07-04T17:00:50,4187.2998046875,378.1300048828125,94.12000274658205,85.51000213623047,108.33000183105467,81.94000244140625,91.44000244140624,28.34000015258789,1.1440337896347046,161.33700561523438,6.770199775695801,68.77999877929688,6.223999977111816,26.56999969482422,7557.0,29901.75,3023.5,63176.94921875,79.70999908447266,95.98999786376952,108.63999938964844,15.81,88.80000305175781,65.3975,31.90999984741211,24.989999771118164,93.13999938964844,744.780029296875,712.5999755859375,297.5799865722656
2026-07-04T17:15:20,4187.2998046875,378.1300048828125,94.12000274658205,85.51000213623047,108.33000183105467,81.94000244140625,91.44000244140624,28.34000015258789,1.1440337896347046,161.33700561523438,6.770199775695801,68.77999877929688,6.223999977111816,26.56999969482422,7557.0,29901.75,3023.5,63306.30859375,79.70999908447266,95.98999786376952,108.63999938964844,15.81,88.80000305175781,65.3975,31.90999984741211,24.989999771118164,93.13999938964844,744.780029296875,712.5999755859375,297.5799865722656
2026-07-04T17:30:49,4187.2998046875,378.1300048828125,94.12000274658205,85.51000213623047,108.33000183105467,81.94000244140625,91.44000244140624,28.34000015258789,1.1440337896347046,161.33700561523438,6.770199775695801,68.77999877929688,6.223999977111816,26.56999969482422,7557.0,29901.75,3023.5,63358.0,79.70999908447266,95.98999786376952,108.63999938964844,15.81,88.80000305175781,65.3975,31.90999984741211,24.989999771118164,93.13999938964844,744.780029296875,712.5999755859375,297.5799865722656
2026-07-04T17:45:18,4187.2998046875,378.1300048828125,94.12000274658205,85.51000213623047,108.33000183105467,81.94000244140625,91.44000244140624,28.34000015258789,1.1440337896347046,161.33700561523438,6.770199775695801,68.77999877929688,6.223999977111816,26.56999969482422,7557.0,29901.75,3023.5,63253.94921875,79.70999908447266,95.98999786376952,108.63999938964844,15.81,88.80000305175781,65.3975,31.90999984741211,24.989999771118164,93.13999938964844,744.780029296875,712.5999755859375,297.5799865722656
2026-07-04T18:03:48,4187.2998046875,378.1300048828125,94.12000274658205,85.51000213623047,108.33000183105467,81.94000244140625,91.44000244140624,28.34000015258789,1.1440337896347046,161.33700561523438,6.770199775695801,68.77999877929688,6.223999977111816,26.56999969482422,7557.0,29901.75,3023.5,63229.78125,79.70999908447266,95.98999786376952,108.63999938964844,15.81,88.80000305175781,65.3975,31.90999984741211,24.989999771118164,93.13999938964844,744.780029296875,712.5999755859375,297.5799865722656
2026-07-04T18:15:19,4187.2998046875,378.1300048828125,94.12000274658205,85.51000213623047,108.33000183105467,81.94000244140625,91.44000244140624,28.34000015258789,1.1440337896347046,161.33700561523438,6.770199775695801,68.77999877929688,6.223999977111816,26.56999969482422,7557.0,29901.75,3023.5,63198.640625,79.70999908447266,95.98999786376952,108.63999938964844,15.81,88.80000305175781,65.3975,31.90999984741211,24.989999771118164,93.13999938964844,744.780029296875,712.5999755859375,297.5799865722656
2026-07-04T18:30:47,4187.2998046875,378.1300048828125,94.12000274658205,85.51000213623047,108.33000183105467,81.94000244140625,91.44000244140624,28.34000015258789,1.1440337896347046,161.33700561523438,6.770199775695801,68.77999877929688,6.223999977111816,26.56999969482422,7557.0,29901.75,3023.5,63164.62890625,79.70999908447266,95.98999786376952,108.63999938964844,15.81,88.80000305175781,65.3975,31.90999984741211,24.989999771118164,93.13999938964844,744.780029296875,712.5999755859375,297.5799865722656
2026-07-04T18:45:14,4187.2998046875,378.1300048828125,94.12000274658205,85.51000213623047,108.33000183105467,81.94000244140625,91.44000244140624,28.34000015258789,1.1440337896347046,161.33700561523438,6.770199775695801,68.77999877929688,6.223999977111816,26.56999969482422,7557.0,29901.75,3023.5,63144.0,79.70999908447266,95.98999786376952,108.63999938964844,15.81,88.80000305175781,65.3975,31.90999984741211,24.989999771118164,93.13999938964844,744.780029296875,712.5999755859375,297.5799865722656
2026-07-04T19:03:46,4187.2998046875,378.1300048828125,94.12000274658205,85.51000213623047,108.33000183105467,81.94000244140625,91.44000244140624,28.34000015258789,1.1440337896347046,161.33700561523438,6.770199775695801,68.77999877929688,6.223999977111816,26.56999969482422,7557.0,29901.75,3023.5,63112.26953125,79.70999908447266,95.98999786376952,108.63999938964844,15.81,88.80000305175781,65.3975,31.90999984741211,24.989999771118164,93.13999938964844,744.780029296875,712.5999755859375,297.5799865722656
2026-07-04T19:15:19,4187.2998046875,378.1300048828125,94.12000274658205,85.51000213623047,108.33000183105467,81.94000244140625,91.44000244140624,28.34000015258789,1.1440337896347046,161.33700561523438,6.770199775695801,68.77999877929688,6.223999977111816,26.56999969482422,7557.0,29901.75,3023.5,62899.75,79.70999908447266,95.98999786376952,108.63999938964844,15.81,88.80000305175781,65.3975,31.90999984741211,24.989999771118164,93.13999938964844,744.780029296875,712.5999755859375,297.5799865722656
2026-07-04T19:30:48,4187.2998046875,378.1300048828125,94.12000274658205,85.51000213623047,108.33000183105467,81.94000244140625,91.44000244140624,28.34000015258789,1.1440337896347046,161.33700561523438,6.770199775695801,68.77999877929688,6.223999977111816,26.56999969482422,7557.0,29901.75,3023.5,63084.51953125,79.70999908447266,95.98999786376952,108.63999938964844,15.81,88.80000305175781,65.3975,31.90999984741211,24.989999771118164,93.13999938964844,744.780029296875,712.5999755859375,297.5799865722656
2026-07-04T19:45:18,4187.2998046875,378.1300048828125,94.12000274658205,85.51000213623047,108.33000183105467,81.94000244140625,91.44000244140624,28.34000015258789,1.1440337896347046,161.33700561523438,6.770199775695801,68.77999877929688,6.223999977111816,26.56999969482422,7557.0,29901.75,3023.5,63173.87890625,79.70999908447266,95.98999786376952,108.63999938964844,15.81,88.80000305175781,65.3975,31.90999984741211,24.989999771118164,93.13999938964844,744.780029296875,712.5999755859375,297.5799865722656
2026-07-04T20:00:46,4187.2998046875,378.1300048828125,94.12000274658205,85.51000213623047,108.33000183105467,81.94000244140625,91.44000244140624,28.34000015258789,1.1440337896347046,161.33700561523438,6.770199775695801,68.77999877929688,6.223999977111816,26.56999969482422,7557.0,29901.75,3023.5,63038.359375,79.70999908447266,95.98999786376952,108.63999938964844,15.81,88.80000305175781,65.3975,31.90999984741211,24.989999771118164,93.13999938964844,744.780029296875,712.5999755859375,297.5799865722656
2026-07-04T20:15:14,4187.2998046875,378.1300048828125,94.12000274658205,85.51000213623047,108.33000183105467,81.94000244140625,91.44000244140624,28.34000015258789,1.1440337896347046,161.33700561523438,6.770199775695801,68.77999877929688,6.223999977111816,26.56999969482422,7557.0,29901.75,3023.5,62995.21875,79.70999908447266,95.98999786376952,108.63999938964844,15.81,88.80000305175781,65.3975,31.90999984741211,24.989999771118164,93.13999938964844,744.780029296875,712.5999755859375,297.5799865722656
2026-07-04T20:30:44,4187.2998046875,378.1300048828125,94.12000274658205,85.51000213623047,108.33000183105467,81.94000244140625,91.44000244140624,28.34000015258789,1.1440337896347046,161.33700561523438,6.770199775695801,68.77999877929688,6.223999977111816,26.56999969482422,7557.0,29901.75,3023.5,62999.98046875,79.70999908447266,95.98999786376952,108.63999938964844,15.81,88.80000305175781,65.3975,31.90999984741211,24.989999771118164,93.13999938964844,744.780029296875,712.5999755859375,297.5799865722656
2026-07-04T20:45:12,4187.2998046875,378.1300048828125,94.12000274658205,85.51000213623047,108.33000183105467,81.94000244140625,91.44000244140624,28.34000015258789,1.1440337896347046,161.33700561523438,6.770199775695801,68.77999877929688,6.223999977111816,26.56999969482422,7557.0,29901.75,3023.5,63041.421875,79.70999908447266,95.98999786376952,108.63999938964844,15.81,88.80000305175781,65.39749908447266,31.90999984741211,24.989999771118164,93.13999938964844,744.780029296875,712.5999755859375,297.5799865722656
2026-07-04T21:00:43,4187.2998046875,378.1300048828125,94.12000274658205,85.51000213623047,108.33000183105467,81.94000244140625,91.44000244140624,28.34000015258789,1.1440337896347046,161.33700561523438,6.770199775695801,68.77999877929688,6.223999977111816,26.56999969482422,7557.0,29901.75,3023.5,62947.5,79.70999908447266,95.98999786376952,108.63999938964844,15.81,88.80000305175781,65.3975,31.90999984741211,24.989999771118164,93.13999938964844,744.780029296875,712.5999755859375,297.5799865722656
2026-07-04T21:15:13,4187.2998046875,378.1300048828125,94.12000274658205,85.51000213623047,108.33000183105467,81.94000244140625,91.44000244140624,28.34000015258789,1.1440337896347046,161.33700561523438,6.770199775695801,68.77999877929688,6.223999977111816,26.56999969482422,7557.0,29901.75,3023.5,62930.8984375,79.70999908447266,95.98999786376952,108.63999938964844,15.81,88.80000305175781,65.3975,31.90999984741211,24.989999771118164,93.13999938964844,744.780029296875,712.5999755859375,297.5799865722656
2026-07-04T21:30:39,4187.2998046875,378.1300048828125,94.12000274658205,85.51000213623047,108.33000183105467,81.94000244140625,91.44000244140624,28.34000015258789,1.1440337896347046,161.33700561523438,6.770199775695801,68.77999877929688,6.223999977111816,26.56999969482422,7557.0,29901.75,3023.5,62858.609375,79.70999908447266,95.98999786376952,108.63999938964844,15.81,88.80000305175781,65.3975,31.90999984741211,24.989999771118164,93.13999938964844,744.780029296875,712.5999755859375,297.5799865722656
2026-07-04T21:45:12,4187.2998046875,378.1300048828125,94.12000274658205,85.51000213623047,108.33000183105467,81.94000244140625,91.44000244140624,28.34000015258789,1.1440337896347046,161.33700561523438,6.770199775695801,68.77999877929688,6.223999977111816,26.56999969482422,7557.0,29901.75,3023.5,62819.671875,79.70999908447266,95.98999786376952,108.63999938964844,15.81,88.80000305175781,65.3975,31.90999984741211,24.989999771118164,93.13999938964844,744.780029296875,712.5999755859375,297.5799865722656
2026-07-04T22:00:40,4187.2998046875,378.1300048828125,94.12000274658205,85.51000213623047,108.33000183105467,81.94000244140625,91.44000244140624,28.34000015258789,1.1440337896347046,161.33700561523438,6.770199775695801,68.77999877929688,6.223999977111816,26.56999969482422,7557.0,29901.75,3023.5,62853.08984375,79.70999908447266,95.98999786376952,108.63999938964844,15.81,88.80000305175781,65.3975,31.90999984741211,24.989999771118164,93.13999938964844,744.780029296875,712.5999755859375,297.5799865722656
2026-07-04T22:15:10,4187.2998046875,378.1300048828125,94.12000274658205,85.51000213623047,108.33000183105467,81.94000244140625,91.44000244140624,28.34000015258789,1.1440337896347046,161.33700561523438,6.770199775695801,68.77999877929688,6.223999977111816,26.56999969482422,7557.0,29901.75,3023.5,62678.0,79.70999908447266,95.98999786376952,108.63999938964844,15.81,88.80000305175781,65.3975,31.90999984741211,24.989999771118164,93.13999938964844,744.780029296875,712.5999755859375,297.5799865722656
2026-07-04T22:30:36,4187.2998046875,378.1300048828125,94.12000274658205,85.51000213623047,108.33000183105467,81.94000244140625,91.44000244140624,28.34000015258789,1.1440337896347046,161.33700561523438,6.770199775695801,68.77999877929688,6.223999977111816,26.56999969482422,7557.0,29901.75,3023.5,62680.0,79.70999908447266,95.98999786376952,108.63999938964844,15.81,88.80000305175781,65.3975,31.90999984741211,24.989999771118164,93.13999938964844,744.780029296875,712.5999755859375,297.5799865722656
2026-07-04T22:46:07,4187.2998046875,378.1300048828125,94.12000274658205,85.51000213623047,108.33000183105467,81.94000244140625,91.44000244140624,28.34000015258789,1.1440337896347046,161.33700561523438,6.770199775695801,68.77999877929688,6.223999977111816,26.56999969482422,7557.0,29901.75,3023.5,62620.01171875,79.70999908447266,95.98999786376952,108.63999938964844,15.81,88.80000305175781,65.3975,31.90999984741211,24.989999771118164,93.13999938964844,744.780029296875,712.5999755859375,297.5799865722656
2026-07-04T23:00:34,4187.2998046875,378.1300048828125,94.12000274658205,85.51000213623047,108.33000183105467,81.94000244140625,91.44000244140624,28.34000015258789,1.1440337896347046,161.33700561523438,6.770199775695801,68.77999877929688,6.223999977111816,26.56999969482422,7557.0,29901.75,3023.5,62643.0703125,79.70999908447266,95.98999786376952,108.63999938964844,15.81,88.80000305175781,65.3975,31.90999984741211,24.989999771118164,93.13999938964844,744.780029296875,712.5999755859375,297.5799865722656
2026-07-04T23:16:04,4187.2998046875,378.1300048828125,94.12000274658205,85.51000213623047,108.33000183105467,81.94000244140625,91.44000244140624,28.34000015258789,1.1440337896347046,161.33700561523438,6.770199775695801,68.77999877929688,6.223999977111816,26.56999969482422,7557.0,29901.75,3023.5,62706.0,79.70999908447266,95.98999786376952,108.63999938964844,15.81,88.80000305175781,65.3975,31.90999984741211,24.989999771118164,93.13999938964844,744.780029296875,712.5999755859375,297.5799865722656
2026-07-04T23:30:34,4187.2998046875,378.1300048828125,94.12000274658205,85.51000213623047,108.33000183105467,81.94000244140625,91.44000244140624,28.34000015258789,1.1440337896347046,161.33700561523438,6.770199775695801,68.77999877929688,6.223999977111816,26.56999969482422,7557.0,29901.75,3023.5,62641.03125,79.70999908447266,95.98999786376952,108.63999938964844,15.81,88.80000305175781,65.3975,31.90999984741211,24.989999771118164,93.13999938964844,744.780029296875,712.5999755859375,297.5799865722656
2026-07-04T23:46:02,4187.2998046875,378.1300048828125,94.12000274658205,85.51000213623047,108.33000183105467,81.94000244140625,91.44000244140624,28.34000015258789,1.1440337896347046,161.33700561523438,6.770199775695801,68.77999877929688,6.223999977111816,26.56999969482422,7557.0,29901.75,3023.5,62687.23046875,79.70999908447266,95.98999786376952,108.63999938964844,15.81,88.80000305175781,65.3975,31.90999984741211,24.989999771118164,93.13999938964844,744.780029296875,712.5999755859375,297.5799865722656
2026-07-05T00:00:30,4187.2998046875,378.1300048828125,94.12000274658205,85.51000213623047,108.33000183105467,81.94000244140625,91.44000244140624,28.34000015258789,1.1440337896347046,161.33700561523438,6.770199775695801,68.77999877929688,6.223999977111816,26.56999969482422,7557.0,29901.75,3023.5,62668.01171875,79.70999908447266,95.98999786376952,108.63999938964844,15.81,88.80000305175781,65.3975,31.90999984741211,24.989999771118164,93.13999938964844,744.780029296875,712.5999755859375,297.5799865722656
2026-07-05T00:15:58,4187.2998046875,378.1300048828125,94.12000274658205,85.51000213623047,108.33000183105467,81.94000244140625,91.44000244140624,28.34000015258789,1.1440337896347046,161.33700561523438,6.770199775695801,68.77999877929688,6.223999977111816,26.56999969482422,7557.0,29901.75,3023.5,62743.9609375,79.70999908447266,95.98999786376952,108.63999938964844,15.81,88.80000305175781,65.3975,31.90999984741211,24.989999771118164,93.13999938964844,744.780029296875,712.5999755859375,297.5799865722656
2026-07-05T00:30:27,4187.2998046875,378.1300048828125,94.12000274658205,85.51000213623047,108.33000183105467,81.94000244140625,91.44000244140624,28.34000015258789,1.1440337896347046,161.33700561523438,6.770199775695801,68.77999877929688,6.223999977111816,26.56999969482422,7557.0,29901.75,3023.5,62807.828125,79.70999908447266,95.98999786376952,108.63999938964844,15.81,88.80000305175781,65.3975,31.90999984741211,24.989999771118164,93.13999938964844,744.780029296875,712.5999755859375,297.5799865722656
2026-07-05T00:45:56,4187.2998046875,378.1300048828125,94.12000274658205,85.51000213623047,108.33000183105467,81.94000244140625,91.44000244140624,28.34000015258789,1.1440337896347046,161.33700561523438,6.770199775695801,68.77999877929688,6.223999977111816,26.56999969482422,7557.0,29901.75,3023.5,62865.71875,79.70999908447266,95.98999786376952,108.63999938964844,15.81,88.80000305175781,65.3975,31.90999984741211,24.989999771118164,93.13999938964844,744.780029296875,712.5999755859375,297.5799865722656
2026-07-05T01:00:25,4187.2998046875,378.1300048828125,94.12000274658205,85.51000213623047,108.33000183105467,81.94000244140625,91.44000244140624,28.34000015258789,1.1440337896347046,161.33700561523438,6.770199775695801,68.77999877929688,6.223999977111816,26.56999969482422,7557.0,29901.75,3023.5,62748.80859375,79.70999908447266,95.98999786376952,108.63999938964844,15.81,88.80000305175781,65.3975,31.90999984741211,24.989999771118164,93.13999938964844,744.780029296875,712.5999755859375,297.5799865722656
2026-07-05T01:15:57,4187.2998046875,378.1300048828125,94.12000274658205,85.51000213623047,108.33000183105467,81.94000244140625,91.44000244140624,28.34000015258789,1.1440337896347046,161.33700561523438,6.770199775695801,68.77999877929688,6.223999977111816,26.56999969482422,7557.0,29901.75,3023.5,62704.5703125,79.70999908447266,95.98999786376952,108.63999938964844,15.81,88.80000305175781,65.3975,31.90999984741211,24.989999771118164,93.13999938964844,744.780029296875,712.5999755859375,297.5799865722656
2026-07-05T01:30:27,4187.2998046875,378.1300048828125,94.12000274658205,85.51000213623047,108.33000183105467,81.94000244140625,91.44000244140624,28.34000015258789,1.1440337896347046,161.33700561523438,6.770199775695801,68.77999877929688,6.223999977111816,26.56999969482422,7557.0,29901.75,3023.5,62699.98828125,79.70999908447266,95.98999786376952,108.63999938964844,15.81,88.80000305175781,65.3975,31.90999984741211,24.989999771118164,93.13999938964844,744.780029296875,712.5999755859375,297.5799865722656
2026-07-05T01:45:56,4187.2998046875,378.1300048828125,94.12000274658205,85.51000213623047,108.33000183105467,81.94000244140625,91.44000244140624,28.34000015258789,1.1440337896347046,161.33700561523438,6.770199775695801,68.77999877929688,6.223999977111816,26.56999969482422,7557.0,29901.75,3023.5,62622.28125,79.70999908447266,95.98999786376952,108.63999938964844,15.81,88.80000305175781,65.3975,31.90999984741211,24.989999771118164,93.13999938964844,744.780029296875,712.5999755859375,297.5799865722656
2026-07-05T02:00:30,4187.2998046875,378.1300048828125,94.12000274658205,85.51000213623047,108.33000183105467,81.94000244140625,91.44000244140624,28.34000015258789,1.1440337896347046,161.33700561523438,6.770199775695801,68.77999877929688,6.223999977111816,26.56999969482422,7557.0,29901.75,3023.5,62674.6484375,79.70999908447266,95.98999786376952,108.63999938964844,15.81,88.80000305175781,65.3975,31.90999984741211,24.989999771118164,93.13999938964844,744.780029296875,712.5999755859375,297.5799865722656
2026-07-05T02:15:36,4187.2998046875,378.1300048828125,94.12000274658205,85.51000213623047,108.33000183105467,81.94000244140625,91.44000244140624,28.34000015258789,1.1440337896347046,161.33700561523438,6.770199775695801,68.77999877929688,6.223999977111816,26.56999969482422,7557.0,29901.75,3023.5,62693.3984375,79.70999908447266,95.98999786376952,108.63999938964844,15.81,88.80000305175781,65.4000015258789,31.90999984741211,24.989999771118164,93.13999938964844,744.780029296875,712.5999755859375,297.5799865722656
2026-07-05T02:31:06,4187.2998046875,378.1300048828125,94.12000274658205,85.51000213623047,108.33000183105467,81.94000244140625,91.44000244140624,28.34000015258789,1.1440337896347046,161.33700561523438,6.770199775695801,68.77999877929688,6.223999977111816,26.56999969482422,7557.0,29901.75,3023.5,62738.75,79.70999908447266,95.98999786376952,108.63999938964844,15.81,88.80000305175781,65.4000015258789,31.90999984741211,24.989999771118164,93.13999938964844,744.780029296875,712.5999755859375,297.5799865722656
2026-07-05T02:45:39,4187.2998046875,378.1300048828125,94.12000274658205,85.51000213623047,108.33000183105467,81.94000244140625,91.44000244140624,28.34000015258789,1.1440337896347046,161.33700561523438,6.770199775695801,68.77999877929688,6.223999977111816,26.56999969482422,7557.0,29901.75,3023.5,62696.48046875,79.70999908447266,95.98999786376952,108.63999938964844,15.81,88.80000305175781,65.4000015258789,31.90999984741211,24.989999771118164,93.13999938964844,744.780029296875,712.5999755859375,297.5799865722656
2026-07-05T03:00:48,4187.2998046875,378.1300048828125,94.12000274658205,85.51000213623047,108.33000183105467,81.94000244140625,91.44000244140624,28.34000015258789,1.1440337896347046,161.33700561523438,6.770199775695801,68.77999877929688,6.223999977111816,26.56999969482422,7557.0,29901.75,3023.5,62730.2109375,79.70999908447266,95.98999786376952,108.63999938964844,15.81,88.80000305175781,65.4000015258789,31.90999984741211,24.989999771118164,93.13999938964844,744.780029296875,712.5999755859375,297.5799865722656
2026-07-05T03:15:17,4187.2998046875,378.1300048828125,94.12000274658205,85.51000213623047,108.33000183105467,81.94000244140625,91.44000244140624,28.34000015258789,1.1440337896347046,161.33700561523438,6.770199775695801,68.77999877929688,6.223999977111816,26.56999969482422,7557.0,29901.75,3023.5,62708.7890625,79.70999908447266,95.98999786376952,108.63999938964844,15.81,88.80000305175781,65.4000015258789,31.90999984741211,24.989999771118164,93.13999938964844,744.780029296875,712.5999755859375,297.5799865722656
2026-07-05T03:30:46,4187.2998046875,378.1300048828125,94.12000274658205,85.51000213623047,108.33000183105467,81.94000244140625,91.44000244140624,28.34000015258789,1.1440337896347046,161.33700561523438,6.770199775695801,68.77999877929688,6.223999977111816,26.56999969482422,7557.0,29901.75,3023.5,62718.03125,79.70999908447266,95.98999786376952,108.63999938964844,15.81,88.80000305175781,65.4000015258789,31.90999984741211,24.989999771118164,93.13999938964844,744.780029296875,712.5999755859375,297.5799865722656
2026-07-05T03:45:18,4187.2998046875,378.1300048828125,94.12000274658205,85.51000213623047,108.33000183105467,81.94000244140625,91.44000244140624,28.34000015258789,1.1440337896347046,161.33700561523438,6.770199775695801,68.77999877929688,6.223999977111816,26.56999969482422,7557.0,29901.75,3023.5,62838.73046875,79.70999908447266,95.98999786376952,108.63999938964844,15.81,88.80000305175781,65.4000015258789,31.90999984741211,24.989999771118164,93.13999938964844,744.780029296875,712.5999755859375,297.5799865722656
2026-07-05T04:00:46,4187.2998046875,378.1300048828125,94.12000274658205,85.51000213623047,108.33000183105467,81.94000244140625,91.44000244140624,28.34000015258789,1.1440337896347046,161.33700561523438,6.770199775695801,68.77999877929688,6.223999977111816,26.56999969482422,7557.0,29901.75,3023.5,62991.0390625,79.70999908447266,95.98999786376952,108.63999938964844,15.81,88.80000305175781,65.4000015258789,31.90999984741211,24.989999771118164,93.13999938964844,744.780029296875,712.5999755859375,297.5799865722656
2026-07-05T04:15:16,4187.2998046875,378.1300048828125,94.12000274658205,85.51000213623047,108.33000183105467,81.94000244140625,91.44000244140624,28.34000015258789,1.1440337896347046,161.33700561523438,6.770199775695801,68.77999877929688,6.223999977111816,26.56999969482422,7557.0,29901.75,3023.5,62962.87109375,79.70999908447266,95.98999786376952,108.63999938964844,15.81,88.80000305175781,65.4000015258789,31.90999984741211,24.989999771118164,93.13999938964844,744.780029296875,712.5999755859375,297.5799865722656
2026-07-05T04:30:48,4187.2998046875,378.1300048828125,94.12000274658205,85.51000213623047,108.33000183105467,81.94000244140625,91.44000244140624,28.34000015258789,1.1440337896347046,161.33700561523438,6.770199775695801,68.77999877929688,6.223999977111816,26.56999969482422,7557.0,29901.75,3023.5,62905.91015625,79.70999908447266,95.98999786376952,108.63999938964844,15.81,88.80000305175781,65.4000015258789,31.90999984741211,24.989999771118164,93.13999938964844,744.780029296875,712.5999755859375,297.5799865722656
2026-07-05T04:45:16,4187.2998046875,378.1300048828125,94.12000274658205,85.51000213623047,108.33000183105467,81.94000244140625,91.44000244140624,28.34000015258789,1.1440337896347046,161.33700561523438,6.770199775695801,68.77999877929688,6.223999977111816,26.56999969482422,7557.0,29901.75,3023.5,62884.0390625,79.70999908447266,95.98999786376952,108.63999938964844,15.81,88.80000305175781,65.4000015258789,31.90999984741211,24.989999771118164,93.13999938964844,744.780029296875,712.5999755859375,297.5799865722656
2026-07-05T05:00:47,4187.2998046875,378.1300048828125,94.12000274658205,85.51000213623047,108.33000183105467,81.94000244140625,91.44000244140624,28.34000015258789,1.1440337896347046,161.33700561523438,6.770199775695801,68.77999877929688,6.223999977111816,26.56999969482422,7557.0,29901.75,3023.5,62857.41015625,79.70999908447266,95.98999786376952,108.63999938964844,15.81,88.80000305175781,65.4000015258789,31.90999984741211,24.989999771118164,93.13999938964844,744.780029296875,712.5999755859375,297.5799865722656
2026-07-05T05:15:22,4187.2998046875,378.1300048828125,94.12000274658205,85.51000213623047,108.33000183105467,81.94000244140625,91.44000244140624,28.34000015258789,1.1440337896347046,161.33700561523438,6.770199775695801,68.77999877929688,6.223999977111816,26.56999969482422,7557.0,29901.75,3023.5,62819.98828125,79.70999908447266,95.98999786376952,108.63999938964844,15.81,88.80000305175781,65.4000015258789,31.90999984741211,24.989999771118164,93.13999938964844,744.780029296875,712.5999755859375,297.5799865722656
2026-07-05T05:30:51,4187.2998046875,378.1300048828125,94.12000274658205,85.51000213623047,108.33000183105467,81.94000244140625,91.44000244140624,28.34000015258789,1.1440337896347046,161.33700561523438,6.770199775695801,68.77999877929688,6.223999977111816,26.56999969482422,7557.0,29901.75,3023.5,62684.1484375,79.70999908447266,95.98999786376952,108.63999938964844,15.81,88.80000305175781,65.4000015258789,31.90999984741211,24.989999771118164,93.13999938964844,744.780029296875,712.5999755859375,297.5799865722656
2026-07-05T05:45:21,4187.2998046875,378.1300048828125,94.12000274658205,85.51000213623047,108.33000183105467,81.94000244140625,91.44000244140624,28.34000015258789,1.1440337896347046,161.33700561523438,6.770199775695801,68.77999877929688,6.223999977111816,26.56999969482422,7557.0,29901.75,3023.5,62450.078125,79.70999908447266,95.98999786376952,108.63999938964844,15.81,88.80000305175781,65.4000015258789,31.90999984741211,24.989999771118164,93.13999938964844,744.780029296875,712.5999755859375,297.5799865722656
2026-07-05T06:03:56,4187.2998046875,378.1300048828125,94.12000274658205,85.51000213623047,108.33000183105467,81.94000244140625,91.44000244140624,28.34000015258789,1.1440337896347046,161.33700561523438,6.770199775695801,68.77999877929688,6.223999977111816,26.56999969482422,7557.0,29901.75,3023.5,62568.48828125,79.70999908447266,95.98999786376952,108.63999938964844,15.81,88.80000305175781,65.4000015258789,31.90999984741211,24.989999771118164,93.13999938964844,744.780029296875,712.5999755859375,297.5799865722656
2026-07-05T06:15:27,4187.2998046875,378.1300048828125,94.12000274658205,85.51000213623047,108.33000183105467,81.94000244140625,91.44000244140624,28.34000015258789,1.1440337896347046,161.33700561523438,6.770199775695801,68.77999877929688,6.223999977111816,26.56999969482422,7557.0,29901.75,3023.5,62625.62109375,79.70999908447266,95.98999786376952,108.63999938964844,15.81,88.80000305175781,65.4000015258789,31.90999984741211,24.989999771118164,93.13999938964844,744.780029296875,712.5999755859375,297.5799865722656
2026-07-05T06:30:58,4187.2998046875,378.1300048828125,94.12000274658205,85.51000213623047,108.33000183105467,81.94000244140625,91.44000244140624,28.34000015258789,1.1440337896347046,161.33700561523438,6.770199775695801,68.77999877929688,6.223999977111816,26.56999969482422,7557.0,29901.75,3023.5,62673.76953125,79.70999908447266,95.98999786376952,108.63999938964844,15.81,88.80000305175781,65.4000015258789,31.90999984741211,24.989999771118164,93.13999938964844,744.780029296875,712.5999755859375,297.5799865722656
2026-07-05T06:45:27,4187.2998046875,378.1300048828125,94.12000274658205,85.51000213623047,108.33000183105467,81.94000244140625,91.44000244140624,28.34000015258789,1.1440337896347046,161.33700561523438,6.770199775695801,68.77999877929688,6.223999977111816,26.56999969482422,7557.0,29901.75,3023.5,62649.87109375,79.70999908447266,95.98999786376952,108.63999938964844,15.81,88.80000305175781,65.4000015258789,31.90999984741211,24.989999771118164,93.13999938964844,744.780029296875,712.5999755859375,297.5799865722656
2026-07-05T07:00:57,4187.2998046875,378.1300048828125,94.12000274658205,85.51000213623047,108.33000183105467,81.94000244140625,91.44000244140624,28.34000015258789,1.1440337896347046,161.33700561523438,6.770199775695801,68.77999877929688,6.223999977111816,26.56999969482422,7557.0,29901.75,3023.5,62735.6484375,79.70999908447266,95.98999786376952,108.63999938964844,15.81,88.80000305175781,65.4000015258789,31.90999984741211,24.989999771118164,93.13999938964844,744.780029296875,712.5999755859375,297.5799865722656
2026-07-05T07:15:27,4187.2998046875,378.1300048828125,94.12000274658205,85.51000213623047,108.33000183105467,81.94000244140625,91.44000244140624,28.34000015258789,1.1440337896347046,161.33700561523438,6.770199775695801,68.77999877929688,6.223999977111816,26.56999969482422,7557.0,29901.75,3023.5,62634.87890625,79.70999908447266,95.98999786376952,108.63999938964844,15.81,88.80000305175781,65.4000015258789,31.90999984741211,24.989999771118164,93.13999938964844,744.780029296875,712.5999755859375,297.5799865722656
2026-07-05T07:30:57,4187.2998046875,378.1300048828125,94.12000274658205,85.51000213623047,108.33000183105467,81.94000244140625,91.44000244140624,28.34000015258789,1.1440337896347046,161.33700561523438,6.770199775695801,68.77999877929688,6.223999977111816,26.56999969482422,7557.0,29901.75,3023.5,62577.4609375,79.70999908447266,95.98999786376952,108.63999938964844,15.81,88.80000305175781,65.4000015258789,31.90999984741211,24.989999771118164,93.13999938964844,744.780029296875,712.5999755859375,297.5799865722656
2026-07-05T07:45:25,4187.2998046875,378.1300048828125,94.12000274658205,85.51000213623047,108.33000183105467,81.94000244140625,91.44000244140624,28.34000015258789,1.1440337896347046,161.33700561523438,6.770199775695801,68.77999877929688,6.223999977111816,26.56999969482422,7557.0,29901.75,3023.5,62636.0703125,79.70999908447266,95.98999786376952,108.63999938964844,15.81,88.80000305175781,65.4000015258789,31.90999984741211,24.989999771118164,93.13999938964844,744.780029296875,712.5999755859375,297.5799865722656
2026-07-05T08:03:54,4187.2998046875,378.1300048828125,94.12000274658205,85.51000213623047,108.33000183105467,81.94000244140625,91.44000244140624,28.34000015258789,1.1440337896347046,161.33700561523438,6.770199775695801,68.77999877929688,6.223999977111816,26.56999969482422,7557.0,29901.75,3023.5,62526.08984375,79.70999908447266,95.98999786376952,108.63999938964844,15.81,88.80000305175781,65.4000015258789,31.90999984741211,24.989999771118164,93.13999938964844,744.780029296875,712.5999755859375,297.5799865722656
2026-07-05T08:15:24,4187.2998046875,378.1300048828125,94.12000274658205,85.51000213623047,108.33000183105467,81.94000244140625,91.44000244140624,28.34000015258789,1.1440337896347046,161.33700561523438,6.770199775695801,68.77999877929688,6.223999977111816,26.56999969482422,7557.0,29901.75,3023.5,62591.25,79.70999908447266,95.98999786376952,108.63999938964844,15.81,88.80000305175781,65.4000015258789,31.90999984741211,24.989999771118164,93.13999938964844,744.780029296875,712.5999755859375,297.5799865722656
2026-07-05T08:30:54,4187.2998046875,378.1300048828125,94.12000274658205,85.51000213623047,108.33000183105467,81.94000244140625,91.44000244140624,28.34000015258789,1.1440337896347046,161.33700561523438,6.770199775695801,68.77999877929688,6.223999977111816,26.56999969482422,7557.0,29901.75,3023.5,62699.55859375,79.70999908447266,95.98999786376952,108.63999938964844,15.81,88.80000305175781,65.4000015258789,31.90999984741211,24.989999771118164,93.13999938964844,744.780029296875,712.5999755859375,297.5799865722656
2026-07-05T08:45:29,4187.2998046875,378.1300048828125,94.12000274658205,85.51000213623047,108.33000183105467,81.94000244140625,91.44000244140624,28.34000015258789,1.1440337896347046,161.33700561523438,6.770199775695801,68.77999877929688,6.223999977111816,26.56999969482422,7557.0,29901.75,3023.5,62654.51953125,79.70999908447266,95.98999786376952,108.63999938964844,15.81,88.80000305175781,65.4000015258789,31.90999984741211,24.989999771118164,93.13999938964844,744.780029296875,712.5999755859375,297.5799865722656
2026-07-05T09:01:00,4187.2998046875,378.1300048828125,94.12000274658205,85.51000213623047,108.33000183105467,81.94000244140625,91.44000244140624,28.34000015258789,1.1440337896347046,161.33700561523438,6.770199775695801,68.77999877929688,6.223999977111816,26.56999969482422,7557.0,29901.75,3023.5,62675.25,79.70999908447266,95.98999786376952,108.63999938964844,15.81,88.80000305175781,65.4000015258789,31.90999984741211,24.989999771118164,93.13999938964844,744.780029296875,712.5999755859375,297.5799865722656
2026-07-05T09:15:47,4187.2998046875,378.1300048828125,94.12000274658205,85.51000213623047,108.33000183105467,81.94000244140625,91.44000244140624,28.34000015258789,1.1440337896347046,161.33700561523438,6.770199775695801,68.77999877929688,6.223999977111816,26.56999969482422,7557.0,29901.75,3023.5,62663.171875,79.70999908447266,95.98999786376952,108.63999938964844,15.81,88.80000305175781,65.4000015258789,31.90999984741211,24.989999771118164,93.13999938964844,744.780029296875,712.5999755859375,297.5799865722656
2026-07-05T09:30:19,4187.2998046875,378.1300048828125,94.12000274658205,85.51000213623047,108.33000183105467,81.94000244140625,91.44000244140624,28.34000015258789,1.1440337896347046,161.33700561523438,6.779200077056885,68.77999877929688,6.223999977111816,26.56999969482422,7557.0,29901.75,3023.5,62631.7890625,79.70999908447266,95.98999786376952,108.63999938964844,15.81,88.80000305175781,65.4000015258789,31.90999984741211,24.989999771118164,93.13999938964844,744.780029296875,712.5999755859375,297.5799865722656
2026-07-05T09:45:49,4187.2998046875,378.1300048828125,94.12000274658205,85.51000213623047,108.33000183105467,81.94000244140625,91.44000244140624,28.34000015258789,1.1440337896347046,161.33700561523438,6.779200077056885,68.77999877929688,6.223999977111816,26.56999969482422,7557.0,29901.75,3023.5,62759.98828125,79.70999908447266,95.98999786376952,108.63999938964844,15.81,88.80000305175781,65.4000015258789,31.90999984741211,24.989999771118164,93.13999938964844,744.780029296875,712.5999755859375,297.5799865722656
2026-07-05T10:03:19,4187.2998046875,378.1300048828125,94.12000274658205,85.51000213623047,108.33000183105467,81.94000244140625,91.44000244140624,28.34000015258789,1.1440337896347046,161.33700561523438,6.779200077056885,68.77999877929688,6.223999977111816,26.56999969482422,7557.0,29901.75,3023.5,62665.6796875,79.70999908447266,95.98999786376952,108.63999938964844,15.81,88.80000305175781,65.4000015258789,31.90999984741211,24.989999771118164,93.13999938964844,744.780029296875,712.5999755859375,297.5799865722656
2026-07-05T10:15:50,4187.2998046875,378.1300048828125,94.12000274658205,85.51000213623047,108.33000183105467,81.94000244140625,91.44000244140624,28.34000015258789,1.1440337896347046,161.33700561523438,6.779200077056885,68.77999877929688,6.223999977111816,26.56999969482422,7557.0,29901.75,3023.5,62673.26953125,79.70999908447266,95.98999786376952,108.63999938964844,15.81,88.80000305175781,65.4000015258789,31.90999984741211,24.989999771118164,93.13999938964844,744.780029296875,712.5999755859375,297.5799865722656
2026-07-05T10:30:20,4187.2998046875,378.1300048828125,94.12000274658205,85.51000213623047,108.33000183105467,81.94000244140625,91.44000244140624,28.34000015258789,1.1440337896347046,161.33700561523438,6.779200077056885,68.77999877929688,6.223999977111816,26.56999969482422,7557.0,29901.75,3023.5,62654.96875,79.70999908447266,95.98999786376952,108.63999938964844,15.81,88.80000305175781,65.4000015258789,31.90999984741211,24.989999771118164,93.13999938964844,744.780029296875,712.5999755859375,297.5799865722656
2026-07-05T10:45:50,4187.2998046875,378.1300048828125,94.12000274658205,85.51000213623047,108.33000183105467,81.94000244140625,91.44000244140624,28.34000015258789,1.1440337896347046,161.33700561523438,6.779200077056885,68.77999877929688,6.223999977111816,26.56999969482422,7557.0,29901.75,3023.5,62678.0,79.70999908447266,95.98999786376952,108.63999938964844,15.81,88.80000305175781,65.4000015258789,31.90999984741211,24.989999771118164,93.13999938964844,744.780029296875,712.5999755859375,297.5799865722656
2026-07-05T11:00:21,4187.2998046875,378.1300048828125,94.12000274658205,85.51000213623047,108.33000183105467,81.94000244140625,91.44000244140624,28.34000015258789,1.1440337896347046,161.33700561523438,6.779200077056885,68.77999877929688,6.223999977111816,26.56999969482422,7557.0,29901.75,3023.5,62747.51953125,79.70999908447266,95.98999786376952,108.63999938964844,15.81,88.80000305175781,65.4000015258789,31.90999984741211,24.989999771118164,93.13999938964844,744.780029296875,712.5999755859375,297.5799865722656
2026-07-05T11:15:53,4187.2998046875,378.1300048828125,94.12000274658205,85.51000213623047,108.33000183105467,81.94000244140625,91.44000244140624,28.34000015258789,1.1440337896347046,161.33700561523438,6.779200077056885,68.77999877929688,6.223999977111816,26.56999969482422,7557.0,29901.75,3023.5,62730.3515625,79.70999908447266,95.98999786376952,108.63999938964844,15.81,88.80000305175781,65.4000015258789,31.90999984741211,24.989999771118164,93.13999938964844,744.780029296875,712.5999755859375,297.5799865722656
2026-07-05T11:30:21,4187.2998046875,378.1300048828125,94.12000274658205,85.51000213623047,108.33000183105467,81.94000244140625,91.44000244140624,28.34000015258789,1.1440337896347046,161.33700561523438,6.779200077056885,68.77999877929688,6.223999977111816,26.56999969482422,7557.0,29901.75,3023.5,62718.609375,79.70999908447266,95.98999786376952,108.63999938964844,15.81,88.80000305175781,65.4000015258789,31.90999984741211,24.989999771118164,93.13999938964844,744.780029296875,712.5999755859375,297.5799865722656
2026-07-05T11:46:02,4187.2998046875,378.1300048828125,94.12000274658205,85.51000213623047,108.33000183105467,81.94000244140625,91.44000244140624,28.34000015258789,1.1440337896347046,161.33700561523438,6.779200077056885,68.77999877929688,6.223999977111816,26.56999969482422,7557.0,29901.75,3023.5,62653.359375,79.70999908447266,95.98999786376952,108.63999938964844,15.81,88.80000305175781,65.4000015258789,31.90999984741211,24.989999771118164,93.13999938964844,744.780029296875,712.5999755859375,297.5799865722656
2026-07-05T12:06:31,4187.2998046875,378.1300048828125,94.12000274658205,85.51000213623047,108.33000183105467,81.94000244140625,91.44000244140624,28.34000015258789,1.1440337896347046,161.33700561523438,6.770199775695801,68.77999877929688,6.223999977111816,26.56999969482422,7557.0,29901.75,3023.5,62685.44921875,79.70999908447266,95.98999786376952,108.63999938964844,15.81,88.80000305175781,65.4000015258789,31.90999984741211,24.989999771118164,93.13999938964844,744.780029296875,712.5999755859375,297.5799865722656
2026-07-05T12:15:16,4187.2998046875,378.1300048828125,94.12000274658205,85.51000213623047,108.33000183105467,81.94000244140625,91.44000244140624,28.34000015258789,1.1440337896347046,161.33700561523438,6.770199775695801,68.77999877929688,6.223999977111816,26.56999969482422,7557.0,29901.75,3023.5,62646.80078125,79.70999908447266,95.98999786376952,108.63999938964844,15.81,88.80000305175781,65.4000015258789,31.90999984741211,24.989999771118164,93.13999938964844,744.780029296875,712.5999755859375,297.5799865722656
2026-07-05T12:30:46,4187.2998046875,378.1300048828125,94.12000274658205,85.51000213623047,108.33000183105467,81.94000244140625,91.44000244140624,28.34000015258789,1.1440337896347046,161.33700561523438,6.770199775695801,68.77999877929688,6.223999977111816,26.56999969482422,7557.0,29901.75,3023.5,62564.30859375,79.70999908447266,95.98999786376952,108.63999938964844,15.81,88.80000305175781,65.4000015258789,31.90999984741211,24.989999771118164,93.13999938964844,744.780029296875,712.5999755859375,297.5799865722656
2026-07-05T12:45:15,4187.2998046875,378.1300048828125,94.12000274658205,85.51000213623047,108.33000183105467,81.94000244140625,91.44000244140624,28.34000015258789,1.1440337896347046,161.33700561523438,6.770199775695801,68.77999877929688,6.223999977111816,26.56999969482422,7557.0,29901.75,3023.5,62580.51953125,79.70999908447266,95.98999786376952,108.63999938964844,15.81,88.80000305175781,65.4000015258789,31.90999984741211,24.989999771118164,93.13999938964844,744.780029296875,712.5999755859375,297.5799865722656
2026-07-05T13:00:43,4187.2998046875,378.1300048828125,94.12000274658205,85.51000213623047,108.33000183105467,81.94000244140625,91.44000244140624,28.34000015258789,1.1440337896347046,161.33700561523438,6.770199775695801,68.77999877929688,6.223999977111816,26.56999969482422,7557.0,29901.75,3023.5,62605.53125,79.70999908447266,95.98999786376952,108.63999938964844,15.81,88.80000305175781,65.4000015258789,31.90999984741211,24.989999771118164,93.13999938964844,744.780029296875,712.5999755859375,297.5799865722656
2026-07-05T13:15:10,4187.2998046875,378.1300048828125,94.12000274658205,85.51000213623047,108.33000183105467,81.94000244140625,91.44000244140624,28.34000015258789,1.1440337896347046,161.33700561523438,6.770199775695801,68.77999877929688,6.223999977111816,26.56999969482422,7557.0,29901.75,3023.5,62666.0,79.70999908447266,95.98999786376952,108.63999938964844,15.81,88.80000305175781,65.4000015258789,31.90999984741211,24.989999771118164,93.13999938964844,744.780029296875,712.5999755859375,297.5799865722656
2026-07-05T13:30:39,4125.7001953125,378.1300048828125,94.12000274658205,85.51000213623047,108.33000183105467,81.94000244140625,91.44000244140624,28.34000015258789,1.1440337896347046,161.33700561523438,6.770199775695801,68.77999877929688,6.169000148773193,26.56999969482422,7528.25,29556.0,3014.199951171875,62640.58984375,79.70999908447266,95.98999786376952,108.63999938964844,15.81,88.80000305175781,65.4000015258789,31.90999984741211,24.989999771118164,93.13999938964844,744.780029296875,712.5999755859375,297.5799865722656
2026-07-05T13:45:08,4187.2998046875,378.1300048828125,94.12000274658205,85.51000213623047,108.33000183105467,81.94000244140625,91.44000244140624,28.34000015258789,1.1440337896347046,161.33700561523438,6.770199775695801,68.77999877929688,6.223999977111816,26.56999969482422,7557.0,29901.75,3023.5,62559.33984375,79.70999908447266,95.98999786376952,108.63999938964844,15.81,88.80000305175781,65.4000015258789,31.90999984741211,24.989999771118164,93.13999938964844,744.780029296875,712.5999755859375,297.5799865722656
2026-07-05T14:00:41,4187.2998046875,378.1300048828125,94.12000274658205,85.51000213623047,108.33000183105467,81.94000244140625,91.44000244140624,28.34000015258789,1.1440337896347046,161.33700561523438,6.779200077056885,68.77999877929688,6.223999977111816,26.56999969482422,7557.0,29901.75,3023.5,62582.51171875,79.70999908447266,95.98999786376952,108.63999938964844,15.81,88.80000305175781,65.4000015258789,31.90999984741211,24.989999771118164,93.13999938964844,744.780029296875,712.5999755859375,297.5799865722656
2026-07-05T14:15:12,4187.2998046875,378.1300048828125,94.12000274658205,85.51000213623047,108.33000183105467,81.94000244140625,91.44000244140624,28.34000015258789,1.1440337896347046,161.33700561523438,6.779200077056885,68.77999877929688,6.223999977111816,26.56999969482422,7557.0,29901.75,3023.5,62606.5390625,79.70999908447266,95.98999786376952,108.63999938964844,15.81,88.80000305175781,65.4000015258789,31.90999984741211,24.989999771118164,93.13999938964844,744.780029296875,712.5999755859375,297.5799865722656
2026-07-05T14:30:40,4187.2998046875,378.1300048828125,94.12000274658205,85.51000213623047,108.33000183105467,81.94000244140625,91.44000244140624,28.34000015258789,1.1440337896347046,161.33700561523438,6.779200077056885,68.77999877929688,6.223999977111816,26.56999969482422,7557.0,29901.75,3023.5,62639.05078125,79.70999908447266,95.98999786376952,108.63999938964844,15.81,88.80000305175781,65.4000015258789,31.90999984741211,24.989999771118164,93.13999938964844,744.780029296875,712.5999755859375,297.5799865722656
2026-07-05T14:45:12,4187.2998046875,378.1300048828125,94.12000274658205,85.51000213623047,108.33000183105467,81.94000244140625,91.44000244140624,28.34000015258789,1.1440337896347046,161.33700561523438,6.779200077056885,68.77999877929688,6.223999977111816,26.56999969482422,7557.0,29901.75,3023.5,62702.6484375,79.70999908447266,95.98999786376952,108.63999938964844,15.81,88.80000305175781,65.4000015258789,31.90999984741211,24.989999771118164,93.13999938964844,744.780029296875,712.5999755859375,297.5799865722656
2026-07-05T15:03:41,4187.2998046875,378.1300048828125,94.12000274658205,85.51000213623047,108.33000183105467,81.94000244140625,91.44000244140624,28.34000015258789,1.1440337896347046,161.33700561523438,6.779200077056885,68.77999877929688,6.223999977111816,26.56999969482422,7557.0,29901.75,3023.5,62783.671875,79.70999908447266,95.98999786376952,108.63999938964844,15.81,88.80000305175781,65.4000015258789,31.90999984741211,24.989999771118164,93.13999938964844,744.780029296875,712.5999755859375,297.5799865722656
2026-07-05T15:15:12,4187.2998046875,378.1300048828125,94.12000274658205,85.51000213623047,108.33000183105467,81.94000244140625,91.44000244140624,28.34000015258789,1.1440337896347046,161.33700561523438,6.779200077056885,68.77999877929688,6.223999977111816,26.56999969482422,7557.0,29901.75,3023.5,62804.26953125,79.70999908447266,95.98999786376952,108.63999938964844,15.81,88.80000305175781,65.4000015258789,31.90999984741211,24.989999771118164,93.13999938964844,744.780029296875,712.5999755859375,297.5799865722656
2026-07-05T15:30:40,4187.2998046875,378.1300048828125,94.12000274658205,85.51000213623047,108.33000183105467,81.94000244140625,91.44000244140624,28.34000015258789,1.143379807472229,161.33700561523438,6.779200077056885,68.77999877929688,6.223999977111816,26.56999969482422,7557.0,29901.75,3023.5,62720.55078125,79.70999908447266,95.98999786376952,108.63999938964844,15.81,88.80000305175781,65.4000015258789,31.90999984741211,24.989999771118164,93.13999938964844,744.780029296875,712.5999755859375,297.5799865722656
2026-07-05T15:45:09,4187.2998046875,378.1300048828125,94.12000274658205,85.51000213623047,108.33000183105467,81.94000244140625,91.44000244140624,28.34000015258789,1.143379807472229,161.33700561523438,6.779200077056885,68.77999877929688,6.223999977111816,26.56999969482422,7557.0,29901.75,3023.5,62748.3203125,79.70999908447266,95.98999786376952,108.63999938964844,15.81,88.80000305175781,65.4000015258789,31.90999984741211,24.989999771118164,93.13999938964844,744.780029296875,712.5999755859375,297.5799865722656
2026-07-05T16:00:45,4187.2998046875,378.1300048828125,94.12000274658205,85.51000213623047,108.33000183105467,81.94000244140625,91.44000244140624,28.34000015258789,1.143379807472229,161.32899475097656,6.779200077056885,68.77999877929688,6.223999977111816,26.56999969482422,7557.0,29901.75,3023.5,62730.3515625,79.70999908447266,95.98999786376952,108.63999938964844,15.81,88.80000305175781,65.4000015258789,31.90999984741211,24.989999771118164,93.13999938964844,744.780029296875,712.5999755859375,297.5799865722656
2026-07-05T16:15:13,4187.2998046875,378.1300048828125,94.12000274658205,85.51000213623047,108.33000183105467,81.94000244140625,91.44000244140624,28.34000015258789,1.143379807472229,161.32899475097656,6.779200077056885,68.77999877929688,6.223999977111816,26.56999969482422,7557.0,29901.75,3023.5,62760.48046875,79.70999908447266,95.98999786376952,108.63999938964844,15.81,88.80000305175781,65.4000015258789,31.90999984741211,24.989999771118164,93.13999938964844,744.780029296875,712.5999755859375,297.5799865722656
2026-07-05T16:30:47,4187.2998046875,378.1300048828125,94.12000274658205,85.51000213623047,108.33000183105467,81.94000244140625,91.44000244140624,28.34000015258789,1.143379807472229,161.2689971923828,6.779200077056885,68.77999877929688,6.223999977111816,26.56999969482422,7557.0,29901.75,3023.5,62669.6796875,79.70999908447266,95.98999786376952,108.63999938964844,15.81,88.80000305175781,65.4000015258789,31.90999984741211,24.989999771118164,93.13999938964844,744.780029296875,712.5999755859375,297.5799865722656
2026-07-05T16:45:15,4187.2998046875,378.1300048828125,94.12000274658205,85.51000213623047,108.33000183105467,81.94000244140625,91.44000244140624,28.34000015258789,1.143379807472229,161.2689971923828,6.779200077056885,68.77999877929688,6.223999977111816,26.56999969482422,7557.0,29901.75,3023.5,62694.51171875,79.70999908447266,95.98999786376952,108.63999938964844,15.81,88.80000305175781,65.4000015258789,31.90999984741211,24.989999771118164,93.13999938964844,744.780029296875,712.5999755859375,297.5799865722656
2026-07-05T17:00:47,4187.2998046875,378.1300048828125,94.12000274658205,85.51000213623047,108.33000183105467,81.94000244140625,91.44000244140624,28.34000015258789,1.143379807472229,161.2689971923828,6.779200077056885,68.77999877929688,6.223999977111816,26.56999969482422,7557.0,29901.75,3023.5,62653.359375,79.70999908447266,95.98999786376952,108.63999938964844,15.81,88.80000305175781,65.4000015258789,31.90999984741211,24.989999771118164,93.13999938964844,744.780029296875,712.5999755859375,297.5799865722656
2026-07-05T17:15:15,4187.2998046875,378.1300048828125,94.12000274658205,85.51000213623047,108.33000183105467,81.94000244140625,91.44000244140624,28.34000015258789,1.1440337896347046,161.27200317382812,6.779200077056885,68.77999877929688,6.223999977111816,26.56999969482422,7557.0,29901.75,3023.5,62667.53125,79.70999908447266,95.98999786376952,108.63999938964844,15.81,88.80000305175781,65.4000015258789,31.90999984741211,24.989999771118164,93.13999938964844,744.780029296875,712.5999755859375,297.5799865722656
2026-07-05T17:30:43,4187.2998046875,378.1300048828125,94.12000274658205,85.51000213623047,108.33000183105467,81.94000244140625,91.44000244140624,28.34000015258789,1.1440337896347046,161.2790069580078,6.779200077056885,68.77999877929688,6.223999977111816,26.56999969482422,7557.0,29901.75,3023.5,62958.5703125,79.70999908447266,95.98999786376952,108.63999938964844,15.81,88.80000305175781,65.4000015258789,31.90999984741211,24.989999771118164,93.13999938964844,744.780029296875,712.5999755859375,297.5799865722656
2026-07-05T17:47:21,4187.2998046875,378.1300048828125,94.12000274658205,85.51000213623047,108.33000183105467,81.94000244140625,91.44000244140624,28.34000015258789,1.1439030170440674,161.2760009765625,6.770199775695801,68.77999877929688,6.223999977111816,26.56999969482422,7557.0,29901.75,3023.5,62936.30078125,79.70999908447266,95.98999786376952,108.63999938964844,15.81,88.80000305175781,65.4000015258789,31.90999984741211,24.989999771118164,93.13999938964844,744.780029296875,712.5999755859375,297.5799865722656
2026-07-05T18:03:54,4187.2998046875,378.1300048828125,94.12000274658205,85.51000213623047,108.33000183105467,81.94000244140625,91.44000244140624,28.34000015258789,1.1440337896347046,161.3459930419922,6.770199775695801,68.77999877929688,6.223999977111816,26.56999969482422,7557.0,29901.75,3023.5,63043.44140625,79.70999908447266,95.98999786376952,108.63999938964844,15.81,88.80000305175781,65.4000015258789,31.90999984741211,24.989999771118164,93.13999938964844,744.780029296875,712.5999755859375,297.5799865722656
2026-07-05T18:15:24,4192.0,378.1300048828125,94.12000274658205,85.51000213623047,108.33000183105467,81.94000244140625,91.44000244140624,28.34000015258789,1.1439030170440674,161.4010009765625,6.770199775695801,68.51000213623047,6.222499847412109,26.56999969482422,7553.75,29872.0,3014.10009765625,63149.19921875,79.70999908447266,95.98999786376952,108.63999938964844,15.81,88.80000305175781,65.4000015258789,31.90999984741211,24.989999771118164,93.13999938964844,744.780029296875,712.5999755859375,297.5799865722656
2026-07-05T18:30:51,4190.2998046875,378.1300048828125,94.12000274658205,85.51000213623047,108.33000183105467,81.94000244140625,91.44000244140624,28.34000015258789,1.1439030170440674,161.41000366210938,6.779200077056885,68.37999725341797,6.227499961853027,26.56999969482422,7560.5,29929.5,3018.0,63741.44140625,79.70999908447266,95.98999786376952,108.63999938964844,15.81,88.80000305175781,65.4000015258789,31.90999984741211,24.989999771118164,93.13999938964844,744.780029296875,712.5999755859375,297.5799865722656
2026-07-05T18:45:22,4197.89990234375,378.1300048828125,94.12000274658205,85.51000213623047,108.33000183105467,81.94000244140625,91.44000244140624,28.34000015258789,1.144164800643921,161.4149932861328,6.779200077056885,68.41000366210938,6.230999946594238,26.56999969482422,7564.5,29950.75,3022.199951171875,63538.55078125,79.70999908447266,95.98999786376952,108.63999938964844,15.81,88.80000305175781,65.4000015258789,31.90999984741211,24.989999771118164,93.13999938964844,744.780029296875,712.5999755859375,297.5799865722656
2026-07-05T19:00:50,4195.5,378.1300048828125,94.12000274658205,85.51000213623047,108.33000183105467,81.94000244140625,91.44000244140624,28.34000015258789,1.1440337896347046,161.41400146484375,6.779200077056885,68.33999633789062,6.238999843597412,26.56999969482422,7566.5,29966.25,3022.5,63661.98828125,79.70999908447266,95.98999786376952,108.63999938964844,15.81,88.80000305175781,65.4000015258789,31.90999984741211,24.989999771118164,93.13999938964844,744.780029296875,712.5999755859375,297.5799865722656
2026-07-05T19:15:23,4201.5,378.1300048828125,94.12000274658205,85.51000213623047,108.33000183105467,81.94000244140625,91.44000244140624,28.34000015258789,1.1437721252441406,161.46400451660156,6.770199775695801,68.37999725341797,6.234499931335449,26.56999969482422,7563.5,29952.75,3021.89990234375,63839.16015625,79.70999908447266,95.98999786376952,108.63999938964844,15.81,88.80000305175781,65.4000015258789,31.90999984741211,24.989999771118164,93.13999938964844,744.780029296875,712.5999755859375,297.5799865722656
2026-07-05T19:30:52,4200.89990234375,378.1300048828125,94.12000274658205,85.51000213623047,108.33000183105467,81.94000244140625,91.44000244140624,28.34000015258789,1.1439030170440674,161.46200561523438,6.770199775695801,68.30000305175781,6.237500190734863,26.56999969482422,7567.25,29986.25,3023.10009765625,63630.76171875,79.70999908447266,95.98999786376952,108.63999938964844,15.81,88.80000305175781,65.4000015258789,31.90999984741211,24.989999771118164,93.13999938964844,744.780029296875,712.5999755859375,297.5799865722656
2026-07-05T19:45:21,4206.7001953125,378.1300048828125,94.12000274658205,85.51000213623047,108.33000183105467,81.94000244140625,91.44000244140624,28.34000015258789,1.1440337896347046,161.447998046875,6.770199775695801,68.27999877929688,6.240499973297119,26.56999969482422,7567.5,30001.5,3023.5,63592.76953125,79.70999908447266,95.98999786376952,108.63999938964844,15.81,88.80000305175781,65.4000015258789,31.90999984741211,24.989999771118164,93.13999938964844,744.780029296875,712.5999755859375,297.5799865722656
2026-07-05T20:03:51,4194.7001953125,378.1300048828125,94.12000274658205,85.51000213623047,108.33000183105467,81.94000244140625,91.44000244140624,28.34000015258789,1.1439030170440674,161.49000549316406,6.770199775695801,68.23999786376953,6.236000061035156,26.56999969482422,7568.5,29997.75,3023.800048828125,63577.3515625,79.70999908447266,95.98999786376952,108.63999938964844,15.81,88.80000305175781,65.4000015258789,31.90999984741211,24.989999771118164,93.13999938964844,744.780029296875,712.5999755859375,297.5799865722656
2026-07-05T20:15:18,4189.89990234375,378.1300048828125,94.12000274658205,85.51000213623047,108.33000183105467,81.94000244140625,91.44000244140624,28.34000015258789,1.1440337896347046,161.53199768066406,6.770199775695801,68.33999633789062,6.235000133514404,26.56999969482422,7566.25,29943.25,3021.60009765625,63578.19140625,79.70999908447266,95.98999786376952,108.63999938964844,15.81,88.80000305175781,65.4000015258789,31.90999984741211,24.989999771118164,93.13999938964844,744.780029296875,712.5999755859375,297.5799865722656
2026-07-05T20:30:46,4190.60009765625,378.1300048828125,94.12000274658205,85.51000213623047,108.33000183105467,81.94000244140625,91.44000244140624,28.34000015258789,1.144426703453064,161.48399353027344,6.770199775695801,68.54000091552734,6.242000102996826,26.56999969482422,7568.5,29978.75,3023.10009765625,63376.4609375,79.70999908447266,95.98999786376952,108.63999938964844,15.81,88.80000305175781,65.4000015258789,31.90999984741211,24.989999771118164,93.13999938964844,744.780029296875,712.5999755859375,297.5799865722656
2026-07-05T20:45:16,4193.0,378.1300048828125,94.12000274658205,85.51000213623047,108.33000183105467,81.94000244140625,91.44000244140624,28.34000015258789,1.144426703453064,161.52000427246094,6.770199775695801,68.33999633789062,6.244999885559082,26.56999969482422,7561.5,29897.25,3019.0,63588.73046875,79.70999908447266,95.98999786376952,108.63999938964844,15.81,88.80000305175781,65.4000015258789,31.90999984741211,24.989999771118164,93.13999938964844,744.780029296875,712.5999755859375,297.5799865722656
2026-07-05T21:12:25,4193.2001953125,378.1300048828125,94.12000274658205,85.51000213623047,108.33000183105467,81.94000244140625,91.44000244140624,28.34000015258789,1.144164800643921,161.57400512695312,6.770199775695801,68.27999877929688,6.242000102996826,26.56999969482422,7563.75,29907.0,3020.60009765625,63724.0,79.70999908447266,95.98999786376952,108.63999938964844,15.81,88.80000305175781,65.4000015258789,31.90999984741211,24.989999771118164,93.13999938964844,744.780029296875,712.5999755859375,297.5799865722656
2026-07-05T21:33:06,4193.2998046875,378.1300048828125,94.12000274658205,85.51000213623047,108.33000183105467,81.94000244140625,91.44000244140624,28.34000015258789,1.1436413526535034,161.72999572753906,6.7829999923706055,68.68000030517578,6.252500057220459,26.56999969482422,7560.75,29857.0,3019.0,63740.62890625,79.70999908447266,95.98999786376952,108.63999938964844,15.81,88.80000305175781,65.4000015258789,31.90999984741211,24.989999771118164,93.13999938964844,744.780029296875,712.5999755859375,297.5799865722656
2026-07-05T21:47:58,4212.0,378.1300048828125,94.12000274658205,85.51000213623047,108.33000183105467,81.94000244140625,91.44000244140624,28.34000015258789,1.1436413526535034,161.70399475097656,6.784599781036377,68.44000244140625,6.25,26.56999969482422,7559.25,29832.5,3018.800048828125,63577.62890625,79.70999908447266,95.98999786376952,108.63999938964844,15.81,88.80000305175781,65.4000015258789,31.90999984741211,24.989999771118164,93.13999938964844,744.780029296875,712.5999755859375,297.5799865722656
2026-07-05T22:05:46,4205.10009765625,378.1300048828125,94.12000274658205,85.51000213623047,108.33000183105467,81.94000244140625,91.44000244140624,28.34000015258789,1.143118381500244,161.78900146484375,6.786200046539307,68.8499984741211,6.246500015258789,26.56999969482422,7552.75,29773.0,3015.10009765625,63525.5390625,79.70999908447266,95.98999786376952,108.63999938964844,15.81,88.80000305175781,65.4000015258789,31.90999984741211,24.989999771118164,93.13999938964844,744.780029296875,712.5999755859375,297.5799865722656
2026-07-05T22:17:38,4191.10009765625,378.1300048828125,94.12000274658205,85.51000213623047,108.33000183105467,81.94000244140625,91.44000244140624,28.34000015258789,1.1432491540908811,161.82200622558594,6.786300182342529,69.11000061035156,6.23799991607666,26.56999969482422,7552.25,29790.5,3014.10009765625,63390.03125,79.70999908447266,95.98999786376952,108.63999938964844,15.81,88.80000305175781,65.4000015258789,31.90999984741211,24.989999771118164,93.13999938964844,744.780029296875,712.5999755859375,297.5799865722656
2026-07-05T22:35:48,4191.7998046875,378.1300048828125,94.12000274658205,85.51000213623047,108.33000183105467,81.94000244140625,91.44000244140624,28.34000015258789,1.143379807472229,161.8040008544922,6.786900043487549,69.05999755859375,6.234499931335449,26.56999969482422,7550.0,29767.25,3013.39990234375,63456.19921875,79.70999908447266,95.98999786376952,108.63999938964844,15.81,88.80000305175781,65.4000015258789,31.90999984741211,24.989999771118164,93.13999938964844,744.780029296875,712.5999755859375,297.5799865722656
2026-07-05T22:47:35,4185.7998046875,378.1300048828125,94.12000274658205,85.51000213623047,108.33000183105467,81.94000244140625,91.44000244140624,28.34000015258789,1.1435105800628662,161.7969970703125,6.786099910736084,68.94000244140625,6.21999979019165,26.56999969482422,7544.5,29734.5,3010.199951171875,63390.08984375,79.70999908447266,95.98999786376952,108.63999938964844,15.81,88.80000305175781,65.4000015258789,31.90999984741211,24.989999771118164,93.13999938964844,744.780029296875,712.5999755859375,297.5799865722656
2026-07-05T23:02:31,4187.39990234375,378.1300048828125,94.12000274658205,85.51000213623047,108.33000183105467,81.94000244140625,91.44000244140624,28.34000015258789,1.1437721252441406,161.76300048828125,6.786200046539307,68.66000366210938,6.214499950408936,26.56999969482422,7542.5,29698.25,3009.39990234375,63407.828125,79.70999908447266,95.98999786376952,108.63999938964844,15.81,88.80000305175781,65.4000015258789,31.90999984741211,24.989999771118164,93.13999938964844,744.780029296875,712.5999755859375,297.5799865722656
2026-07-05T23:18:24,4178.60009765625,378.1300048828125,94.12000274658205,85.51000213623047,108.33000183105467,81.94000244140625,91.44000244140624,28.34000015258789,1.1436413526535034,161.80099487304688,6.786900043487549,68.58000183105469,6.221499919891357,26.56999969482422,7545.0,29755.25,3009.300048828125,63342.12890625,79.70999908447266,95.98999786376952,108.63999938964844,15.81,88.80000305175781,65.4000015258789,31.90999984741211,24.989999771118164,93.13999938964844,744.780029296875,712.5999755859375,297.5799865722656
2026-07-05T23:46:06,4180.39990234375,378.1300048828125,94.12000274658205,85.51000213623047,108.33000183105467,81.94000244140625,91.44000244140624,28.34000015258789,1.1435105800628662,161.79400634765625,6.788700103759766,68.43000030517578,6.213500022888184,26.56999969482422,7547.25,29798.75,3010.5,63188.30859375,79.70999908447266,95.98999786376952,108.63999938964844,15.81,88.80000305175781,65.4000015258789,31.90999984741211,24.989999771118164,93.13999938964844,744.780029296875,712.5999755859375,297.5799865722656
2026-07-06T00:00:35,4175.5,378.1300048828125,94.12000274658205,85.51000213623047,108.33000183105467,81.94000244140625,91.44000244140624,28.34000015258789,1.1435105800628662,161.8300018310547,6.787799835205078,68.43,6.214,26.56999969482422,7541.75,29735.75,3007.9,63235.51171875,79.70999908447266,95.98999786376952,108.63999938964844,15.81,88.80000305175781,65.4000015258789,31.90999984741211,24.989999771118164,93.13999938964844,744.780029296875,712.5999755859375,297.5799865722656
2026-07-06T00:16:04,4174.2001953125,378.1300048828125,94.12000274658205,85.51000213623047,108.33000183105467,81.94000244140625,91.44000244140624,28.34000015258789,1.1436413526535034,161.8159942626953,6.788000106811523,68.44999694824219,6.20550012588501,26.56999969482422,7542.25,29732.75,3009.10009765625,63251.33984375,79.70999908447266,95.98999786376952,108.63999938964844,15.81,88.80000305175781,65.4000015258789,31.90999984741211,24.989999771118164,93.13999938964844,744.780029296875,712.5999755859375,297.5799865722656
2026-07-06T00:30:39,4175.10009765625,378.1300048828125,94.12000274658205,85.51000213623047,108.33000183105467,81.94000244140625,91.44000244140624,28.34000015258789,1.1435105800628662,161.84500122070312,6.787199974060059,68.5999984741211,6.223999977111816,26.56999969482422,7547.0,29790.75,3011.89990234375,63170.80859375,79.70999908447266,95.98999786376952,108.63999938964844,15.81,88.80000305175781,65.4000015258789,31.90999984741211,24.989999771118164,93.13999938964844,744.780029296875,712.5999755859375,297.5799865722656
2026-07-06T00:45:09,4171.7998046875,378.1300048828125,94.12000274658205,85.51000213623047,108.33000183105467,81.94000244140625,91.44000244140624,28.34000015258789,1.1436413526535034,161.9080047607422,6.787399768829346,68.58000183105469,6.2104997634887695,26.56999969482422,7547.25,29792.25,3013.10009765625,63236.7890625,79.70999908447266,95.98999786376952,108.63999938964844,15.81,88.80000305175781,65.4000015258789,31.90999984741211,24.989999771118164,93.13999938964844,744.780029296875,712.5999755859375,297.5799865722656
2026-07-06T01:01:06,4172.7001953125,378.1300048828125,94.12000274658205,85.51000213623047,108.33000183105467,81.94000244140625,91.44000244140624,28.34000015258789,1.1435105800628662,161.91299438476562,6.787399768829346,68.56999969482422,6.21150016784668,26.56999969482422,7550.5,29818.25,3015.10009765625,63183.46875,79.70999908447266,95.98999786376952,108.63999938964844,15.81,88.80000305175781,65.4000015258789,31.90999984741211,24.989999771118164,93.13999938964844,744.780029296875,712.5999755859375,297.5799865722656
2026-07-06T01:15:08,4164.7998046875,378.1300048828125,94.12000274658205,85.51000213623047,108.33000183105467,81.94000244140625,91.44000244140624,28.34000015258789,1.143379807472229,161.95399475097656,6.787499904632568,68.72000122070312,6.223999977111816,26.56999969482422,7549.5,29800.25,3014.5,63124.66015625,79.70999908447266,95.98999786376952,108.63999938964844,15.81,88.80000305175781,65.4000015258789,31.90999984741211,24.989999771118164,93.13999938964844,744.780029296875,712.5999755859375,297.5799865722656
2026-07-06T01:33:23,4162.7998046875,378.1300048828125,94.12000274658205,85.51000213623047,108.33000183105467,81.94000244140625,91.44000244140624,28.34000015258789,1.143379807472229,161.94400024414062,6.787099838256836,68.68000030517578,6.213500022888184,26.56999969482422,7550.5,29787.5,3014.199951171875,62945.9609375,79.70999908447266,95.98999786376952,108.63999938964844,15.81,88.80000305175781,65.4000015258789,31.90999984741211,24.989999771118164,93.13999938964844,744.780029296875,712.5999755859375,297.5799865722656
2026-07-06T01:48:26,4168.7998046875,378.1300048828125,94.12000274658205,85.51000213623047,108.33000183105467,81.94000244140625,91.44000244140624,28.34000015258789,1.1435105800628662,161.9510040283203,6.787099838256836,68.69999694824219,6.2204999923706055,26.56999969482422,7548.25,29778.5,3014.300048828125,63022.9609375,79.70999908447266,95.98999786376952,108.63999938964844,15.81,88.80000305175781,65.4000015258789,31.90999984741211,24.989999771118164,93.13999938964844,744.780029296875,712.5999755859375,297.5799865722656
2026-07-06T02:04:20,4168.2001953125,378.1300048828125,94.12000274658205,85.51000213623047,108.33000183105467,81.94000244140625,91.44000244140624,28.34000015258789,1.142987847328186,162.08999633789062,6.787499904632568,68.8499984741211,6.225500106811523,26.56999969482422,7552.0,29797.5,3015.60009765625,63038.359375,79.70999908447266,95.98999786376952,108.63999938964844,15.81,88.80000305175781,65.4000015258789,31.90999984741211,24.989999771118164,93.13999938964844,744.780029296875,712.5999755859375,297.5799865722656
2026-07-06T02:17:52,4160.39990234375,378.1300048828125,94.12000274658205,85.51000213623047,108.33000183105467,81.94000244140625,91.44000244140624,28.34000015258789,1.1428571939468384,162.1739959716797,6.788300037384033,69.05999755859375,6.21999979019165,26.56999969482422,7549.75,29782.75,3015.5,63040.58984375,79.70999908447266,95.98999786376952,108.63999938964844,15.81,88.80000305175781,65.4000015258789,31.90999984741211,24.989999771118164,93.13999938964844,744.780029296875,712.5999755859375,297.5799865722656
2026-07-06T02:32:22,4162.2001953125,378.1300048828125,94.12000274658205,85.51000213623047,108.33000183105467,81.94000244140625,91.44000244140624,28.34000015258789,1.1425960063934326,162.16700744628906,6.7891998291015625,69.05000305175781,6.218500137329102,26.56999969482422,7548.0,29768.0,3014.10009765625,62960.1484375,79.70999908447266,95.98999786376952,108.63999938964844,15.81,88.80000305175781,65.4000015258789,31.90999984741211,24.989999771118164,93.13999938964844,744.780029296875,712.5999755859375,297.5799865722656
2026-07-06T02:46:31,4169.7998046875,378.1300048828125,94.12000274658205,85.51000213623047,108.33000183105467,81.94000244140625,91.44000244140624,28.34000015258789,1.1428571939468384,162.1269989013672,6.7891998291015625,68.86000061035156,6.2220001220703125,26.56999969482422,7553.25,29828.75,3016.39990234375,62989.640625,79.70999908447266,95.98999786376952,108.63999938964844,15.81,88.80000305175781,65.4000015258789,31.90999984741211,24.989999771118164,93.13999938964844,744.780029296875,712.5999755859375,297.5799865722656
2026-07-06T03:03:32,4165.10009765625,378.1300048828125,94.12000274658205,85.51000213623047,108.33000183105467,81.94000244140625,91.44000244140624,28.34000015258789,1.1423349380493164,162.27000427246094,6.791200160980225,68.72000122070312,6.209499835968018,26.56999969482422,7553.0,29845.25,3016.300048828125,62838.80859375,79.70999908447266,95.98999786376952,108.63999938964844,15.81,88.80000305175781,65.4000015258789,31.90999984741211,24.989999771118164,93.13999938964844,744.780029296875,712.5999755859375,297.5799865722656
2026-07-06T03:15:32,4163.39990234375,378.1300048828125,94.12000274658205,85.51000213623047,108.33000183105467,81.94000244140625,91.44000244140624,28.34000015258789,1.142987847328186,162.23599243164062,6.792300224304199,68.47000122070312,6.232999801635742,26.56999969482422,7557.75,29857.75,3019.199951171875,62884.359375,79.70999908447266,95.98999786376952,108.63999938964844,15.81,88.80000305175781,65.4000015258789,31.90999984741211,24.989999771118164,93.13999938964844,744.780029296875,712.5999755859375,297.5799865722656
2026-07-06T03:31:37,4165.10009765625,378.1300048828125,94.12000274658205,85.51000213623047,108.33000183105467,81.94000244140625,91.44000244140624,28.34000015258789,1.1427265405654907,162.18800354003906,6.792200088500977,68.4800033569336,6.227000236511231,26.56999969482422,7557.25,29847.0,3019.5,62846.359375,79.70999908447266,95.98999786376952,108.63999938964844,16.3799991607666,88.80000305175781,65.4000015258789,31.90999984741211,24.989999771118164,93.13999938964844,744.780029296875,712.5999755859375,297.5799865722656
2026-07-06T03:45:34,4168.2998046875,378.1300048828125,94.12000274658205,85.51000213623047,108.33000183105467,81.94000244140625,91.44000244140624,28.34000015258789,1.1428571939468384,162.17100524902344,6.7906999588012695,68.47000122070312,6.227000236511231,26.56999969482422,7558.0,29845.25,3018.699951171875,63033.140625,79.70999908447266,95.98999786376952,108.63999938964844,16.389999389648438,88.80000305175781,65.4000015258789,31.90999984741211,24.989999771118164,93.13999938964844,744.780029296875,712.5999755859375,297.5799865722656
2026-07-06T04:02:02,4175.7998046875,378.1300048828125,94.12000274658205,85.51000213623047,108.33000183105467,81.94000244140625,91.44000244140624,28.34000015258789,1.1428571939468384,162.21299743652344,6.7906999588012695,67.91999816894531,6.246500015258789,26.56999969482422,7562.5,29871.5,3022.5,63088.1484375,79.70999908447266,95.98999786376952,108.63999938964844,16.309999465942383,88.80000305175781,65.4000015258789,31.90999984741211,24.989999771118164,93.13999938964844,744.780029296875,712.5999755859375,297.5799865722656
2026-07-06T04:15:32,4172.5,378.1300048828125,94.12000274658203,85.51000213623047,108.33000183105469,81.94000244140625,91.44000244140625,28.34000015258789,1.1423349380493164,162.218994140625,6.791100025177002,67.94999694824219,6.249000072479248,26.56999969482422,7564.75,29869.75,3023.5,62988.44921875,79.70999908447266,95.98999786376953,108.63999938964844,16.270000457763672,88.80000305175781,65.4000015258789,31.90999984741211,24.989999771118164,93.13999938964844,744.780029296875,712.5999755859375,297.5799865722656
